13:51:15.801 [debug] Child {XPLoggerFileBackend, :general_log} of Supervisor Logger.Backends.Supervisor started
Pid: #PID<0.103.0>
Start Call: Logger.Backends.Watcher.start_link({{XPLoggerFileBackend, :general_log}, {XPLoggerFileBackend, :general_log}})
Restart: :transient
Shutdown: 5000
Type: :worker
13:51:15.801 [info] Child Logger.Backends.Supervisor of Supervisor Logger.Backends.Internal started
Pid: #PID<0.102.0>
Start Call: Logger.Backends.Supervisor.start_link([{XPLoggerFileBackend, :general_log}])
Restart: :permanent
Shutdown: :infinity
Type: :supervisor
13:51:15.801 [info] Child Logger.Backends.Internal of Supervisor Logger.Supervisor started
Pid: #PID<0.98.0>
Start Call: Logger.Backends.Internal.start_link([])
Restart: :permanent
Shutdown: :infinity
Type: :supervisor
13:51:15.801 [info] Application logger started at :nonode@nohost
13:51:15.801 [info] Application xp_mime started at :nonode@nohost
13:51:15.801 [info] Application xp_hpax started at :nonode@nohost
13:51:15.801 [info] Application crypto started at :nonode@nohost
13:51:15.801 [info] Application asn1 started at :nonode@nohost
13:51:15.801 [info] Application public_key started at :nonode@nohost
13:51:15.804 [debug] Child :ssl_handler of Supervisor :logger_sup started
Pid: #PID<0.108.0>
Start Call: :logger_olp.start_link(:logger_std_h_ssl_handler, :logger_h_common, %{id: :ssl_handler, module: :logger_std_h, config: %{type: :standard_io, filesync_repeat_interval: :no_repeat}, level: :debug, filters: [], filter_default: :stop, formatter: {:ssl_logger, %{}}}, %{})
Restart: :temporary
Shutdown: 2000
Type: :worker
13:51:15.808 [info] Child :ssl_pem_cache of Supervisor :ssl_admin_sup started
Pid: #PID<0.112.0>
Start Call: :ssl_pem_cache.start_link([])
Restart: :permanent
Shutdown: 4000
Type: :worker
13:51:15.811 [info] Child :ssl_manager of Supervisor :ssl_admin_sup started
Pid: #PID<0.113.0>
Start Call: :ssl_manager.start_link([])
Restart: :permanent
Shutdown: 4000
Type: :worker
13:51:15.812 [info] Child :tls_client_ticket_store of Supervisor :ssl_admin_sup started
Pid: #PID<0.114.0>
Start Call: :tls_client_ticket_store.start_link(1000, 7200)
Restart: :permanent
Shutdown: 4000
Type: :worker
13:51:15.812 [info] Child :ssl_admin_sup of Supervisor :ssl_sup started
Pid: #PID<0.111.0>
Start Call: :ssl_admin_sup.start_link()
Restart: :permanent
Shutdown: 4000
Type: :supervisor
13:51:15.814 [info] Child :tls_connection_sup of Supervisor :tls_sup started
Pid: #PID<0.117.0>
Start Call: :tls_connection_sup.start_link()
Restart: :permanent
Shutdown: 4000
Type: :supervisor
13:51:15.816 [info] Child :ssl_listen_tracker_sup of Supervisor :tls_server_sup started
Pid: #PID<0.119.0>
Start Call: :ssl_listen_tracker_sup.start_link()
Restart: :permanent
Shutdown: 4000
Type: :supervisor
13:51:15.817 [info] Child :tls_server_session_ticket of Supervisor :tls_server_sup started
Pid: #PID<0.120.0>
Start Call: :tls_server_session_ticket_sup.start_link()
Restart: :permanent
Shutdown: 4000
Type: :supervisor
13:51:15.818 [info] Child :ssl_server_session_cache_sup of Supervisor :tls_server_sup started
Pid: #PID<0.121.0>
Start Call: :ssl_server_session_cache_sup.start_link()
Restart: :permanent
Shutdown: 4000
Type: :supervisor
13:51:15.819 [info] Child :ssl_upgrade_server_session_cache_sup of Supervisor :tls_server_sup started
Pid: #PID<0.122.0>
Start Call: :ssl_upgrade_server_session_cache_sup.start_link()
Restart: :permanent
Shutdown: 4000
Type: :supervisor
13:51:15.819 [info] Child :tls_server_sup of Supervisor :tls_sup started
Pid: #PID<0.118.0>
Start Call: :tls_server_sup.start_link()
Restart: :permanent
Shutdown: 4000
Type: :supervisor
13:51:15.819 [info] Child :tls_sup of Supervisor :ssl_connection_sup started
Pid: #PID<0.116.0>
Start Call: :tls_sup.start_link()
Restart: :permanent
Shutdown: 4000
Type: :supervisor
13:51:15.821 [info] Child :dtls_connection_sup of Supervisor :dtls_sup started
Pid: #PID<0.124.0>
Start Call: :dtls_connection_sup.start_link()
Restart: :permanent
Shutdown: 4000
Type: :supervisor
13:51:15.822 [info] Child :dtls_listener_sup of Supervisor :dtls_server_sup started
Pid: #PID<0.126.0>
Start Call: :dtls_listener_sup.start_link()
Restart: :permanent
Shutdown: 4000
Type: :supervisor
13:51:15.823 [info] Child :dtls_server_session_cache_sup of Supervisor :dtls_server_sup started
Pid: #PID<0.127.0>
Start Call: :dtls_server_session_cache_sup.start_link()
Restart: :permanent
Shutdown: 4000
Type: :supervisor
13:51:15.823 [info] Child :dtls_server_sup of Supervisor :dtls_sup started
Pid: #PID<0.125.0>
Start Call: :dtls_server_sup.start_link()
Restart: :permanent
Shutdown: 4000
Type: :supervisor
13:51:15.823 [info] Child :dtls_sup of Supervisor :ssl_connection_sup started
Pid: #PID<0.123.0>
Start Call: :dtls_sup.start_link()
Restart: :permanent
Shutdown: 4000
Type: :supervisor
13:51:15.823 [info] Child :ssl_connection_sup of Supervisor :ssl_sup started
Pid: #PID<0.115.0>
Start Call: :ssl_connection_sup.start_link()
Restart: :permanent
Shutdown: 4000
Type: :supervisor
13:51:15.824 [info] Application ssl started at :nonode@nohost
13:51:15.824 [info] Application xp_mint started at :nonode@nohost
13:51:15.824 [info] Application xp_nimble_options started at :nonode@nohost
13:51:15.828 [info] Child XPNimblePool.TaskSupervisor of Supervisor #PID<0.133.0> (Supervisor.Default) started
Pid: #PID<0.134.0>
Start Call: Task.Supervisor.start_link([name: XPNimblePool.TaskSupervisor])
Restart: :permanent
Shutdown: :infinity
Type: :supervisor
13:51:15.828 [info] Application xp_nimble_pool started at :nonode@nohost
13:51:15.831 [info] Child :telemetry_handler_table of Supervisor :telemetry_sup started
Pid: #PID<0.138.0>
Start Call: :telemetry_handler_table.start_link()
Restart: :permanent
Shutdown: 5000
Type: :worker
13:51:15.831 [info] Application xp_telemetry started at :nonode@nohost
13:51:15.831 [info] Application xp_finch started at :nonode@nohost
13:51:15.852 [info] Child XPReq.Finch.PIDPartition0 of Supervisor XPReq.Finch started
Pid: #PID<0.144.0>
Start Call: Registry.Partition.start_link(XPReq.Finch.PIDPartition0, {:duplicate, XPReq.Finch, 0, 1, XPReq.Finch.KeyPartition0, XPReq.Finch.PIDPartition0, [], false})
Restart: :permanent
Shutdown: 5000
Type: :worker
13:51:15.852 [info] Child XPReq.Finch of Supervisor XPReq.Finch.Supervisor started
Pid: #PID<0.143.0>
Start Call: Registry.start_link([keys: :duplicate, name: XPReq.Finch, meta: [config: %{pools: %{}, registry_name: XPReq.Finch, supervisor_name: XPReq.Finch.PoolSupervisor, manager_name: XPReq.Finch.PoolManager, default_pool_config: %{count: 1, size: 50, mod: XPFinch.HTTP1.Pool, conn_opts: [protocols: [:http1], transport_opts: [keepalive: true, nodelay: true, timeout: 5000], ssl_key_log_file_device: nil], pool_max_idle_time: :infinity, conn_max_idle_time: :infinity, start_pool_metrics?: false}}]])
Restart: :permanent
Shutdown: :infinity
Type: :supervisor
13:51:15.852 [info] Child XPReq.Finch.PoolSupervisor of Supervisor XPReq.Finch.Supervisor started
Pid: #PID<0.145.0>
Start Call: DynamicSupervisor.start_link([name: XPReq.Finch.PoolSupervisor, strategy: :one_for_one])
Restart: :permanent
Shutdown: :infinity
Type: :supervisor
13:51:15.852 [info] Child XPFinch.PoolManager of Supervisor XPReq.Finch.Supervisor started
Pid: #PID<0.146.0>
Start Call: XPFinch.PoolManager.start_link(%{pools: %{}, registry_name: XPReq.Finch, supervisor_name: XPReq.Finch.PoolSupervisor, manager_name: XPReq.Finch.PoolManager, default_pool_config: %{count: 1, size: 50, mod: XPFinch.HTTP1.Pool, conn_opts: [protocols: [:http1], transport_opts: [keepalive: true, nodelay: true, timeout: 5000], ssl_key_log_file_device: nil], pool_max_idle_time: :infinity, conn_max_idle_time: :infinity, start_pool_metrics?: false}})
Restart: :permanent
Shutdown: 5000
Type: :worker
13:51:15.852 [info] Child XPReq.Finch of Supervisor #PID<0.141.0> (Supervisor.Default) started
Pid: #PID<0.142.0>
Start Call: XPFinch.start_link([name: XPReq.Finch, pools: %{default: [protocols: [:http1]]}])
Restart: :permanent
Shutdown: 5000
Type: :worker
13:51:15.852 [info] Child XPReq.FinchSupervisor of Supervisor #PID<0.141.0> (Supervisor.Default) started
Pid: #PID<0.147.0>
Start Call: DynamicSupervisor.start_link([strategy: :one_for_one, name: XPReq.FinchSupervisor])
Restart: :permanent
Shutdown: :infinity
Type: :supervisor
13:51:15.853 [info] Child XPReq.Test.Ownership of Supervisor #PID<0.141.0> (Supervisor.Default) started
Pid: #PID<0.148.0>
Start Call: XPReq.Test.Ownership.start_link([name: XPReq.Test.Ownership])
Restart: :permanent
Shutdown: 5000
Type: :worker
13:51:15.853 [info] Application xp_req started at :nonode@nohost
13:51:15.853 [info] Application burrito started at :nonode@nohost
13:51:15.857 [info] Child XPBriefly.Entry of Supervisor XPBriefly.Supervisor started
Pid: #PID<0.152.0>
Start Call: XPBriefly.Entry.start_link([])
Restart: :permanent
Shutdown: 5000
Type: :worker
13:51:15.857 [info] Application xp_briefly started at :nonode@nohost
13:51:15.857 [info] Application xp_schematic started at :nonode@nohost
13:51:15.857 [info] Application xp_typed_struct started at :nonode@nohost
13:51:15.857 [info] Application xp_gen_lsp started at :nonode@nohost
13:51:15.867 [info] Child XPSnowflake.Generator of Supervisor #PID<0.155.0> (Supervisor.Default) started
Pid: #PID<0.156.0>
Start Call: XPSnowflake.Generator.start_link(0, 1023)
Restart: :permanent
Shutdown: 5000
Type: :worker
13:51:15.867 [info] Application xp_snowflake started at :nonode@nohost
13:51:15.867 [info] Application xp_sourceror started at :nonode@nohost
13:51:15.867 [info] Application xp_spitfire started at :nonode@nohost
13:51:15.867 [info] Application xp_forge started at :nonode@nohost
13:51:15.867 [info] Application xp_logger_file_backend started at :nonode@nohost
13:51:15.871 [info] Child :ttb_autostart of Supervisor :runtime_tools_sup started
Pid: #PID<0.160.0>
Start Call: :ttb_autostart.start_link()
Restart: :temporary
Shutdown: 3000
Type: :worker
13:51:15.871 [info] Application runtime_tools started at :nonode@nohost
13:51:15.871 [info] Application et started at :nonode@nohost
13:51:15.871 [info] Application observer started at :nonode@nohost
13:51:15.872 [info] Application xp_path_glob started at :nonode@nohost
13:51:15.887 [info] Starting NodePortMapper on nonode@nohost
13:51:15.887 [info] Child XPForge.NodePortMapper of Supervisor XPExpert.Supervisor started
Pid: #PID<0.164.0>
Start Call: XPForge.NodePortMapper.start_link([])
Restart: :permanent
Shutdown: 5000
Type: :worker
13:51:15.889 [info] Child XPForge.Document.Store of Supervisor XPExpert.Supervisor started
Pid: #PID<0.165.0>
Start Call: XPForge.Document.Store.start_link([derive: [analysis: &XPForge.Ast.analyze/1]])
Restart: :permanent
Shutdown: 5000
Type: :worker
13:51:15.890 [info] Child XPExpert.ProjectSupervisor of Supervisor XPExpert.Supervisor started
Pid: #PID<0.166.0>
Start Call: DynamicSupervisor.start_link([name: XPExpert.ProjectSupervisor, strategy: :one_for_one])
Restart: :permanent
Shutdown: :infinity
Type: :supervisor
13:51:15.890 [info] Child XPExpert.DynamicSupervisor of Supervisor XPExpert.Supervisor started
Pid: #PID<0.167.0>
Start Call: DynamicSupervisor.start_link([name: XPExpert.DynamicSupervisor])
Restart: :permanent
Shutdown: :infinity
Type: :supervisor
13:51:15.892 [info] Child XPGenLSP.Assigns of Supervisor XPExpert.Supervisor started
Pid: #PID<0.168.0>
Start Call: XPGenLSP.Assigns.start_link([name: XPExpert.Assigns])
Restart: :permanent
Shutdown: 5000
Type: :worker
13:51:15.892 [info] Child :expert_task_queue of Supervisor XPExpert.Supervisor started
Pid: #PID<0.169.0>
Start Call: Task.Supervisor.start_link([name: :expert_task_queue])
Restart: :permanent
Shutdown: :infinity
Type: :supervisor
13:51:15.894 [info] Child XPGenLSP.Buffer of Supervisor XPExpert.Supervisor started
Pid: #PID<0.170.0>
Start Call: XPGenLSP.Buffer.start_link([name: XPExpert.Buffer])
Restart: :permanent
Shutdown: 5000
Type: :worker
13:51:15.894 [info] Child XPExpert.ActiveProjects of Supervisor XPExpert.Supervisor started
Pid: #PID<0.171.0>
Start Call: XPExpert.ActiveProjects.start_link()
Restart: :permanent
Shutdown: 5000
Type: :worker
13:51:15.894 [debug] [name: XPExpert, buffer: XPExpert.Buffer, task_supervisor: :expert_task_queue, dynamic_supervisor: XPExpert.DynamicSupervisor, assigns: XPExpert.Assigns]
13:51:15.900 [info] Child XPExpert of Supervisor XPExpert.Supervisor started
Pid: #PID<0.172.0>
Start Call: XPExpert.start_link([name: XPExpert, buffer: XPExpert.Buffer, task_supervisor: :expert_task_queue, dynamic_supervisor: XPExpert.DynamicSupervisor, assigns: XPExpert.Assigns])
Restart: :permanent
Shutdown: 500
Type: :worker
13:51:15.900 [info] Application xp_expert started at :nonode@nohost
13:51:16.040 [debug] handled request client -> server initialize in 129ms
13:51:16.046 [info] Server initialized, registering capabilities
13:51:16.048 [debug] sent request server -> client client/registerCapability
13:51:16.066 [info] [Project file:///home/alguien/Projects/elixir/petri] Starting project
13:51:16.066 [debug] handled notification client -> server initialized in 23ms
13:51:16.068 [debug] sent notification server -> client window/logMessage
13:51:16.088 [info] Opened file:///home/alguien/Projects/elixir/petri/lib/petri.ex
13:51:16.088 [debug] handled notification client -> server textDocument/didOpen in 21ms
13:51:16.088 [info] Child {XPExpert.EngineSupervisor, "petri"} of Supervisor :"petri::supervisor" started
Pid: #PID<0.178.0>
Start Call: XPExpert.EngineSupervisor.start_link(%XPForge.Project{root_uri: "file:///home/alguien/Projects/elixir/petri", mix_exs_uri: "file:///home/alguien/Projects/elixir/petri/mix.exs", mix_project?: true, mix_env: nil, mix_target: nil, env_variables: %{}, project_module: nil, entropy: 45008})
Restart: :permanent
Shutdown: 5000
Type: :worker
13:51:16.091 [debug] sent request server -> client window/workDoneProgress/create
13:51:16.095 [debug] sent notification server -> client $/progress
13:51:16.111 [info] Child XPForge.EPMD of Supervisor :net_sup started
Pid: #PID<0.181.0>
Start Call: XPForge.EPMD.start_link()
Restart: :permanent
Shutdown: 2000
Type: :worker
13:51:16.113 [info] Child :auth of Supervisor :net_sup started
Pid: #PID<0.182.0>
Start Call: :auth.start_link()
Restart: :permanent
Shutdown: 2000
Type: :worker
13:51:16.117 [info] Child :net_kernel of Supervisor :net_sup started
Pid: #PID<0.183.0>
Start Call: :net_kernel.start_link(%{name: :"expert-manager-petri-45008@127.0.0.1", supervisor: :net_sup_dynamic, net_tickintensity: 4, net_ticktime: 60, name_domain: :longnames, clean_halt: false})
Restart: :permanent
Shutdown: 2000
Type: :worker
13:51:16.117 [debug] Child :net_sup_dynamic of Supervisor :kernel_sup started
Pid: #PID<0.180.0>
Start Call: :erl_distribution.start_link(%{name: :"expert-manager-petri-45008@127.0.0.1", supervisor: :net_sup_dynamic, net_tickintensity: 4, net_ticktime: 60, name_domain: :longnames, clean_halt: false})
Restart: :permanent
Shutdown: 1000
Type: :supervisor
13:51:16.122 [info] [Project file:///home/alguien/Projects/elixir/petri] Found elixir executable at /usr/bin/elixir
13:51:16.122 [debug] sent notification server -> client window/logMessage
13:51:16.122 [info] [Project file:///home/alguien/Projects/elixir/petri] Finding or building engine
13:51:16.122 [debug] sent notification server -> client window/logMessage
13:51:16.123 [debug] sent request server -> client window/workDoneProgress/create
13:51:16.123 [debug] sent notification server -> client $/progress
13:51:18.150 [debug] Building engine: Namespacing 4 files:
  New: 4
  Changed: 0
  Deleted: 4


13:51:18.155 [debug] Building engine: Rewriting 0 app files

13:51:18.156 [debug] Building engine: Rewriting .beam files

13:51:18.156 [debug] Building engine:  Found 0 protocols

13:51:18.156 [debug] Building engine:  Found 0 app beam files

13:51:18.156 [debug] Building engine: Finished namespacing .beam files

13:51:18.158 [debug] Building engine: Rewriting 0 scripts

13:51:18.159 [debug] Building engine: Rebuilding 0 boot files

13:51:18.160 [debug] Building engine: Rewriting 0 config scripts.

13:51:18.163 [info] Engine build available at: /home/alguien/.local/share/Expert/0.1.0-59489c7/elixir-1.18.3-erts-15.2.7/f831d17565b699184bd04f88e3bdce7b/_build/dev_ns
13:51:18.222 [info] ebin paths:
["/home/alguien/.local/share/Expert/0.1.0-59489c7/elixir-1.18.3-erts-15.2.7/f831d17565b699184bd04f88e3bdce7b/_build/dev_ns/lib/patch/ebin",
 "/home/alguien/.local/share/Expert/0.1.0-59489c7/elixir-1.18.3-erts-15.2.7/f831d17565b699184bd04f88e3bdce7b/_build/dev_ns/lib/xp_briefly/ebin",
 "/home/alguien/.local/share/Expert/0.1.0-59489c7/elixir-1.18.3-erts-15.2.7/f831d17565b699184bd04f88e3bdce7b/_build/dev_ns/lib/xp_bunt/ebin",
 "/home/alguien/.local/share/Expert/0.1.0-59489c7/elixir-1.18.3-erts-15.2.7/f831d17565b699184bd04f88e3bdce7b/_build/dev_ns/lib/xp_credo/ebin",
 "/home/alguien/.local/share/Expert/0.1.0-59489c7/elixir-1.18.3-erts-15.2.7/f831d17565b699184bd04f88e3bdce7b/_build/dev_ns/lib/xp_deps_nix/ebin",
 "/home/alguien/.local/share/Expert/0.1.0-59489c7/elixir-1.18.3-erts-15.2.7/f831d17565b699184bd04f88e3bdce7b/_build/dev_ns/lib/xp_elixir_sense/ebin",
 "/home/alguien/.local/share/Expert/0.1.0-59489c7/elixir-1.18.3-erts-15.2.7/f831d17565b699184bd04f88e3bdce7b/_build/dev_ns/lib/xp_engine/ebin",
 "/home/alguien/.local/share/Expert/0.1.0-59489c7/elixir-1.18.3-erts-15.2.7/f831d17565b699184bd04f88e3bdce7b/_build/dev_ns/lib/xp_file_system/ebin",
 "/home/alguien/.local/share/Expert/0.1.0-59489c7/elixir-1.18.3-erts-15.2.7/f831d17565b699184bd04f88e3bdce7b/_build/dev_ns/lib/xp_forge/ebin",
 "/home/alguien/.local/share/Expert/0.1.0-59489c7/elixir-1.18.3-erts-15.2.7/f831d17565b699184bd04f88e3bdce7b/_build/dev_ns/lib/xp_gen_lsp/ebin",
 "/home/alguien/.local/share/Expert/0.1.0-59489c7/elixir-1.18.3-erts-15.2.7/f831d17565b699184bd04f88e3bdce7b/_build/dev_ns/lib/xp_hpax/ebin",
 "/home/alguien/.local/share/Expert/0.1.0-59489c7/elixir-1.18.3-erts-15.2.7/f831d17565b699184bd04f88e3bdce7b/_build/dev_ns/lib/xp_jason/ebin",
 "/home/alguien/.local/share/Expert/0.1.0-59489c7/elixir-1.18.3-erts-15.2.7/f831d17565b699184bd04f88e3bdce7b/_build/dev_ns/lib/xp_mint/ebin",
 "/home/alguien/.local/share/Expert/0.1.0-59489c7/elixir-1.18.3-erts-15.2.7/f831d17565b699184bd04f88e3bdce7b/_build/dev_ns/lib/xp_nimble_options/ebin",
 "/home/alguien/.local/share/Expert/0.1.0-59489c7/elixir-1.18.3-erts-15.2.7/f831d17565b699184bd04f88e3bdce7b/_build/dev_ns/lib/xp_nimble_parsec/ebin",
 "/home/alguien/.local/share/Expert/0.1.0-59489c7/elixir-1.18.3-erts-15.2.7/f831d17565b699184bd04f88e3bdce7b/_build/dev_ns/lib/xp_path_glob/ebin",
 "/home/alguien/.local/share/Expert/0.1.0-59489c7/elixir-1.18.3-erts-15.2.7/f831d17565b699184bd04f88e3bdce7b/_build/dev_ns/lib/xp_refactorex/ebin",
 "/home/alguien/.local/share/Expert/0.1.0-59489c7/elixir-1.18.3-erts-15.2.7/f831d17565b699184bd04f88e3bdce7b/_build/dev_ns/lib/xp_schematic/ebin",
 "/home/alguien/.local/share/Expert/0.1.0-59489c7/elixir-1.18.3-erts-15.2.7/f831d17565b699184bd04f88e3bdce7b/_build/dev_ns/lib/xp_snowflake/ebin",
 "/home/alguien/.local/share/Expert/0.1.0-59489c7/elixir-1.18.3-erts-15.2.7/f831d17565b699184bd04f88e3bdce7b/_build/dev_ns/lib/xp_sourceror/ebin",
 "/home/alguien/.local/share/Expert/0.1.0-59489c7/elixir-1.18.3-erts-15.2.7/f831d17565b699184bd04f88e3bdce7b/_build/dev_ns/lib/xp_spitfire/ebin",
 "/home/alguien/.local/share/Expert/0.1.0-59489c7/elixir-1.18.3-erts-15.2.7/f831d17565b699184bd04f88e3bdce7b/_build/dev_ns/lib/xp_telemetry/ebin",
 "/home/alguien/.local/share/Expert/0.1.0-59489c7/elixir-1.18.3-erts-15.2.7/f831d17565b699184bd04f88e3bdce7b/_build/dev_ns/lib/xp_typed_struct/ebin"]
13:51:18.272 [debug] sent notification server -> client $/progress
13:51:18.273 [debug] sent notification server -> client $/progress
13:51:18.689 [debug] sent notification server -> client $/progress
13:51:18.693 [debug] Node port message: ok

13:51:18.908 [debug] Node port message: 
13:51:18.893 [notice] Application mix exited: :stopped

13:51:18.936 [debug] Node port message:     warning: redefining module Petri.MixProject (current version defined in memory)
    â
  1 â defmodule Petri.MixProject do
    â ~~~~~~~~~~~~~~~~~~~~~~~~~~~~~
    â
    ââ /home/alguien/Projects/elixir/petri/mix.exs:1: Petri.MixProject (module)


13:51:18.949 [debug] sent notification server -> client $/progress
13:51:18.950 [debug] sent notification server -> client $/progress
13:51:18.960 [debug] sent notification server -> client $/progress
13:51:19.114 [debug] Node port message: 
13:51:19.114 [info] Build path /home/alguien/Projects/elixir/petri/.expert/build/erl-27/elixir-1.18 was compiled on a previous erlang version. Deleting

13:51:19.132 [debug] sent notification server -> client $/progress
13:51:19.132 [debug] sent notification server -> client $/progress
13:51:19.132 [debug] sent notification server -> client $/progress
13:51:19.132 [debug] sent notification server -> client $/progress
13:51:19.133 [debug] sent notification server -> client $/progress
13:51:19.133 [debug] sent notification server -> client $/progress
13:51:19.133 [debug] sent notification server -> client $/progress
13:51:19.133 [debug] sent notification server -> client $/progress
13:51:19.133 [debug] sent notification server -> client $/progress
13:51:19.133 [debug] sent notification server -> client $/progress
13:51:19.133 [debug] sent notification server -> client $/progress
13:51:19.133 [debug] sent notification server -> client $/progress
13:51:19.133 [debug] sent notification server -> client $/progress
13:51:19.133 [debug] sent notification server -> client $/progress
13:51:19.133 [debug] sent notification server -> client $/progress
13:51:19.133 [debug] sent notification server -> client $/progress
13:51:19.133 [debug] sent notification server -> client $/progress
13:51:19.133 [debug] sent notification server -> client $/progress
13:51:19.133 [debug] sent notification server -> client $/progress
13:51:19.133 [debug] sent notification server -> client $/progress
13:51:19.134 [debug] sent notification server -> client $/progress
13:51:19.135 [info] Child {XPExpert.Project.Node, "petri"} of Supervisor :"petri::supervisor" started
Pid: #PID<0.179.0>
Start Call: XPExpert.Project.Node.start_link(%XPForge.Project{root_uri: "file:///home/alguien/Projects/elixir/petri", mix_exs_uri: "file:///home/alguien/Projects/elixir/petri/mix.exs", mix_project?: true, mix_env: nil, mix_target: nil, env_variables: %{}, project_module: nil, entropy: 45008})
Restart: :permanent
Shutdown: 5000
Type: :worker
13:51:19.137 [info] Child {XPExpert.Project.Diagnostics, "petri"} of Supervisor :"petri::supervisor" started
Pid: #PID<0.214.0>
Start Call: XPExpert.Project.Diagnostics.start_link(%XPForge.Project{root_uri: "file:///home/alguien/Projects/elixir/petri", mix_exs_uri: "file:///home/alguien/Projects/elixir/petri/mix.exs", mix_project?: true, mix_env: nil, mix_target: nil, env_variables: %{}, project_module: nil, entropy: 45008})
Restart: :permanent
Shutdown: 5000
Type: :worker
13:51:19.139 [info] Child {XPExpert.Project.Intelligence, "petri"} of Supervisor :"petri::supervisor" started
Pid: #PID<0.215.0>
Start Call: XPExpert.Project.Intelligence.start_link(%XPForge.Project{root_uri: "file:///home/alguien/Projects/elixir/petri", mix_exs_uri: "file:///home/alguien/Projects/elixir/petri/mix.exs", mix_project?: true, mix_env: nil, mix_target: nil, env_variables: %{}, project_module: nil, entropy: 45008})
Restart: :permanent
Shutdown: 5000
Type: :worker
13:51:19.140 [info] Child XPExpert.Project.SearchListener of Supervisor :"petri::supervisor" started
Pid: #PID<0.216.0>
Start Call: XPExpert.Project.SearchListener.start_link(%XPForge.Project{root_uri: "file:///home/alguien/Projects/elixir/petri", mix_exs_uri: "file:///home/alguien/Projects/elixir/petri/mix.exs", mix_project?: true, mix_env: nil, mix_target: nil, env_variables: %{}, project_module: nil, entropy: 45008})
Restart: :permanent
Shutdown: 5000
Type: :worker
13:51:19.141 [info] Project node started for petri
13:51:19.141 [debug] sent notification server -> client window/logMessage
13:51:19.141 [info] [Project file:///home/alguien/Projects/elixir/petri] Engine initialized for project petri
13:51:19.141 [debug] sent notification server -> client window/logMessage
13:51:19.204 [debug] Node port message: 
13:51:19.203 [info] Building petri

13:51:19.204 [debug] sent request server -> client window/workDoneProgress/create
13:51:19.205 [debug] sent notification server -> client $/progress
13:51:19.207 [debug] Node port message: 
13:51:19.204 [debug] sent request server -> client window/workDoneProgress/create

13:51:19.207 [debug] Node port message: 
13:51:19.205 [debug] sent notification server -> client $/progress

13:51:19.474 [debug] sent notification server -> client $/progress
13:51:19.475 [debug] Node port message: 
13:51:19.474 [warning] Could not connect to hex.pm, dependencies will not be fetched

13:51:19.478 [debug] Node port message: 
13:51:19.474 [debug] sent notification server -> client $/progress

13:51:19.495 [debug] sent notification server -> client $/progress
13:51:19.495 [debug] Node port message: 
13:51:19.495 [debug] sent notification server -> client $/progress

13:51:19.501 [debug] sent notification server -> client $/progress
13:51:19.501 [debug] Node port message: 
13:51:19.500 [info] Loaded []

13:51:19.502 [debug] Node port message: 
13:51:19.501 [debug] sent notification server -> client $/progress

13:51:19.698 [debug] Node port message: Compiling 1 file (.ex)

13:51:19.732 [debug] sent notification server -> client $/progress
13:51:19.736 [debug] Node port message: 
13:51:19.732 [debug] sent notification server -> client $/progress

13:51:19.765 [debug] Node port message: Generated petri app

13:51:19.767 [debug] Node port message: 
13:51:19.766 [info] Compile completed with status ok Produced 0 diagnostics []

13:51:19.772 [debug] sent notification server -> client $/progress
13:51:19.773 [info] Compiled petri in 577 ms
13:51:19.773 [debug] Node port message: 
13:51:19.772 [debug] sent notification server -> client $/progress

13:51:19.786 [debug] Node port message: 
13:51:19.786 [info] Plugins found 0 results in 0.018 ms

13:51:19.831 [debug] Node port message: 
13:51:19.830 [info] backend reports empty

13:51:19.871 [debug] sent request server -> client window/workDoneProgress/create
13:51:19.872 [debug] Node port message: 
13:51:19.871 [debug] sent request server -> client window/workDoneProgress/create

13:51:19.872 [debug] sent notification server -> client $/progress
13:51:19.873 [debug] Node port message: 
13:51:19.872 [debug] sent notification server -> client $/progress

13:51:19.886 [debug] sent notification server -> client $/progress
13:51:19.890 [debug] Node port message: 
13:51:19.886 [debug] sent notification server -> client $/progress

13:51:19.986 [debug] handled notification client -> server textDocument/didChange in 55ms
13:51:20.129 [debug] Node port message: 
13:51:20.128 [info] Plugins found 0 results in 0.019 ms

13:51:20.164 [debug] sent notification server -> client textDocument/publishDiagnostics
13:51:20.360 [debug] sent notification server -> client $/progress
13:51:20.360 [debug] Node port message: 
13:51:20.360 [debug] sent notification server -> client $/progress

13:51:20.733 [debug] handled notification client -> server textDocument/didChange in 2ms
13:51:20.818 [debug] sent notification server -> client textDocument/publishDiagnostics
13:51:20.819 [debug] Node port message: 
13:51:20.818 [info] Plugins found 0 results in 0.012 ms

13:51:21.805 [debug] handled notification client -> server textDocument/didChange in 1ms
13:51:21.890 [debug] sent notification server -> client textDocument/publishDiagnostics
13:51:21.891 [debug] Node port message: 
13:51:21.889 [info] Plugins found 0 results in 0.017 ms

13:51:21.934 [debug] handled notification client -> server textDocument/didChange in 8ms
13:51:22.019 [debug] Node port message: 
13:51:22.018 [info] Plugins found 0 results in 0.013 ms

13:51:22.019 [debug] sent notification server -> client textDocument/publishDiagnostics
13:51:36.068 [debug] handled notification client -> server textDocument/didChange in 1ms
13:51:36.187 [info] Completion for XpPos<<37, 4>>
13:51:36.223 [debug] sent notification server -> client textDocument/publishDiagnostics
13:51:36.224 [debug] Node port message: 
13:51:36.223 [info] Plugins found 0 results in 0.028 ms

13:51:39.620 [debug] handled notification client -> server textDocument/didChange in 1ms
13:51:39.681 [debug] sent notification server -> client textDocument/publishDiagnostics
13:51:39.682 [debug] Node port message: 
13:51:39.681 [info] Plugins found 0 results in 0.029 ms

13:51:48.585 [info] Local completions are: []
13:51:48.586 [info] Emitting Completions: []
13:51:48.592 [debug] handled request client -> server textDocument/completion in 12516ms
13:52:01.815 [debug] handled notification client -> server textDocument/didChange in 8ms
13:52:01.952 [debug] sent notification server -> client textDocument/publishDiagnostics
13:52:01.955 [debug] Node port message: 
13:52:01.952 [info] Plugins found 0 results in 0.016 ms

13:52:02.915 [debug] handled notification client -> server textDocument/didChange in 2ms
13:52:03.082 [debug] Node port message: 
13:52:03.082 [info] Plugins found 0 results in 0.015 ms

13:52:03.082 [debug] sent notification server -> client textDocument/publishDiagnostics
13:52:03.190 [debug] handled notification client -> server textDocument/didChange in 4ms
13:52:03.327 [debug] sent notification server -> client textDocument/publishDiagnostics
13:52:03.327 [debug] Node port message: 
13:52:03.326 [info] Plugins found 0 results in 0.016 ms

13:52:03.339 [debug] handled notification client -> server textDocument/didChange in 1ms
13:52:03.491 [debug] sent notification server -> client textDocument/publishDiagnostics
13:52:03.491 [debug] Node port message: 
13:52:03.489 [info] Plugins found 0 results in 0.015 ms

13:52:03.494 [debug] handled notification client -> server textDocument/didChange in 10ms
13:52:03.620 [debug] Node port message: 
13:52:03.620 [info] Plugins found 0 results in 0.016 ms

13:52:03.620 [debug] sent notification server -> client textDocument/publishDiagnostics
13:52:03.638 [debug] handled notification client -> server textDocument/didChange in 5ms
13:52:03.765 [debug] sent notification server -> client textDocument/publishDiagnostics
13:52:03.766 [debug] Node port message: 
13:52:03.765 [info] Plugins found 0 results in 0.015 ms

13:52:03.846 [debug] handled notification client -> server textDocument/didChange in 15ms
13:52:03.969 [debug] Node port message: 
13:52:03.968 [info] Plugins found 0 results in 0.036 ms

13:52:03.969 [debug] sent notification server -> client textDocument/publishDiagnostics
13:52:03.982 [debug] handled notification client -> server textDocument/didChange in 3ms
13:52:04.113 [debug] sent notification server -> client textDocument/publishDiagnostics
13:52:04.114 [debug] Node port message: 
13:52:04.109 [info] Plugins found 0 results in 0.018 ms

13:52:04.133 [debug] handled notification client -> server textDocument/didChange in 6ms
13:52:04.243 [debug] sent notification server -> client textDocument/publishDiagnostics
13:52:04.243 [debug] Node port message: 
13:52:04.240 [info] Plugins found 0 results in 0.016 ms

13:52:04.338 [debug] handled notification client -> server textDocument/didChange in 8ms
13:52:04.479 [debug] sent notification server -> client textDocument/publishDiagnostics
13:52:04.480 [debug] handled notification client -> server textDocument/didChange in 2ms
13:52:04.480 [debug] Node port message: 
13:52:04.479 [info] Plugins found 0 results in 0.015 ms

13:52:04.593 [debug] sent notification server -> client textDocument/publishDiagnostics
13:52:04.593 [debug] Node port message: 
13:52:04.592 [info] Plugins found 0 results in 0.014 ms

13:52:04.628 [debug] handled notification client -> server textDocument/didChange in 3ms
13:52:04.742 [debug] sent notification server -> client textDocument/publishDiagnostics
13:52:04.743 [debug] Node port message: 
13:52:04.742 [info] Plugins found 0 results in 0.016 ms

13:52:27.682 [debug] handled notification client -> server textDocument/didChange in 1ms
13:52:27.706 [info] Completion for XpPos<<37, 2>>
13:52:27.735 [debug] sent notification server -> client textDocument/publishDiagnostics
13:52:27.735 [debug] Node port message: 
13:52:27.735 [info] Plugins found 0 results in 0.009 ms

13:52:27.769 [info] Local completions are: [function: (div)   macro: (dbg, dbg, dbg, def, def, defdelegate, defexception, defguard, defguardp, defimpl, defimpl, defmacro, defmacro, defmacrop, defmacrop, defmodule, defoverridable, defp, defp, defprotocol, defstruct, destructure)   ]
13:52:27.803 [info] Emitting Completions: [3:div(dividend, divisor) 3:dbg() 3:dbg(code) 3:dbg(code, options) 7:def (define a function) 7:defdelegate (define a delegate function) 7:defexception (define an exception) 7:defguard (define a guard macro) 7:defguardp (define a private guard macro) 7:defimpl (define a protocol implementation) 7:defmacro (define a macro) 7:defmacrop (define a private macro) 7:defmodule (define a module) 7:defoverridable (mark a function as overridable) 7:defp (define a private function) 7:defprotocol (define a protocol) 7:defstruct (define a struct) ]
13:52:27.822 [debug] handled request client -> server textDocument/completion in 140ms
13:52:27.865 [debug] handled notification client -> server textDocument/didChange in 3ms
13:52:27.918 [debug] sent notification server -> client textDocument/publishDiagnostics
13:52:27.918 [debug] Node port message: 
13:52:27.918 [info] Plugins found 0 results in 0.009 ms

13:52:27.975 [debug] handled notification client -> server textDocument/didChange in 1ms
13:52:28.030 [debug] sent notification server -> client textDocument/publishDiagnostics
13:52:28.030 [debug] Node port message: 
13:52:28.030 [info] Plugins found 0 results in 0.011 ms

13:52:28.897 [debug] handled notification client -> server textDocument/didChange in 1ms
13:52:28.948 [debug] sent notification server -> client textDocument/publishDiagnostics
13:52:28.949 [debug] Node port message: 
13:52:28.948 [info] Plugins found 0 results in 0.009 ms

13:52:29.251 [debug] handled notification client -> server textDocument/didChange in 4ms
13:52:29.332 [debug] Node port message: 
13:52:29.327 [info] Plugins found 0 results in 0.017 ms

13:52:29.332 [debug] sent notification server -> client textDocument/publishDiagnostics
13:52:29.334 [info] Completion for XpPos<<37, 6>>
13:52:29.406 [debug] handled notification client -> server textDocument/didChange in 8ms
13:52:29.413 [info] Local completions are: []
13:52:29.414 [info] Emitting Completions: []
13:52:29.415 [debug] handled request client -> server textDocument/completion in 163ms
13:52:29.457 [info] Completion for XpPos<<37, 7>>
13:52:29.511 [debug] sent notification server -> client textDocument/publishDiagnostics
13:52:29.511 [debug] Node port message: 
13:52:29.511 [info] Plugins found 0 results in 0.011 ms

13:52:29.545 [info] Local completions are: []
13:52:29.547 [info] Emitting Completions: []
13:52:29.548 [debug] handled request client -> server textDocument/completion in 125ms
13:52:29.548 [debug] handled notification client -> server textDocument/didChange in 2ms
13:52:29.583 [info] Completion for XpPos<<37, 8>>
13:52:29.646 [debug] Node port message: 
13:52:29.643 [info] Plugins found 0 results in 0.011 ms

13:52:29.646 [debug] sent notification server -> client textDocument/publishDiagnostics
13:52:29.667 [info] Local completions are: []
13:52:29.668 [info] Emitting Completions: []
13:52:29.668 [debug] handled request client -> server textDocument/completion in 119ms
13:52:29.673 [debug] handled notification client -> server textDocument/didChange in 3ms
13:52:29.707 [info] Completion for XpPos<<37, 9>>
13:52:29.755 [debug] Node port message: 
13:52:29.755 [info] Plugins found 0 results in 0.012 ms

13:52:29.756 [debug] sent notification server -> client textDocument/publishDiagnostics
13:52:29.770 [info] Local completions are: []
13:52:29.771 [info] Emitting Completions: []
13:52:29.771 [debug] handled request client -> server textDocument/completion in 98ms
13:52:29.780 [debug] handled notification client -> server textDocument/didChange in 2ms
13:52:29.816 [info] Completion for XpPos<<37, 10>>
13:52:29.871 [debug] sent notification server -> client textDocument/publishDiagnostics
13:52:29.871 [debug] Node port message: 
13:52:29.870 [info] Plugins found 0 results in 0.013 ms

13:52:29.888 [info] Local completions are: []
13:52:29.889 [info] Emitting Completions: []
13:52:29.889 [debug] handled request client -> server textDocument/completion in 108ms
13:52:29.989 [debug] handled notification client -> server textDocument/didChange in 3ms
13:52:30.020 [info] Completion for XpPos<<37, 11>>
13:52:30.063 [debug] sent notification server -> client textDocument/publishDiagnostics
13:52:30.063 [debug] Node port message: 
13:52:30.062 [info] Plugins found 0 results in 0.013 ms

13:52:30.091 [info] Local completions are: []
13:52:30.091 [info] Emitting Completions: []
13:52:30.092 [debug] handled request client -> server textDocument/completion in 102ms
13:52:31.595 [debug] handled notification client -> server textDocument/didChange in 4ms
13:52:31.647 [debug] Node port message: 
13:52:31.647 [info] Plugins found 0 results in 0.012 ms

13:52:31.650 [debug] sent notification server -> client textDocument/publishDiagnostics
13:52:31.739 [debug] handled notification client -> server textDocument/didChange in 1ms
13:52:31.818 [debug] sent notification server -> client textDocument/publishDiagnostics
13:52:31.819 [debug] Node port message: 
13:52:31.818 [info] Plugins found 0 results in 0.013 ms

13:52:32.252 [debug] handled notification client -> server textDocument/didChange in 2ms
13:52:32.291 [info] Completion for XpPos<<37, 13>>
13:52:32.332 [debug] sent notification server -> client textDocument/publishDiagnostics
13:52:32.332 [debug] Node port message: 
13:52:32.332 [info] Plugins found 0 results in 0.015 ms

13:52:32.459 [info] Local completions are: [function: (floor, function_exported?)   macro: (fn, for)   ]
13:52:32.460 [info] Emitting Completions: [3:floor(number) 3:function_exported?(module, function, arity) 3:fn(term) 7:for (comprehension) ]
13:52:32.462 [debug] handled request client -> server textDocument/completion in 209ms
13:52:33.256 [debug] handled notification client -> server textDocument/didChange in 1ms
13:52:33.330 [debug] sent notification server -> client textDocument/publishDiagnostics
13:52:33.333 [debug] Node port message: 
13:52:33.330 [info] Plugins found 0 results in 0.015 ms

13:52:33.443 [debug] handled notification client -> server textDocument/didChange in 1ms
13:52:33.495 [debug] Node port message: 
13:52:33.495 [info] Plugins found 0 results in 0.011 ms

13:52:33.496 [debug] sent notification server -> client textDocument/publishDiagnostics
13:52:33.658 [debug] handled notification client -> server textDocument/didChange in 1ms
13:52:33.688 [info] Completion for XpPos<<37, 16>>
13:52:33.722 [debug] sent notification server -> client textDocument/publishDiagnostics
13:52:33.722 [debug] Node port message: 
13:52:33.722 [info] Plugins found 0 results in 0.011 ms

13:52:33.758 [info] Local completions are: [function: (node, node, not)   ]
13:52:33.759 [info] Emitting Completions: [3:node() 3:node(arg) 3:not(value) ]
13:52:33.760 [debug] handled request client -> server textDocument/completion in 99ms
13:52:35.797 [debug] handled notification client -> server textDocument/didChange in 6ms
13:52:35.871 [debug] sent notification server -> client textDocument/publishDiagnostics
13:52:35.871 [debug] Node port message: 
13:52:35.869 [info] Plugins found 0 results in 0.013 ms

13:52:35.975 [debug] handled notification client -> server textDocument/didChange in 11ms
13:52:36.016 [info] Emitting Completions: [:do/end block ]
13:52:36.017 [debug] handled request client -> server textDocument/completion in 41ms
13:52:36.026 [debug] sent notification server -> client textDocument/publishDiagnostics
13:52:36.027 [debug] Node port message: 
13:52:36.026 [info] Plugins found 0 results in 0.034 ms

13:52:36.061 [debug] handled notification client -> server textDocument/didChange in 3ms
13:52:36.102 [info] Emitting Completions: [:do/end block ]
13:52:36.103 [debug] handled request client -> server textDocument/completion in 41ms
13:52:36.114 [debug] sent notification server -> client textDocument/publishDiagnostics
13:52:36.114 [debug] Node port message: 
13:52:36.114 [info] Plugins found 0 results in 0.014 ms

13:52:38.680 [debug] handled notification client -> server textDocument/didChange in 1ms
13:52:38.740 [debug] Node port message: 
13:52:38.739 [info] Plugins found 0 results in 0.011 ms

13:52:38.740 [debug] sent notification server -> client textDocument/publishDiagnostics
13:52:38.825 [debug] handled notification client -> server textDocument/didChange in 2ms
13:52:38.931 [debug] sent notification server -> client textDocument/publishDiagnostics
13:52:38.932 [debug] Node port message: 
13:52:38.931 [info] Plugins found 0 results in 0.015 ms

13:54:36.176 [debug] handled notification client -> server textDocument/didChange in 1ms
13:54:36.193 [info] Completion for XpPos<<38, 4>>
13:54:36.254 [debug] sent notification server -> client textDocument/publishDiagnostics
13:54:36.255 [debug] Node port message: 
13:54:36.254 [info] Plugins found 0 results in 0.012 ms

13:54:36.262 [info] Local completions are: [function: (floor, function_exported?)   macro: (fn, for)   variable: (f)   ]
13:54:36.269 [info] Emitting Completions: [6:f 3:floor(number) 3:function_exported?(module, function, arity) 3:fn(term) 7:for (comprehension) ]
13:54:36.269 [debug] handled request client -> server textDocument/completion in 92ms
13:54:36.461 [debug] handled notification client -> server textDocument/didChange in 1ms
13:54:36.538 [debug] sent notification server -> client textDocument/publishDiagnostics
13:54:36.538 [debug] Node port message: 
13:54:36.538 [info] Plugins found 0 results in 0.011 ms

13:54:36.610 [debug] handled notification client -> server textDocument/didChange in 1ms
13:54:36.690 [debug] sent notification server -> client textDocument/publishDiagnostics
13:54:36.691 [debug] Node port message: 
13:54:36.690 [info] Plugins found 0 results in 0.01 ms

13:54:37.870 [debug] handled notification client -> server textDocument/didChange in 1ms
13:54:37.945 [debug] sent notification server -> client textDocument/publishDiagnostics
13:54:37.945 [debug] Node port message: 
13:54:37.944 [info] Plugins found 0 results in 0.011 ms

13:54:38.018 [debug] handled notification client -> server textDocument/didChange in 931µs
13:54:38.099 [debug] sent notification server -> client textDocument/publishDiagnostics
13:54:38.099 [debug] Node port message: 
13:54:38.099 [info] Plugins found 0 results in 0.011 ms

13:54:40.696 [debug] handled notification client -> server textDocument/didChange in 1ms
13:54:40.747 [debug] Node port message: 
13:54:40.747 [info] Plugins found 0 results in 0.011 ms

13:54:40.749 [debug] sent notification server -> client textDocument/publishDiagnostics
13:54:40.840 [debug] handled notification client -> server textDocument/didChange in 936µs
13:54:40.893 [debug] Node port message: 
13:54:40.892 [info] Plugins found 0 results in 0.01 ms

13:54:40.894 [debug] sent notification server -> client textDocument/publishDiagnostics
13:54:41.738 [debug] handled notification client -> server textDocument/didChange in 1ms
13:54:41.789 [debug] Node port message: 
13:54:41.789 [info] Plugins found 0 results in 0.007 ms

13:54:41.791 [debug] sent notification server -> client textDocument/publishDiagnostics
13:54:41.884 [debug] handled notification client -> server textDocument/didChange in 910µs
13:54:41.935 [debug] Node port message: 
13:54:41.935 [info] Plugins found 0 results in 0.009 ms

13:54:41.937 [debug] sent notification server -> client textDocument/publishDiagnostics
13:54:42.185 [debug] handled notification client -> server textDocument/didChange in 1ms
13:54:42.236 [debug] Node port message: 
13:54:42.236 [info] Plugins found 0 results in 0.007 ms

13:54:42.238 [debug] sent notification server -> client textDocument/publishDiagnostics
13:54:43.849 [debug] handled notification client -> server textDocument/didChange in 1ms
13:54:43.866 [info] Completion for XpPos<<39, 9>>
13:54:43.869 [warning] ** (ArgumentError) cannot pipe f into E, can only pipe into local calls foo(), remote calls Foo.bar() or anonymous function calls foo.()
    (elixir 1.18.3) lib/macro.ex:265: Macro.pipe/3
    (stdlib 6.2.2.1) lists.erl:2146: :lists.foldl/3
    (xp_elixir_sense 2.0.0) lib/elixir_sense/core/normalized/macro/env.ex:54: anonymous fn/5 in XPElixirSense.Core.Normalized.Macro.Env.wrap_expansion/7
    (xp_elixir_sense 2.0.0) lib/elixir_sense/core/compiler.ex:2144: XPElixirSense.Core.Compiler.expand_macro_callback/7
    (xp_elixir_sense 2.0.0) lib/elixir_sense/core/compiler.ex:117: XPElixirSense.Core.Compiler.expand/3
    (xp_elixir_sense 2.0.0) lib/elixir_sense/core/compiler.ex:2055: XPElixirSense.Core.Compiler.expand_macro/7
    (xp_elixir_sense 2.0.0) lib/elixir_sense/core/compiler.ex:117: XPElixirSense.Core.Compiler.expand/3
    (xp_elixir_sense 2.0.0) lib/elixir_sense/core/compiler.ex:2426: XPElixirSense.Core.Compiler.expand_block/5

13:54:43.870 [warning] ** (ArgumentError) cannot pipe f into E, can only pipe into local calls foo(), remote calls Foo.bar() or anonymous function calls foo.()
    (elixir 1.18.3) lib/macro.ex:339: Macro.pipe/3
    (stdlib 6.2.2.1) lists.erl:2146: :lists.foldl/3
    (xp_elixir_sense 2.0.0) lib/elixir_sense/core/normalized/macro/env.ex:54: anonymous fn/5 in XPElixirSense.Core.Normalized.Macro.Env.wrap_expansion/7
    (xp_elixir_sense 2.0.0) lib/elixir_sense/core/compiler.ex:2144: XPElixirSense.Core.Compiler.expand_macro_callback/7
    (xp_elixir_sense 2.0.0) lib/elixir_sense/core/compiler.ex:117: XPElixirSense.Core.Compiler.expand/3
    (xp_elixir_sense 2.0.0) lib/elixir_sense/core/compiler.ex:2055: XPElixirSense.Core.Compiler.expand_macro/7
    (xp_elixir_sense 2.0.0) lib/elixir_sense/core/compiler.ex:117: XPElixirSense.Core.Compiler.expand/3
    (xp_elixir_sense 2.0.0) lib/elixir_sense/core/compiler.ex:2426: XPElixirSense.Core.Compiler.expand_block/5

13:54:43.908 [debug] sent notification server -> client textDocument/publishDiagnostics
13:54:43.909 [debug] Node port message: 
13:54:43.908 [info] Plugins found 0 results in 0.009 ms

13:54:43.921 [info] Local completions are: [behaviour: (Exception)   exception: (ErlangError)   module: (EEx, Elixir, Enum, ExUnit)   protocol: (Enumerable)   ]
13:54:43.928 [info] Emitting Completions: [9:EEx 9:Elixir 9:Enum 9:Enumerable 9:ExUnit 9:Exception ]
13:54:43.929 [debug] handled request client -> server textDocument/completion in 79ms
13:54:44.112 [debug] handled notification client -> server textDocument/didChange in 1ms
13:54:44.168 [debug] sent notification server -> client textDocument/publishDiagnostics
13:54:44.168 [debug] Node port message: 
13:54:44.168 [info] Plugins found 0 results in 0.009 ms

13:54:44.301 [debug] handled notification client -> server textDocument/didChange in 1ms
13:54:44.357 [debug] sent notification server -> client textDocument/publishDiagnostics
13:54:44.357 [debug] Node port message: 
13:54:44.357 [info] Plugins found 0 results in 0.009 ms

13:54:44.553 [debug] handled notification client -> server textDocument/didChange in 1ms
13:54:44.583 [info] Completion for XpPos<<39, 12>>
13:54:44.587 [warning] ** (ArgumentError) cannot pipe f into nil, can only pipe into local calls foo(), remote calls Foo.bar() or anonymous function calls foo.()
    (elixir 1.18.3) lib/macro.ex:339: Macro.pipe/3
    (stdlib 6.2.2.1) lists.erl:2146: :lists.foldl/3
    (xp_elixir_sense 2.0.0) lib/elixir_sense/core/normalized/macro/env.ex:54: anonymous fn/5 in XPElixirSense.Core.Normalized.Macro.Env.wrap_expansion/7
    (xp_elixir_sense 2.0.0) lib/elixir_sense/core/compiler.ex:2144: XPElixirSense.Core.Compiler.expand_macro_callback/7
    (xp_elixir_sense 2.0.0) lib/elixir_sense/core/compiler.ex:117: XPElixirSense.Core.Compiler.expand/3
    (xp_elixir_sense 2.0.0) lib/elixir_sense/core/compiler.ex:2055: XPElixirSense.Core.Compiler.expand_macro/7
    (xp_elixir_sense 2.0.0) lib/elixir_sense/core/compiler.ex:117: XPElixirSense.Core.Compiler.expand/3
    (xp_elixir_sense 2.0.0) lib/elixir_sense/core/compiler.ex:2426: XPElixirSense.Core.Compiler.expand_block/5

13:54:44.606 [debug] sent notification server -> client textDocument/publishDiagnostics
13:54:44.606 [debug] Node port message: 
13:54:44.605 [info] Plugins found 0 results in 0.013 ms

13:54:44.629 [info] Local completions are: []
13:54:44.629 [info] Emitting Completions: []
13:54:44.630 [debug] handled request client -> server textDocument/completion in 76ms
13:54:44.868 [debug] handled notification client -> server textDocument/didChange in 1ms
13:54:44.886 [info] Completion for XpPos<<39, 11>>
13:54:44.888 [warning] ** (ArgumentError) cannot pipe f into Enu, can only pipe into local calls foo(), remote calls Foo.bar() or anonymous function calls foo.()
    (elixir 1.18.3) lib/macro.ex:265: Macro.pipe/3
    (stdlib 6.2.2.1) lists.erl:2146: :lists.foldl/3
    (xp_elixir_sense 2.0.0) lib/elixir_sense/core/normalized/macro/env.ex:54: anonymous fn/5 in XPElixirSense.Core.Normalized.Macro.Env.wrap_expansion/7
    (xp_elixir_sense 2.0.0) lib/elixir_sense/core/compiler.ex:2144: XPElixirSense.Core.Compiler.expand_macro_callback/7
    (xp_elixir_sense 2.0.0) lib/elixir_sense/core/compiler.ex:117: XPElixirSense.Core.Compiler.expand/3
    (xp_elixir_sense 2.0.0) lib/elixir_sense/core/compiler.ex:2055: XPElixirSense.Core.Compiler.expand_macro/7
    (xp_elixir_sense 2.0.0) lib/elixir_sense/core/compiler.ex:117: XPElixirSense.Core.Compiler.expand/3
    (xp_elixir_sense 2.0.0) lib/elixir_sense/core/compiler.ex:2426: XPElixirSense.Core.Compiler.expand_block/5

13:54:44.890 [warning] ** (ArgumentError) cannot pipe f into Enu, can only pipe into local calls foo(), remote calls Foo.bar() or anonymous function calls foo.()
    (elixir 1.18.3) lib/macro.ex:339: Macro.pipe/3
    (stdlib 6.2.2.1) lists.erl:2146: :lists.foldl/3
    (xp_elixir_sense 2.0.0) lib/elixir_sense/core/normalized/macro/env.ex:54: anonymous fn/5 in XPElixirSense.Core.Normalized.Macro.Env.wrap_expansion/7
    (xp_elixir_sense 2.0.0) lib/elixir_sense/core/compiler.ex:2144: XPElixirSense.Core.Compiler.expand_macro_callback/7
    (xp_elixir_sense 2.0.0) lib/elixir_sense/core/compiler.ex:117: XPElixirSense.Core.Compiler.expand/3
    (xp_elixir_sense 2.0.0) lib/elixir_sense/core/compiler.ex:2055: XPElixirSense.Core.Compiler.expand_macro/7
    (xp_elixir_sense 2.0.0) lib/elixir_sense/core/compiler.ex:117: XPElixirSense.Core.Compiler.expand/3
    (xp_elixir_sense 2.0.0) lib/elixir_sense/core/compiler.ex:2426: XPElixirSense.Core.Compiler.expand_block/5

13:54:44.928 [debug] sent notification server -> client textDocument/publishDiagnostics
13:54:44.929 [debug] Node port message: 
13:54:44.928 [info] Plugins found 0 results in 0.012 ms

13:54:44.934 [info] Local completions are: [module: (Enum)   protocol: (Enumerable)   ]
13:54:44.935 [info] Emitting Completions: [9:Enum 9:Enumerable ]
13:54:44.936 [debug] handled request client -> server textDocument/completion in 67ms
13:54:45.093 [debug] handled notification client -> server textDocument/didChange in 945µs
13:54:45.151 [debug] sent notification server -> client textDocument/publishDiagnostics
13:54:45.151 [debug] Node port message: 
13:54:45.151 [info] Plugins found 0 results in 0.008 ms

13:54:45.287 [debug] handled notification client -> server textDocument/didChange in 1ms
13:54:45.308 [info] Completion for XpPos<<39, 13>>
13:54:45.311 [warning] ** (ArgumentError) cannot pipe f into nil, can only pipe into local calls foo(), remote calls Foo.bar() or anonymous function calls foo.()
    (elixir 1.18.3) lib/macro.ex:339: Macro.pipe/3
    (stdlib 6.2.2.1) lists.erl:2146: :lists.foldl/3
    (xp_elixir_sense 2.0.0) lib/elixir_sense/core/normalized/macro/env.ex:54: anonymous fn/5 in XPElixirSense.Core.Normalized.Macro.Env.wrap_expansion/7
    (xp_elixir_sense 2.0.0) lib/elixir_sense/core/compiler.ex:2144: XPElixirSense.Core.Compiler.expand_macro_callback/7
    (xp_elixir_sense 2.0.0) lib/elixir_sense/core/compiler.ex:117: XPElixirSense.Core.Compiler.expand/3
    (xp_elixir_sense 2.0.0) lib/elixir_sense/core/compiler.ex:2055: XPElixirSense.Core.Compiler.expand_macro/7
    (xp_elixir_sense 2.0.0) lib/elixir_sense/core/compiler.ex:117: XPElixirSense.Core.Compiler.expand/3
    (xp_elixir_sense 2.0.0) lib/elixir_sense/core/compiler.ex:2426: XPElixirSense.Core.Compiler.expand_block/5

13:54:45.339 [debug] sent notification server -> client textDocument/publishDiagnostics
13:54:45.339 [debug] Node port message: 
13:54:45.338 [info] Plugins found 0 results in 0.009 ms

13:54:45.365 [info] Local completions are: [exception: (EmptyError, OutOfBoundsError)   function: (__info__, all?, all?, any?, any?, at, at, chunk, chunk, chunk, chunk_by, chunk_every, chunk_every, chunk_every, chunk_while, concat, concat, count, count, count_until, count_until, dedup, dedup_by, drop, drop_every, drop_while, each, empty?, fetch, fetch!, filter, filter_map, find, find, find_index, find_value, find_value, flat_map, flat_map_reduce, frequencies, frequencies_by, group_by, group_by, intersperse, into, into, join, join, map, map_every, map_intersperse, map_join, map_join, map_reduce, max, max, max, max_by, max_by, max_by, member?, min, min, min, min_by, min_by, min_by, min_max, min_max, min_max_by, min_max_by, min_max_by, module_info, module_info, partition, product, product_by, random, reduce, reduce, reduce_while, reject, reverse, reverse, reverse_slice, scan, scan, shuffle, slice, slice, slide, sort, sort, sort_by, sort_by, split, split_while, split_with, sum, sum_by, take, take_every, take_random, take_while, to_list, uniq, uniq, uniq_by, unzip, with_index, with_index, zip, zip, zip_reduce, zip_reduce, zip_with, zip_with)   ]
13:54:45.381 [info] Emitting Completions: [3:__info__() 3:all?() 3:all?(fun) 3:any?() 3:any?(fun) 3:at(index) 3:at(index, default) 3:chunk(count) 3:chunk(n, step) 3:chunk(count, step, leftover) 3:chunk_by(fun) 3:chunk_every(count) 3:chunk_every(count, step) 3:chunk_every(count, step, leftover) 3:chunk_while(acc, chunk_fun, after_fun) 3:concat() 3:concat(right) 3:count() 3:count(fun) 3:count_until(limit) 3:count_until(fun, limit) 3:dedup() 3:dedup_by(fun) 3:drop(amount) 3:drop_every(nth) 3:drop_while(fun) 3:each(fun) 3:empty?() 3:fetch(index) 3:fetch!(index) 3:filter(fun) 3:filter_map(filter, mapper) 3:find(fun) 3:find(default, fun) 3:find_index(fun) 3:find_value(fun) 3:find_value(default, fun) 3:flat_map(fun) 3:flat_map_reduce(acc, fun) 3:frequencies() 3:frequencies_by(key_fun) 3:group_by(key_fun) 3:group_by(key_fun, value_fun) 3:intersperse(separator) 3:into(collectable) 3:into(collectable, transform) 3:join() 3:join(joiner) 3:map(fun) 3:map_every(nth, fun) 3:map_intersperse(separator, mapper) 3:map_join(mapper) 3:map_join(joiner, mapper) 3:map_reduce(acc, fun) 3:max() 3:max(sorter) 3:max(sorter, empty_fallback) 3:max_by(fun) 3:max_by(fun, sorter) 3:max_by(fun, sorter, empty_fallback) 3:member?(element) 3:min() 3:min(sorter) 3:min(sorter, empty_fallback) 3:min_by(fun) 3:min_by(fun, sorter) 3:min_by(fun, sorter, empty_fallback) 3:min_max() 3:min_max(empty_fallback) 3:min_max_by(fun) 3:min_max_by(fun, sorter_or_empty_fallback) 3:min_max_by(fun, sorter_or_empty_fallback, empty_fallback) 3:module_info() 3:partition(fun) 3:product() 3:product_by(mapper) 3:random() 3:reduce(fun) 3:reduce(acc, fun) 3:reduce_while(acc, fun) 3:reject(fun) 3:reverse() 3:reverse(tail) 3:reverse_slice(start_index, count) 3:scan(fun) 3:scan(acc, fun) 3:shuffle() 3:slice(index_range) 3:slice(start_index, amount) 3:slide(range_or_single_index, insertion_index) 3:sort() 3:sort(sorter) 3:sort_by(mapper) 3:sort_by(mapper, sorter) 3:split(count) 3:split_while(fun) 3:split_with(fun) 3:sum() 3:sum_by(mapper) 3:take(amount) 3:take_every(nth) 3:take_random(count) 3:take_while(fun) 3:to_list() 3:uniq() 3:uniq(fun) 3:uniq_by(fun) 3:unzip() 3:with_index() 3:with_index(fun_or_offset) 3:zip() 3:zip(enumerable2) 3:zip_reduce(acc, reducer) 3:zip_reduce(right, acc, reducer) 3:zip_with(zip_fun) 3:zip_with(enumerable2, zip_fun) ]
13:54:45.389 [debug] handled request client -> server textDocument/completion in 102ms
13:54:45.640 [debug] handled notification client -> server textDocument/didChange in 1ms
13:54:45.725 [debug] sent notification server -> client textDocument/publishDiagnostics
13:54:45.726 [debug] Node port message: 
13:54:45.725 [info] Plugins found 0 results in 0.01 ms

13:54:45.737 [debug] handled notification client -> server textDocument/didChange in 1ms
13:54:45.809 [debug] sent notification server -> client textDocument/publishDiagnostics
13:54:45.809 [debug] Node port message: 
13:54:45.809 [info] Plugins found 0 results in 0.009 ms

13:54:45.894 [debug] handled notification client -> server textDocument/didChange in 1ms
13:54:45.983 [debug] sent notification server -> client textDocument/publishDiagnostics
13:54:45.983 [debug] Node port message: 
13:54:45.983 [info] Plugins found 0 results in 0.013 ms

13:54:46.067 [debug] handled notification client -> server textDocument/didChange in 1ms
13:54:46.141 [debug] sent notification server -> client textDocument/publishDiagnostics
13:54:46.142 [debug] Node port message: 
13:54:46.141 [info] Plugins found 0 results in 0.011 ms

13:54:46.197 [debug] handled notification client -> server textDocument/didChange in 1ms
13:54:46.285 [debug] sent notification server -> client textDocument/publishDiagnostics
13:54:46.285 [debug] Node port message: 
13:54:46.285 [info] Plugins found 0 results in 0.01 ms

13:54:46.330 [debug] handled notification client -> server textDocument/didChange in 1ms
13:54:46.420 [debug] sent notification server -> client textDocument/publishDiagnostics
13:54:46.421 [debug] Node port message: 
13:54:46.420 [info] Plugins found 0 results in 0.013 ms

13:54:48.099 [debug] handled notification client -> server textDocument/didChange in 1ms
13:54:48.108 [debug] handled notification client -> server textDocument/didChange in 2ms
13:54:48.193 [debug] sent notification server -> client textDocument/publishDiagnostics
13:54:48.194 [debug] Node port message: 
13:54:48.193 [info] Plugins found 0 results in 0.008 ms

13:54:50.783 [debug] handled notification client -> server textDocument/didChange in 1ms
13:54:50.810 [info] Completion for XpPos<<39, 21>>
13:54:50.883 [debug] sent notification server -> client textDocument/publishDiagnostics
13:54:50.883 [debug] Node port message: 
13:54:50.882 [info] Plugins found 0 results in 0.015 ms

13:54:50.898 [info] Local completions are: [function: (floor, function_exported?)   macro: (fn, for)   variable: (f)   ]
13:54:50.899 [info] Emitting Completions: [6:f 3:floor(number) 3:function_exported?(module, function, arity) 3:fn(term) 7:for (comprehension) ]
13:54:50.900 [debug] handled request client -> server textDocument/completion in 115ms
13:54:50.913 [debug] handled notification client -> server textDocument/didChange in 1ms
13:54:50.964 [debug] Node port message: 
13:54:50.964 [info] Plugins found 0 results in 0.008 ms

13:54:50.966 [debug] sent notification server -> client textDocument/publishDiagnostics
13:54:51.246 [debug] handled notification client -> server textDocument/didChange in 1ms
13:54:51.298 [debug] Node port message: 
13:54:51.298 [info] Plugins found 0 results in 0.009 ms

13:54:51.300 [debug] sent notification server -> client textDocument/publishDiagnostics
13:54:53.401 [debug] handled notification client -> server textDocument/didChange in 965µs
13:54:53.452 [debug] Node port message: 
13:54:53.452 [info] Plugins found 0 results in 0.011 ms

13:54:53.454 [debug] sent notification server -> client textDocument/publishDiagnostics
13:54:53.860 [debug] handled notification client -> server textDocument/didChange in 1ms
13:54:53.886 [info] Completion for XpPos<<39, 25>>
13:54:53.918 [debug] sent notification server -> client textDocument/publishDiagnostics
13:54:53.919 [debug] Node port message: 
13:54:53.918 [info] Plugins found 0 results in 0.007 ms

13:54:53.948 [info] Local completions are: [macro: (__CALLER__, __DIR__, __ENV__, __MODULE__, __STACKTRACE__, __aliases__, __block__, __cursor__)   ]
13:54:53.949 [info] Emitting Completions: [21:__CALLER__ 21:__DIR__ 21:__ENV__ 21:__MODULE__ 21:__STACKTRACE__ 3:__cursor__(args) ]
13:54:53.951 [debug] handled request client -> server textDocument/completion in 90ms
13:54:54.232 [debug] handled notification client -> server textDocument/didChange in 819µs
13:54:54.284 [debug] Node port message: 
13:54:54.283 [info] Plugins found 0 results in 0.012 ms

13:54:54.286 [debug] sent notification server -> client textDocument/publishDiagnostics
13:54:54.592 [debug] handled notification client -> server textDocument/didChange in 986µs
13:54:54.617 [info] Completion for XpPos<<39, 25>>
13:54:54.645 [debug] sent notification server -> client textDocument/publishDiagnostics
13:54:54.645 [debug] Node port message: 
13:54:54.645 [info] Plugins found 0 results in 0.008 ms

13:54:54.672 [info] Local completions are: [macro: (__CALLER__, __DIR__, __ENV__, __MODULE__, __STACKTRACE__, __aliases__, __block__, __cursor__)   ]
13:54:54.673 [info] Emitting Completions: [21:__CALLER__ 21:__DIR__ 21:__ENV__ 21:__MODULE__ 21:__STACKTRACE__ 3:__cursor__(args) ]
13:54:54.674 [debug] handled request client -> server textDocument/completion in 81ms
13:54:54.694 [debug] handled notification client -> server textDocument/didChange in 1ms
13:54:54.746 [debug] Node port message: 
13:54:54.746 [info] Plugins found 0 results in 0.007 ms

13:54:54.748 [debug] sent notification server -> client textDocument/publishDiagnostics
13:54:54.844 [debug] handled notification client -> server textDocument/didChange in 1ms
13:54:54.895 [debug] Node port message: 
13:54:54.895 [info] Plugins found 0 results in 0.008 ms

13:54:54.897 [debug] sent notification server -> client textDocument/publishDiagnostics
13:54:57.036 [debug] handled notification client -> server textDocument/didChange in 1ms
13:54:57.059 [info] Completion for XpPos<<39, 26>>
13:54:57.095 [debug] sent notification server -> client textDocument/publishDiagnostics
13:54:57.096 [debug] Node port message: 
13:54:57.095 [info] Plugins found 0 results in 0.009 ms

13:54:57.119 [info] Local completions are: [macro: (__aliases__)   ]
13:54:57.119 [info] Emitting Completions: []
13:54:57.119 [debug] handled request client -> server textDocument/completion in 82ms
13:54:57.311 [debug] handled notification client -> server textDocument/didChange in 1ms
13:54:57.363 [debug] Node port message: 
13:54:57.362 [info] Plugins found 0 results in 0.011 ms

13:54:57.364 [debug] sent notification server -> client textDocument/publishDiagnostics
13:54:57.493 [debug] handled notification client -> server textDocument/didChange in 983µs
13:54:57.545 [debug] Node port message: 
13:54:57.544 [info] Plugins found 0 results in 0.011 ms

13:54:57.546 [debug] sent notification server -> client textDocument/publishDiagnostics
13:54:57.652 [debug] handled notification client -> server textDocument/didChange in 1ms
13:54:57.674 [info] Completion for XpPos<<39, 29>>
13:54:57.705 [debug] sent notification server -> client textDocument/publishDiagnostics
13:54:57.705 [debug] Node port message: 
13:54:57.705 [info] Plugins found 0 results in 0.008 ms

13:54:57.732 [info] Local completions are: [function: (binary_part, binary_slice, binary_slice, bit_size, byte_size)   macro: (binding, binding)   ]
13:54:57.733 [info] Emitting Completions: [3:binary_part(binary, start, size) 3:binary_slice(binary, range) 3:binary_slice(binary, start, size) 3:bit_size(bitstring) 3:byte_size(bitstring) 3:binding() 3:binding(context) ]
13:54:57.734 [debug] handled request client -> server textDocument/completion in 80ms
13:55:02.198 [debug] handled notification client -> server textDocument/didChange in 1ms
13:55:02.250 [debug] Node port message: 
13:55:02.250 [info] Plugins found 0 results in 0.009 ms

13:55:02.254 [debug] sent notification server -> client textDocument/publishDiagnostics
13:55:02.812 [debug] handled notification client -> server textDocument/didChange in 1ms
13:55:02.840 [info] Completion for XpPos<<39, 32>>
13:55:02.864 [debug] sent notification server -> client textDocument/publishDiagnostics
13:55:02.864 [debug] Node port message: 
13:55:02.864 [info] Plugins found 0 results in 0.005 ms

13:55:02.876 [info] Local completions are: [function: (-, -, --)   ]
13:55:02.877 [info] Emitting Completions: [3:-(value) 3:-(left, right) 3:--(left, right) ]
13:55:02.877 [debug] handled request client -> server textDocument/completion in 65ms
13:55:03.134 [debug] handled notification client -> server textDocument/didChange in 1ms
13:55:03.185 [debug] Node port message: 
13:55:03.185 [info] Plugins found 0 results in 0.008 ms

13:55:03.187 [debug] sent notification server -> client textDocument/publishDiagnostics
13:55:03.280 [debug] handled notification client -> server textDocument/didChange in 1ms
13:55:03.331 [debug] Node port message: 
13:55:03.331 [info] Plugins found 0 results in 0.008 ms

13:55:03.332 [debug] sent notification server -> client textDocument/publishDiagnostics
13:55:03.429 [debug] handled notification client -> server textDocument/didChange in 883µs
13:55:03.480 [debug] Node port message: 
13:55:03.480 [info] Plugins found 0 results in 0.008 ms

13:55:03.480 [debug] sent notification server -> client textDocument/publishDiagnostics
13:55:03.646 [debug] handled notification client -> server textDocument/didChange in 1ms
13:55:03.666 [info] Completion for XpPos<<39, 37>>
13:55:03.697 [debug] sent notification server -> client textDocument/publishDiagnostics
13:55:03.697 [debug] Node port message: 
13:55:03.697 [info] Plugins found 0 results in 0.006 ms

13:55:03.700 [info] Local completions are: [function: (binary_part, binary_slice, binary_slice, bit_size, byte_size)   macro: (binding, binding)   ]
13:55:03.701 [info] Emitting Completions: [3:binary_part(binary, start, size) 3:binary_slice(binary, range) 3:binary_slice(binary, start, size) 3:bit_size(bitstring) 3:byte_size(bitstring) 3:binding() 3:binding(context) ]
13:55:03.702 [debug] handled request client -> server textDocument/completion in 55ms
13:55:05.669 [debug] handled notification client -> server textDocument/didChange in 999µs
13:55:05.720 [debug] Node port message: 
13:55:05.720 [info] Plugins found 0 results in 0.011 ms

13:55:05.725 [debug] sent notification server -> client textDocument/publishDiagnostics
13:55:06.349 [debug] handled notification client -> server textDocument/didChange in 1ms
13:55:06.372 [info] Completion for XpPos<<39, 39>>
13:55:06.402 [debug] sent notification server -> client textDocument/publishDiagnostics
13:55:06.403 [debug] Node port message: 
13:55:06.402 [info] Plugins found 0 results in 0.008 ms

13:55:06.408 [info] Local completions are: [function: (-, -, --)   ]
13:55:06.409 [info] Emitting Completions: [3:-(value) 3:-(left, right) 3:--(left, right) ]
13:55:06.409 [debug] handled request client -> server textDocument/completion in 60ms
13:55:07.983 [debug] handled notification client -> server textDocument/didChange in 1ms
13:55:08.034 [debug] Node port message: 
13:55:08.034 [info] Plugins found 0 results in 0.009 ms

13:55:08.036 [debug] sent notification server -> client textDocument/publishDiagnostics
13:55:08.234 [debug] handled notification client -> server textDocument/didChange in 1ms
13:55:08.286 [debug] Node port message: 
13:55:08.286 [info] Plugins found 0 results in 0.008 ms

13:55:08.288 [debug] sent notification server -> client textDocument/publishDiagnostics
13:55:08.938 [debug] handled notification client -> server textDocument/didChange in 1ms
13:55:08.989 [debug] Node port message: 
13:55:08.989 [info] Plugins found 0 results in 0.009 ms

13:55:08.991 [debug] sent notification server -> client textDocument/publishDiagnostics
13:55:09.088 [debug] handled notification client -> server textDocument/didChange in 1ms
13:55:09.107 [info] Completion for XpPos<<39, 41>>
13:55:09.138 [info] Local completions are: [function: (node, node, not)   variable: (n)   ]
13:55:09.139 [info] Emitting Completions: [6:n 3:node() 3:node(arg) 3:not(value) ]
13:55:09.139 [debug] sent notification server -> client textDocument/publishDiagnostics
13:55:09.140 [debug] Node port message: 
13:55:09.139 [info] Plugins found 0 results in 0.009 ms

13:55:09.140 [debug] handled request client -> server textDocument/completion in 51ms
13:55:15.227 [debug] handled notification client -> server textDocument/didChange in 1ms
13:55:15.279 [debug] Node port message: 
13:55:15.278 [info] Plugins found 0 results in 0.027 ms

13:55:15.280 [debug] sent notification server -> client textDocument/publishDiagnostics
13:55:15.365 [debug] handled notification client -> server textDocument/didChange in 1ms
13:55:15.387 [info] Completion for XpPos<<39, 43>>
13:55:15.416 [debug] sent notification server -> client textDocument/publishDiagnostics
13:55:15.417 [debug] Node port message: 
13:55:15.416 [info] Plugins found 0 results in 0.006 ms

13:55:15.420 [info] Local completions are: [function: (ex1l, ex1m, elem, exit)   ]
13:55:15.421 [info] Emitting Completions: [3:ex1l() 3:ex1m() 3:elem(tuple, index) 3:exit(reason) ]
13:55:15.422 [debug] handled request client -> server textDocument/completion in 56ms
13:55:15.498 [debug] handled notification client -> server textDocument/didChange in 1ms
13:55:15.549 [debug] Node port message: 
13:55:15.549 [info] Plugins found 0 results in 0.009 ms

13:55:15.554 [debug] sent notification server -> client textDocument/publishDiagnostics
13:55:15.637 [debug] handled notification client -> server textDocument/didChange in 1ms
13:55:15.659 [info] Completion for XpPos<<39, 45>>
13:55:15.688 [debug] sent notification server -> client textDocument/publishDiagnostics
13:55:15.689 [debug] Node port message: 
13:55:15.688 [info] Plugins found 0 results in 0.008 ms

13:55:15.694 [info] Local completions are: []
13:55:15.694 [info] Emitting Completions: []
13:55:15.694 [debug] handled request client -> server textDocument/completion in 57ms
13:55:16.130 [debug] handled notification client -> server textDocument/didChange in 1ms
13:55:16.181 [debug] Node port message: 
13:55:16.181 [info] Plugins found 0 results in 0.009 ms

13:55:16.186 [debug] sent notification server -> client textDocument/publishDiagnostics
13:55:16.799 [debug] handled notification client -> server textDocument/didChange in 986µs
13:55:16.850 [debug] Node port message: 
13:55:16.850 [info] Plugins found 0 results in 0.007 ms

13:55:16.852 [debug] sent notification server -> client textDocument/publishDiagnostics
13:55:19.127 [debug] handled notification client -> server textDocument/didChange in 1ms
13:55:19.151 [info] Completion for XpPos<<39, 31>>
13:55:19.181 [debug] Node port message: 
13:55:19.180 [info] Plugins found 0 results in 0.008 ms

13:55:19.181 [debug] sent notification server -> client textDocument/publishDiagnostics
13:55:19.204 [info] Local completions are: [function: (binary_part, binary_slice, binary_slice, bit_size, byte_size)   macro: (binding, binding)   ]
13:55:19.206 [info] Emitting Completions: [3:binary_part(binary, start, size) 3:binary_slice(binary, range) 3:binary_slice(binary, start, size) 3:bit_size(bitstring) 3:byte_size(bitstring) 3:binding() 3:binding(context) ]
13:55:19.206 [debug] handled request client -> server textDocument/completion in 79ms
13:55:19.619 [debug] handled notification client -> server textDocument/didChange in 1ms
13:55:19.671 [debug] Node port message: 
13:55:19.670 [info] Plugins found 0 results in 0.011 ms

13:55:19.674 [debug] sent notification server -> client textDocument/publishDiagnostics
13:55:20.222 [debug] handled notification client -> server textDocument/didChange in 1ms
13:55:20.246 [info] Completion for XpPos<<39, 31>>
13:55:20.273 [debug] sent notification server -> client textDocument/publishDiagnostics
13:55:20.274 [debug] Node port message: 
13:55:20.273 [info] Plugins found 0 results in 0.009 ms

13:55:20.308 [info] Local completions are: [function: (binary_part, binary_slice, binary_slice, bit_size, byte_size)   macro: (binding, binding)   ]
13:55:20.310 [info] Emitting Completions: [3:binary_part(binary, start, size) 3:binary_slice(binary, range) 3:binary_slice(binary, start, size) 3:bit_size(bitstring) 3:byte_size(bitstring) 3:binding() 3:binding(context) ]
13:55:20.310 [debug] handled request client -> server textDocument/completion in 88ms
13:55:20.597 [debug] handled notification client -> server textDocument/didChange in 973µs
13:55:20.648 [debug] Node port message: 
13:55:20.648 [info] Plugins found 0 results in 0.011 ms

13:55:20.650 [debug] sent notification server -> client textDocument/publishDiagnostics
13:55:27.445 [debug] handled notification client -> server textDocument/didChange in 1ms
13:55:27.496 [debug] Node port message: 
13:55:27.496 [info] Plugins found 0 results in 0.007 ms

13:55:27.498 [debug] sent notification server -> client textDocument/publishDiagnostics
13:55:27.593 [debug] handled notification client -> server textDocument/didChange in 848µs
13:55:27.644 [debug] Node port message: 
13:55:27.644 [info] Plugins found 0 results in 0.01 ms

13:55:27.646 [debug] sent notification server -> client textDocument/publishDiagnostics
13:55:28.136 [debug] handled notification client -> server textDocument/didChange in 1ms
13:55:28.187 [debug] Node port message: 
13:55:28.187 [info] Plugins found 0 results in 0.006 ms

13:55:28.189 [debug] sent notification server -> client textDocument/publishDiagnostics
13:55:28.283 [debug] handled notification client -> server textDocument/didChange in 686µs
13:55:28.335 [debug] Node port message: 
13:55:28.334 [info] Plugins found 0 results in 0.011 ms

13:55:28.336 [debug] sent notification server -> client textDocument/publishDiagnostics
13:55:28.833 [debug] handled notification client -> server textDocument/didChange in 913µs
13:55:28.885 [debug] Node port message: 
13:55:28.884 [info] Plugins found 0 results in 0.009 ms

13:55:28.886 [debug] sent notification server -> client textDocument/publishDiagnostics
13:55:29.547 [debug] handled notification client -> server textDocument/didChange in 1ms
13:55:29.599 [debug] Node port message: 
13:55:29.598 [info] Plugins found 0 results in 0.009 ms

13:55:29.600 [debug] sent notification server -> client textDocument/publishDiagnostics
13:55:29.852 [debug] handled notification client -> server textDocument/didChange in 1ms
13:55:29.903 [debug] Node port message: 
13:55:29.903 [info] Plugins found 0 results in 0.009 ms

13:55:29.905 [debug] sent notification server -> client textDocument/publishDiagnostics
13:55:32.082 [debug] handled notification client -> server textDocument/didChange in 1ms
13:55:32.134 [debug] Node port message: 
13:55:32.134 [info] Plugins found 0 results in 0.009 ms

13:55:32.136 [debug] sent notification server -> client textDocument/publishDiagnostics
13:55:32.231 [debug] handled notification client -> server textDocument/didChange in 1ms
13:55:32.282 [debug] Node port message: 
13:55:32.282 [info] Plugins found 0 results in 0.01 ms

13:55:32.284 [debug] sent notification server -> client textDocument/publishDiagnostics
13:55:32.381 [debug] handled notification client -> server textDocument/didChange in 901µs
13:55:32.433 [debug] Node port message: 
13:55:32.433 [info] Plugins found 0 results in 0.008 ms

13:55:32.435 [debug] sent notification server -> client textDocument/publishDiagnostics
13:55:33.092 [debug] handled notification client -> server textDocument/didChange in 1ms
13:55:33.114 [info] Completion for XpPos<<40, 7>>
13:55:33.117 [warning] ** (ArgumentError) cannot pipe nil into E, can only pipe into local calls foo(), remote calls Foo.bar() or anonymous function calls foo.()
    (elixir 1.18.3) lib/macro.ex:265: Macro.pipe/3
    (stdlib 6.2.2.1) lists.erl:2146: :lists.foldl/3
    (xp_elixir_sense 2.0.0) lib/elixir_sense/core/normalized/macro/env.ex:54: anonymous fn/5 in XPElixirSense.Core.Normalized.Macro.Env.wrap_expansion/7
    (xp_elixir_sense 2.0.0) lib/elixir_sense/core/compiler.ex:2144: XPElixirSense.Core.Compiler.expand_macro_callback/7
    (xp_elixir_sense 2.0.0) lib/elixir_sense/core/compiler.ex:117: XPElixirSense.Core.Compiler.expand/3
    (xp_elixir_sense 2.0.0) lib/elixir_sense/core/compiler.ex:2426: XPElixirSense.Core.Compiler.expand_block/5
    (xp_elixir_sense 2.0.0) lib/elixir_sense/core/compiler.ex:202: XPElixirSense.Core.Compiler.do_expand/3
    (xp_elixir_sense 2.0.0) lib/elixir_sense/core/compiler.ex:117: XPElixirSense.Core.Compiler.expand/3

13:55:33.147 [debug] sent notification server -> client textDocument/publishDiagnostics
13:55:33.148 [debug] Node port message: 
13:55:33.147 [info] Plugins found 0 results in 0.007 ms

13:55:33.158 [info] Local completions are: [behaviour: (Exception)   exception: (ErlangError)   module: (EEx, Elixir, Enum, ExUnit)   protocol: (Enumerable)   ]
13:55:33.159 [info] Emitting Completions: [9:EEx 9:Elixir 9:Enum 9:Enumerable 9:ExUnit 9:Exception ]
13:55:33.160 [debug] handled request client -> server textDocument/completion in 67ms
13:55:33.272 [debug] handled notification client -> server textDocument/didChange in 1ms
13:55:33.324 [debug] Node port message: 
13:55:33.324 [info] Plugins found 0 results in 0.009 ms

13:55:33.327 [debug] sent notification server -> client textDocument/publishDiagnostics
13:55:33.507 [debug] handled notification client -> server textDocument/didChange in 1ms
13:55:33.558 [debug] Node port message: 
13:55:33.558 [info] Plugins found 0 results in 0.008 ms

13:55:33.561 [debug] sent notification server -> client textDocument/publishDiagnostics
13:55:33.732 [debug] handled notification client -> server textDocument/didChange in 1ms
13:55:33.784 [debug] Node port message: 
13:55:33.784 [info] Plugins found 0 results in 0.009 ms

13:55:33.786 [debug] sent notification server -> client textDocument/publishDiagnostics
13:55:34.165 [debug] handled notification client -> server textDocument/didChange in 1ms
13:55:34.184 [info] Completion for XpPos<<40, 11>>
13:55:34.221 [debug] sent notification server -> client textDocument/publishDiagnostics
13:55:34.221 [debug] Node port message: 
13:55:34.221 [info] Plugins found 0 results in 0.01 ms

13:55:34.256 [info] Local completions are: [exception: (EmptyError, OutOfBoundsError)   function: (__info__, all?, all?, any?, any?, at, at, chunk, chunk, chunk, chunk_by, chunk_every, chunk_every, chunk_every, chunk_while, concat, concat, count, count, count_until, count_until, dedup, dedup_by, drop, drop_every, drop_while, each, empty?, fetch, fetch!, filter, filter_map, find, find, find_index, find_value, find_value, flat_map, flat_map_reduce, frequencies, frequencies_by, group_by, group_by, intersperse, into, into, join, join, map, map_every, map_intersperse, map_join, map_join, map_reduce, max, max, max, max_by, max_by, max_by, member?, min, min, min, min_by, min_by, min_by, min_max, min_max, min_max_by, min_max_by, min_max_by, module_info, module_info, partition, product, product_by, random, reduce, reduce, reduce_while, reject, reverse, reverse, reverse_slice, scan, scan, shuffle, slice, slice, slide, sort, sort, sort_by, sort_by, split, split_while, split_with, sum, sum_by, take, take_every, take_random, take_while, to_list, uniq, uniq, uniq_by, unzip, with_index, with_index, zip, zip, zip_reduce, zip_reduce, zip_with, zip_with)   ]
13:55:34.270 [info] Emitting Completions: [3:__info__() 3:all?() 3:all?(fun) 3:any?() 3:any?(fun) 3:at(index) 3:at(index, default) 3:chunk(count) 3:chunk(n, step) 3:chunk(count, step, leftover) 3:chunk_by(fun) 3:chunk_every(count) 3:chunk_every(count, step) 3:chunk_every(count, step, leftover) 3:chunk_while(acc, chunk_fun, after_fun) 3:concat() 3:concat(right) 3:count() 3:count(fun) 3:count_until(limit) 3:count_until(fun, limit) 3:dedup() 3:dedup_by(fun) 3:drop(amount) 3:drop_every(nth) 3:drop_while(fun) 3:each(fun) 3:empty?() 3:fetch(index) 3:fetch!(index) 3:filter(fun) 3:filter_map(filter, mapper) 3:find(fun) 3:find(default, fun) 3:find_index(fun) 3:find_value(fun) 3:find_value(default, fun) 3:flat_map(fun) 3:flat_map_reduce(acc, fun) 3:frequencies() 3:frequencies_by(key_fun) 3:group_by(key_fun) 3:group_by(key_fun, value_fun) 3:intersperse(separator) 3:into(collectable) 3:into(collectable, transform) 3:join() 3:join(joiner) 3:map(fun) 3:map_every(nth, fun) 3:map_intersperse(separator, mapper) 3:map_join(mapper) 3:map_join(joiner, mapper) 3:map_reduce(acc, fun) 3:max() 3:max(sorter) 3:max(sorter, empty_fallback) 3:max_by(fun) 3:max_by(fun, sorter) 3:max_by(fun, sorter, empty_fallback) 3:member?(element) 3:min() 3:min(sorter) 3:min(sorter, empty_fallback) 3:min_by(fun) 3:min_by(fun, sorter) 3:min_by(fun, sorter, empty_fallback) 3:min_max() 3:min_max(empty_fallback) 3:min_max_by(fun) 3:min_max_by(fun, sorter_or_empty_fallback) 3:min_max_by(fun, sorter_or_empty_fallback, empty_fallback) 3:module_info() 3:partition(fun) 3:product() 3:product_by(mapper) 3:random() 3:reduce(fun) 3:reduce(acc, fun) 3:reduce_while(acc, fun) 3:reject(fun) 3:reverse() 3:reverse(tail) 3:reverse_slice(start_index, count) 3:scan(fun) 3:scan(acc, fun) 3:shuffle() 3:slice(index_range) 3:slice(start_index, amount) 3:slide(range_or_single_index, insertion_index) 3:sort() 3:sort(sorter) 3:sort_by(mapper) 3:sort_by(mapper, sorter) 3:split(count) 3:split_while(fun) 3:split_with(fun) 3:sum() 3:sum_by(mapper) 3:take(amount) 3:take_every(nth) 3:take_random(count) 3:take_while(fun) 3:to_list() 3:uniq() 3:uniq(fun) 3:uniq_by(fun) 3:unzip() 3:with_index() 3:with_index(fun_or_offset) 3:zip() 3:zip(enumerable2) 3:zip_reduce(acc, reducer) 3:zip_reduce(right, acc, reducer) 3:zip_with(zip_fun) 3:zip_with(enumerable2, zip_fun) ]
13:55:34.280 [debug] handled request client -> server textDocument/completion in 112ms
13:55:34.920 [debug] handled notification client -> server textDocument/didChange in 1ms
13:55:34.971 [debug] Node port message: 
13:55:34.971 [info] Plugins found 0 results in 0.01 ms

13:55:34.973 [debug] sent notification server -> client textDocument/publishDiagnostics
13:55:35.206 [debug] handled notification client -> server textDocument/didChange in 1ms
13:55:35.257 [debug] Node port message: 
13:55:35.257 [info] Plugins found 0 results in 0.008 ms

13:55:35.259 [debug] sent notification server -> client textDocument/publishDiagnostics
13:55:35.306 [debug] handled notification client -> server textDocument/didChange in 1ms
13:55:35.357 [debug] Node port message: 
13:55:35.357 [info] Plugins found 0 results in 0.007 ms

13:55:35.359 [debug] sent notification server -> client textDocument/publishDiagnostics
13:55:36.221 [debug] handled notification client -> server textDocument/didChange in 1ms
13:55:36.240 [info] Completion for XpPos<<40, 13>>
13:55:36.274 [debug] sent notification server -> client textDocument/publishDiagnostics
13:55:36.275 [debug] Node port message: 
13:55:36.274 [info] Plugins found 0 results in 0.006 ms

13:55:36.281 [info] Local completions are: [function: (partition)   ]
13:55:36.281 [info] Emitting Completions: [3:partition(fun) ]
13:55:36.281 [debug] handled request client -> server textDocument/completion in 60ms
13:55:36.298 [debug] handled notification client -> server textDocument/didChange in 1ms
13:55:36.350 [debug] Node port message: 
13:55:36.349 [info] Plugins found 0 results in 0.009 ms

13:55:36.351 [debug] sent notification server -> client textDocument/publishDiagnostics
13:55:36.524 [debug] handled notification client -> server textDocument/didChange in 1ms
13:55:36.575 [debug] Node port message: 
13:55:36.575 [info] Plugins found 0 results in 0.007 ms

13:55:36.577 [debug] sent notification server -> client textDocument/publishDiagnostics
13:55:38.111 [debug] handled notification client -> server textDocument/didChange in 832µs
13:55:38.130 [info] Completion for XpPos<<40, 14>>
13:55:38.162 [debug] sent notification server -> client textDocument/publishDiagnostics
13:55:38.163 [debug] Node port message: 
13:55:38.162 [info] Plugins found 0 results in 0.005 ms

13:55:38.163 [info] Local completions are: [function: (partition)   ]
13:55:38.164 [info] Emitting Completions: [3:partition(fun) ]
13:55:38.164 [debug] handled request client -> server textDocument/completion in 52ms
13:55:38.298 [debug] handled notification client -> server textDocument/didChange in 1ms
13:55:38.321 [info] Completion for XpPos<<40, 13>>
13:55:38.349 [debug] sent notification server -> client textDocument/publishDiagnostics
13:55:38.350 [debug] Node port message: 
13:55:38.349 [info] Plugins found 0 results in 0.007 ms

13:55:38.355 [info] Local completions are: [function: (partition)   ]
13:55:38.356 [info] Emitting Completions: [3:partition(fun) ]
13:55:38.356 [debug] handled request client -> server textDocument/completion in 58ms
13:55:38.472 [debug] handled notification client -> server textDocument/didChange in 1ms
13:55:38.494 [info] Completion for XpPos<<40, 12>>
13:55:38.523 [debug] sent notification server -> client textDocument/publishDiagnostics
13:55:38.524 [debug] Node port message: 
13:55:38.523 [info] Plugins found 0 results in 0.006 ms

13:55:38.526 [info] Local completions are: [function: (partition, product, product_by)   ]
13:55:38.527 [info] Emitting Completions: [3:partition(fun) 3:product() 3:product_by(mapper) ]
13:55:38.528 [debug] handled request client -> server textDocument/completion in 55ms
13:55:38.694 [debug] handled notification client -> server textDocument/didChange in 1ms
13:55:38.712 [info] Completion for XpPos<<40, 11>>
13:55:38.745 [debug] sent notification server -> client textDocument/publishDiagnostics
13:55:38.746 [debug] Node port message: 
13:55:38.745 [info] Plugins found 0 results in 0.005 ms

13:55:38.772 [info] Local completions are: [exception: (EmptyError, OutOfBoundsError)   function: (__info__, all?, all?, any?, any?, at, at, chunk, chunk, chunk, chunk_by, chunk_every, chunk_every, chunk_every, chunk_while, concat, concat, count, count, count_until, count_until, dedup, dedup_by, drop, drop_every, drop_while, each, empty?, fetch, fetch!, filter, filter_map, find, find, find_index, find_value, find_value, flat_map, flat_map_reduce, frequencies, frequencies_by, group_by, group_by, intersperse, into, into, join, join, map, map_every, map_intersperse, map_join, map_join, map_reduce, max, max, max, max_by, max_by, max_by, member?, min, min, min, min_by, min_by, min_by, min_max, min_max, min_max_by, min_max_by, min_max_by, module_info, module_info, partition, product, product_by, random, reduce, reduce, reduce_while, reject, reverse, reverse, reverse_slice, scan, scan, shuffle, slice, slice, slide, sort, sort, sort_by, sort_by, split, split_while, split_with, sum, sum_by, take, take_every, take_random, take_while, to_list, uniq, uniq, uniq_by, unzip, with_index, with_index, zip, zip, zip_reduce, zip_reduce, zip_with, zip_with)   ]
13:55:38.785 [info] Emitting Completions: [3:__info__() 3:all?() 3:all?(fun) 3:any?() 3:any?(fun) 3:at(index) 3:at(index, default) 3:chunk(count) 3:chunk(n, step) 3:chunk(count, step, leftover) 3:chunk_by(fun) 3:chunk_every(count) 3:chunk_every(count, step) 3:chunk_every(count, step, leftover) 3:chunk_while(acc, chunk_fun, after_fun) 3:concat() 3:concat(right) 3:count() 3:count(fun) 3:count_until(limit) 3:count_until(fun, limit) 3:dedup() 3:dedup_by(fun) 3:drop(amount) 3:drop_every(nth) 3:drop_while(fun) 3:each(fun) 3:empty?() 3:fetch(index) 3:fetch!(index) 3:filter(fun) 3:filter_map(filter, mapper) 3:find(fun) 3:find(default, fun) 3:find_index(fun) 3:find_value(fun) 3:find_value(default, fun) 3:flat_map(fun) 3:flat_map_reduce(acc, fun) 3:frequencies() 3:frequencies_by(key_fun) 3:group_by(key_fun) 3:group_by(key_fun, value_fun) 3:intersperse(separator) 3:into(collectable) 3:into(collectable, transform) 3:join() 3:join(joiner) 3:map(fun) 3:map_every(nth, fun) 3:map_intersperse(separator, mapper) 3:map_join(mapper) 3:map_join(joiner, mapper) 3:map_reduce(acc, fun) 3:max() 3:max(sorter) 3:max(sorter, empty_fallback) 3:max_by(fun) 3:max_by(fun, sorter) 3:max_by(fun, sorter, empty_fallback) 3:member?(element) 3:min() 3:min(sorter) 3:min(sorter, empty_fallback) 3:min_by(fun) 3:min_by(fun, sorter) 3:min_by(fun, sorter, empty_fallback) 3:min_max() 3:min_max(empty_fallback) 3:min_max_by(fun) 3:min_max_by(fun, sorter_or_empty_fallback) 3:min_max_by(fun, sorter_or_empty_fallback, empty_fallback) 3:module_info() 3:partition(fun) 3:product() 3:product_by(mapper) 3:random() 3:reduce(fun) 3:reduce(acc, fun) 3:reduce_while(acc, fun) 3:reject(fun) 3:reverse() 3:reverse(tail) 3:reverse_slice(start_index, count) 3:scan(fun) 3:scan(acc, fun) 3:shuffle() 3:slice(index_range) 3:slice(start_index, amount) 3:slide(range_or_single_index, insertion_index) 3:sort() 3:sort(sorter) 3:sort_by(mapper) 3:sort_by(mapper, sorter) 3:split(count) 3:split_while(fun) 3:split_with(fun) 3:sum() 3:sum_by(mapper) 3:take(amount) 3:take_every(nth) 3:take_random(count) 3:take_while(fun) 3:to_list() 3:uniq() 3:uniq(fun) 3:uniq_by(fun) 3:unzip() 3:with_index() 3:with_index(fun_or_offset) 3:zip() 3:zip(enumerable2) 3:zip_reduce(acc, reducer) 3:zip_reduce(right, acc, reducer) 3:zip_with(zip_fun) 3:zip_with(enumerable2, zip_fun) ]
13:55:38.793 [debug] handled request client -> server textDocument/completion in 98ms
13:55:38.978 [debug] handled notification client -> server textDocument/didChange in 1ms
13:55:39.029 [debug] Node port message: 
13:55:39.029 [info] Plugins found 0 results in 0.006 ms

13:55:39.031 [debug] sent notification server -> client textDocument/publishDiagnostics
13:55:39.142 [debug] handled notification client -> server textDocument/didChange in 1ms
13:55:39.143 [debug] handled notification client -> server textDocument/didChange in 1ms
13:55:39.194 [debug] Node port message: 
13:55:39.194 [info] Plugins found 0 results in 0.007 ms

13:55:39.196 [debug] sent notification server -> client textDocument/publishDiagnostics
13:55:39.683 [debug] handled notification client -> server textDocument/didChange in 1ms
13:55:39.705 [info] Completion for XpPos<<40, 13>>
13:55:39.735 [debug] sent notification server -> client textDocument/publishDiagnostics
13:55:39.735 [debug] Node port message: 
13:55:39.735 [info] Plugins found 0 results in 0.005 ms

13:55:39.741 [info] Local completions are: [function: (map, map_every, map_intersperse, map_join, map_join, map_reduce)   ]
13:55:39.742 [info] Emitting Completions: [3:map(fun) 3:map_every(nth, fun) 3:map_intersperse(separator, mapper) 3:map_join(mapper) 3:map_join(joiner, mapper) 3:map_reduce(acc, fun) ]
13:55:39.742 [debug] handled request client -> server textDocument/completion in 59ms
13:55:39.842 [debug] handled notification client -> server textDocument/didChange in 1ms
13:55:39.863 [info] Completion for XpPos<<40, 12>>
13:55:39.894 [debug] sent notification server -> client textDocument/publishDiagnostics
13:55:39.895 [debug] Node port message: 
13:55:39.894 [info] Plugins found 0 results in 0.01 ms

13:55:39.903 [info] Local completions are: [function: (map, map_every, map_intersperse, map_join, map_join, map_reduce, max, max, max, max_by, max_by, max_by, member?, min, min, min, min_by, min_by, min_by, min_max, min_max, min_max_by, min_max_by, min_max_by, module_info, module_info)   ]
13:55:39.907 [info] Emitting Completions: [3:map(fun) 3:map_every(nth, fun) 3:map_intersperse(separator, mapper) 3:map_join(mapper) 3:map_join(joiner, mapper) 3:map_reduce(acc, fun) 3:max() 3:max(sorter) 3:max(sorter, empty_fallback) 3:max_by(fun) 3:max_by(fun, sorter) 3:max_by(fun, sorter, empty_fallback) 3:member?(element) 3:min() 3:min(sorter) 3:min(sorter, empty_fallback) 3:min_by(fun) 3:min_by(fun, sorter) 3:min_by(fun, sorter, empty_fallback) 3:min_max() 3:min_max(empty_fallback) 3:min_max_by(fun) 3:min_max_by(fun, sorter_or_empty_fallback) 3:min_max_by(fun, sorter_or_empty_fallback, empty_fallback) 3:module_info() ]
13:55:39.909 [debug] handled request client -> server textDocument/completion in 66ms
13:55:39.917 [debug] handled notification client -> server textDocument/didChange in 1ms
13:55:39.968 [debug] Node port message: 
13:55:39.968 [info] Plugins found 0 results in 0.006 ms

13:55:39.970 [debug] sent notification server -> client textDocument/publishDiagnostics
13:55:40.089 [debug] handled notification client -> server textDocument/didChange in 1ms
13:55:40.140 [debug] Node port message: 
13:55:40.140 [info] Plugins found 0 results in 0.009 ms

13:55:40.142 [debug] sent notification server -> client textDocument/publishDiagnostics
13:55:44.166 [debug] handled notification client -> server textDocument/didChange in 1ms
13:55:44.217 [debug] Node port message: 
13:55:44.217 [info] Plugins found 0 results in 0.007 ms

13:55:44.219 [debug] sent notification server -> client textDocument/publishDiagnostics
13:55:44.314 [debug] handled notification client -> server textDocument/didChange in 839µs
13:55:44.367 [debug] Node port message: 
13:55:44.366 [info] Plugins found 0 results in 0.011 ms

13:55:44.368 [debug] sent notification server -> client textDocument/publishDiagnostics
13:55:45.238 [debug] handled notification client -> server textDocument/didChange in 1ms
13:55:45.289 [debug] Node port message: 
13:55:45.289 [info] Plugins found 0 results in 0.008 ms

13:55:45.291 [debug] sent notification server -> client textDocument/publishDiagnostics
13:55:45.387 [debug] handled notification client -> server textDocument/didChange in 973µs
13:55:45.439 [debug] Node port message: 
13:55:45.438 [info] Plugins found 0 results in 0.009 ms

13:55:45.440 [debug] sent notification server -> client textDocument/publishDiagnostics
13:55:50.080 [debug] handled notification client -> server textDocument/didChange in 1ms
13:55:50.132 [debug] Node port message: 
13:55:50.132 [info] Plugins found 0 results in 0.008 ms

13:55:50.134 [debug] sent notification server -> client textDocument/publishDiagnostics
13:55:50.229 [debug] handled notification client -> server textDocument/didChange in 1ms
13:55:50.282 [debug] Node port message: 
13:55:50.281 [info] Plugins found 0 results in 0.008 ms

13:55:50.283 [debug] sent notification server -> client textDocument/publishDiagnostics
13:55:50.537 [debug] handled notification client -> server textDocument/didChange in 1ms
13:55:50.559 [info] Completion for XpPos<<40, 16>>
13:55:50.590 [debug] sent notification server -> client textDocument/publishDiagnostics
13:55:50.590 [debug] Node port message: 
13:55:50.590 [info] Plugins found 0 results in 0.021 ms

13:55:50.607 [info] Local completions are: [function: (floor, function_exported?)   macro: (fn, for)   variable: (f)   ]
13:55:50.608 [info] Emitting Completions: [6:f 3:floor(number) 3:function_exported?(module, function, arity) 3:fn(term) 7:for (comprehension) ]
13:55:50.610 [debug] handled request client -> server textDocument/completion in 72ms
13:55:50.724 [debug] handled notification client -> server textDocument/didChange in 1ms
13:55:50.776 [debug] Node port message: 
13:55:50.775 [info] Plugins found 0 results in 0.009 ms

13:55:50.779 [debug] sent notification server -> client textDocument/publishDiagnostics
13:56:01.421 [debug] handled notification client -> server textDocument/didChange in 1ms
13:56:01.472 [debug] Node port message: 
13:56:01.472 [info] Plugins found 0 results in 0.008 ms

13:56:01.474 [debug] sent notification server -> client textDocument/publishDiagnostics
13:56:02.035 [debug] handled notification client -> server textDocument/didChange in 1ms
13:56:02.086 [debug] Node port message: 
13:56:02.086 [info] Plugins found 0 results in 0.009 ms

13:56:02.089 [debug] sent notification server -> client textDocument/publishDiagnostics
13:56:02.183 [debug] handled notification client -> server textDocument/didChange in 869µs
13:56:02.234 [debug] Node port message: 
13:56:02.234 [info] Plugins found 0 results in 0.008 ms

13:56:02.236 [debug] sent notification server -> client textDocument/publishDiagnostics
13:56:04.913 [debug] handled notification client -> server textDocument/didChange in 978µs
13:56:04.965 [debug] Node port message: 
13:56:04.964 [info] Plugins found 0 results in 0.009 ms

13:56:04.967 [debug] sent notification server -> client textDocument/publishDiagnostics
13:56:05.527 [debug] handled notification client -> server textDocument/didChange in 1ms
13:56:05.578 [debug] Node port message: 
13:56:05.578 [info] Plugins found 0 results in 0.01 ms

13:56:05.580 [debug] sent notification server -> client textDocument/publishDiagnostics
13:56:06.574 [debug] handled notification client -> server textDocument/didChange in 997µs
13:56:06.625 [debug] Node port message: 
13:56:06.625 [info] Plugins found 0 results in 0.01 ms

13:56:06.627 [debug] sent notification server -> client textDocument/publishDiagnostics
13:56:15.056 [debug] handled notification client -> server textDocument/didChange in 959µs
13:56:15.107 [debug] Node port message: 
13:56:15.107 [info] Plugins found 0 results in 0.01 ms

13:56:15.109 [debug] sent notification server -> client textDocument/publishDiagnostics
13:56:15.205 [debug] handled notification client -> server textDocument/didChange in 963µs
13:56:15.256 [debug] Node port message: 
13:56:15.256 [info] Plugins found 0 results in 0.01 ms

13:56:15.258 [debug] sent notification server -> client textDocument/publishDiagnostics
13:56:17.918 [debug] handled notification client -> server textDocument/didChange in 920µs
13:56:17.939 [info] Completion for XpPos<<40, 19>>
13:56:17.970 [debug] sent notification server -> client textDocument/publishDiagnostics
13:56:17.970 [debug] Node port message: 
13:56:17.969 [info] Plugins found 0 results in 0.007 ms

13:56:17.996 [info] Local completions are: [function: (abs, apply, apply)   macro: (alias, alias!, and)   ]
13:56:17.997 [info] Emitting Completions: [3:abs(number) 3:apply(fun, args) 3:apply(module, function_name, args) 7:alias (alias a module's name) ]
13:56:17.997 [debug] handled request client -> server textDocument/completion in 78ms
13:56:18.067 [debug] handled notification client -> server textDocument/didChange in 1ms
13:56:18.118 [debug] Node port message: 
13:56:18.118 [info] Plugins found 0 results in 0.008 ms

13:56:18.120 [debug] sent notification server -> client textDocument/publishDiagnostics
13:56:18.241 [debug] handled notification client -> server textDocument/didChange in 911µs
13:56:18.292 [debug] Node port message: 
13:56:18.292 [info] Plugins found 0 results in 0.011 ms

13:56:18.294 [debug] sent notification server -> client textDocument/publishDiagnostics
13:56:19.784 [debug] handled notification client -> server textDocument/didChange in 1ms
13:56:19.835 [debug] Node port message: 
13:56:19.835 [info] Plugins found 0 results in 0.009 ms

13:56:19.837 [debug] sent notification server -> client textDocument/publishDiagnostics
13:56:20.159 [debug] handled notification client -> server textDocument/didChange in 959µs
13:56:20.210 [debug] Node port message: 
13:56:20.210 [info] Plugins found 0 results in 0.007 ms

13:56:20.212 [debug] sent notification server -> client textDocument/publishDiagnostics
13:56:20.360 [debug] handled notification client -> server textDocument/didChange in 1ms
13:56:20.382 [info] Completion for XpPos<<40, 22>>
13:56:20.419 [debug] sent notification server -> client textDocument/publishDiagnostics
13:56:20.419 [debug] Node port message: 
13:56:20.419 [info] Plugins found 0 results in 0.008 ms

13:56:20.449 [info] Local completions are: [macro: (__CALLER__, __DIR__, __ENV__, __MODULE__, __STACKTRACE__, __aliases__, __block__, __cursor__)   ]
13:56:20.450 [info] Emitting Completions: [21:__CALLER__ 21:__DIR__ 21:__ENV__ 21:__MODULE__ 21:__STACKTRACE__ 3:__cursor__(args) ]
13:56:20.451 [debug] handled request client -> server textDocument/completion in 90ms
13:56:20.752 [debug] handled notification client -> server textDocument/didChange in 1ms
13:56:20.803 [debug] Node port message: 
13:56:20.803 [info] Plugins found 0 results in 0.006 ms

13:56:20.805 [debug] sent notification server -> client textDocument/publishDiagnostics
13:56:22.623 [debug] handled notification client -> server textDocument/didChange in 1ms
13:56:22.674 [debug] Node port message: 
13:56:22.674 [info] Plugins found 0 results in 0.009 ms

13:56:22.676 [debug] sent notification server -> client textDocument/publishDiagnostics
13:56:24.588 [debug] handled notification client -> server textDocument/didChange in 1ms
13:56:24.612 [info] Completion for XpPos<<40, 26>>
13:56:24.648 [debug] sent notification server -> client textDocument/publishDiagnostics
13:56:24.648 [debug] Node port message: 
13:56:24.648 [info] Plugins found 0 results in 0.012 ms

13:56:24.677 [info] Local completions are: [macro: (__CALLER__, __DIR__, __ENV__, __MODULE__, __STACKTRACE__, __aliases__, __block__, __cursor__)   ]
13:56:24.679 [info] Emitting Completions: [21:__CALLER__ 21:__DIR__ 21:__ENV__ 21:__MODULE__ 21:__STACKTRACE__ 3:__cursor__(args) ]
13:56:24.679 [debug] handled request client -> server textDocument/completion in 89ms
13:56:25.343 [debug] handled notification client -> server textDocument/didChange in 1ms
13:56:25.395 [debug] Node port message: 
13:56:25.395 [info] Plugins found 0 results in 0.009 ms

13:56:25.397 [debug] sent notification server -> client textDocument/publishDiagnostics
13:56:25.512 [debug] handled notification client -> server textDocument/didChange in 1ms
13:56:25.549 [info] Completion for XpPos<<40, 26>>
13:56:25.565 [debug] sent notification server -> client textDocument/publishDiagnostics
13:56:25.566 [debug] Node port message: 
13:56:25.565 [info] Plugins found 0 results in 0.008 ms

13:56:25.604 [info] Local completions are: [function: (-, -, --)   ]
13:56:25.605 [info] Emitting Completions: [3:-(value) 3:-(left, right) 3:--(left, right) ]
13:56:25.606 [debug] handled request client -> server textDocument/completion in 93ms
13:56:26.013 [debug] handled notification client -> server textDocument/didChange in 1ms
13:56:26.065 [debug] Node port message: 
13:56:26.064 [info] Plugins found 0 results in 0.012 ms

13:56:26.065 [debug] sent notification server -> client textDocument/publishDiagnostics
13:56:26.161 [debug] handled notification client -> server textDocument/didChange in 915µs
13:56:26.213 [debug] Node port message: 
13:56:26.212 [info] Plugins found 0 results in 0.01 ms

13:56:26.213 [debug] sent notification server -> client textDocument/publishDiagnostics
13:56:26.311 [debug] handled notification client -> server textDocument/didChange in 720µs
13:56:26.363 [debug] Node port message: 
13:56:26.362 [info] Plugins found 0 results in 0.01 ms

13:56:26.363 [debug] sent notification server -> client textDocument/publishDiagnostics
13:56:27.923 [debug] handled notification client -> server textDocument/didChange in 1ms
13:56:27.947 [info] Completion for XpPos<<40, 31>>
13:56:27.977 [debug] sent notification server -> client textDocument/publishDiagnostics
13:56:27.977 [debug] Node port message: 
13:56:27.977 [info] Plugins found 0 results in 0.007 ms

13:56:27.983 [info] Local completions are: [function: (abs, apply, apply)   macro: (alias, alias!, and)   variable: (a)   ]
13:56:27.984 [info] Emitting Completions: [6:a 3:abs(number) 3:apply(fun, args) 3:apply(module, function_name, args) 7:alias (alias a module's name) ]
13:56:27.985 [debug] handled request client -> server textDocument/completion in 60ms
13:56:28.073 [debug] handled notification client -> server textDocument/didChange in 923µs
13:56:28.124 [debug] Node port message: 
13:56:28.124 [info] Plugins found 0 results in 0.009 ms

13:56:28.126 [debug] sent notification server -> client textDocument/publishDiagnostics
13:56:28.454 [debug] handled notification client -> server textDocument/didChange in 1ms
13:56:28.476 [info] Completion for XpPos<<40, 33>>
13:56:28.507 [debug] sent notification server -> client textDocument/publishDiagnostics
13:56:28.508 [debug] Node port message: 
13:56:28.507 [info] Plugins found 0 results in 0.006 ms

13:56:28.513 [info] Local completions are: [function: (ex1l, ex1m, elem, exit)   ]
13:56:28.514 [info] Emitting Completions: [3:ex1l() 3:ex1m() 3:elem(tuple, index) 3:exit(reason) ]
13:56:28.514 [debug] handled request client -> server textDocument/completion in 60ms
13:56:28.534 [debug] handled notification client -> server textDocument/didChange in 1ms
13:56:28.586 [debug] Node port message: 
13:56:28.585 [info] Plugins found 0 results in 0.009 ms

13:56:28.587 [debug] sent notification server -> client textDocument/publishDiagnostics
13:56:28.687 [debug] handled notification client -> server textDocument/didChange in 1ms
13:56:28.711 [info] Completion for XpPos<<40, 35>>
13:56:28.776 [info] Local completions are: []
13:56:28.776 [info] Emitting Completions: []
13:56:28.776 [debug] handled request client -> server textDocument/completion in 87ms
13:56:28.788 [debug] sent notification server -> client textDocument/publishDiagnostics
13:56:28.789 [debug] Node port message: 
13:56:28.788 [info] Plugins found 0 results in 0.012 ms

13:56:33.360 [debug] handled notification client -> server textDocument/didChange in 984µs
13:56:33.446 [debug] sent notification server -> client textDocument/publishDiagnostics
13:56:33.447 [debug] Node port message: 
13:56:33.447 [info] Plugins found 0 results in 0.01 ms

13:56:33.509 [debug] handled notification client -> server textDocument/didChange in 972µs
13:56:33.594 [debug] sent notification server -> client textDocument/publishDiagnostics
13:56:33.595 [debug] Node port message: 
13:56:33.594 [info] Plugins found 0 results in 0.011 ms

13:56:34.889 [debug] handled notification client -> server textDocument/didChange in 1ms
13:56:34.979 [debug] sent notification server -> client textDocument/publishDiagnostics
13:56:34.979 [debug] Node port message: 
13:56:34.979 [info] Plugins found 0 results in 0.01 ms

13:56:35.037 [debug] handled notification client -> server textDocument/didChange in 795µs
13:56:35.125 [debug] sent notification server -> client textDocument/publishDiagnostics
13:56:35.125 [debug] Node port message: 
13:56:35.125 [info] Plugins found 0 results in 0.013 ms

13:56:35.186 [debug] handled notification client -> server textDocument/didChange in 1ms
13:56:35.278 [debug] sent notification server -> client textDocument/publishDiagnostics
13:56:35.278 [debug] Node port message: 
13:56:35.278 [info] Plugins found 0 results in 0.014 ms

13:56:36.619 [debug] handled notification client -> server textDocument/didChange in 1ms
13:56:36.706 [debug] sent notification server -> client textDocument/publishDiagnostics
13:56:36.706 [debug] Node port message: 
13:56:36.705 [info] Plugins found 0 results in 0.01 ms

13:56:36.768 [debug] handled notification client -> server textDocument/didChange in 1ms
13:56:36.841 [debug] sent notification server -> client textDocument/publishDiagnostics
13:56:36.841 [debug] Node port message: 
13:56:36.841 [info] Plugins found 0 results in 0.011 ms

13:56:36.955 [debug] handled notification client -> server textDocument/didChange in 867µs
13:56:37.035 [debug] sent notification server -> client textDocument/publishDiagnostics
13:56:37.036 [debug] Node port message: 
13:56:37.036 [info] Plugins found 0 results in 0.014 ms

13:56:37.104 [debug] handled notification client -> server textDocument/didChange in 1ms
13:56:37.191 [debug] sent notification server -> client textDocument/publishDiagnostics
13:56:37.191 [debug] Node port message: 
13:56:37.191 [info] Plugins found 0 results in 0.011 ms

13:56:37.253 [debug] handled notification client -> server textDocument/didChange in 939µs
13:56:37.313 [debug] sent notification server -> client textDocument/publishDiagnostics
13:56:37.313 [debug] Node port message: 
13:56:37.312 [info] Plugins found 0 results in 0.009 ms

13:56:37.402 [debug] handled notification client -> server textDocument/didChange in 1ms
13:56:37.461 [debug] sent notification server -> client textDocument/publishDiagnostics
13:56:37.462 [debug] Node port message: 
13:56:37.461 [info] Plugins found 0 results in 0.009 ms

13:56:37.551 [debug] handled notification client -> server textDocument/didChange in 1ms
13:56:37.610 [debug] Node port message: 
13:56:37.610 [info] Plugins found 0 results in 0.01 ms

13:56:37.611 [debug] sent notification server -> client textDocument/publishDiagnostics
13:56:37.843 [debug] handled notification client -> server textDocument/didChange in 1ms
13:56:37.863 [info] Completion for XpPos<<45, 6>>
13:56:37.894 [info] Local completions are: []
13:56:37.895 [info] Emitting Completions: []
13:56:37.895 [debug] handled request client -> server textDocument/completion in 51ms
13:56:37.903 [debug] sent notification server -> client textDocument/publishDiagnostics
13:56:37.903 [debug] Node port message: 
13:56:37.902 [info] Plugins found 0 results in 0.011 ms

13:56:38.403 [debug] handled notification client -> server textDocument/didChange in 1ms
13:56:38.462 [debug] sent notification server -> client textDocument/publishDiagnostics
13:56:38.462 [debug] Node port message: 
13:56:38.461 [info] Plugins found 0 results in 0.009 ms

13:56:39.238 [debug] handled notification client -> server textDocument/didChange in 1ms
13:56:39.321 [debug] sent notification server -> client textDocument/publishDiagnostics
13:56:39.322 [debug] Node port message: 
13:56:39.321 [info] Plugins found 0 results in 0.01 ms

13:56:39.891 [debug] handled notification client -> server textDocument/didChange in 1ms
13:56:39.965 [debug] sent notification server -> client textDocument/publishDiagnostics
13:56:39.966 [debug] Node port message: 
13:56:39.965 [info] Plugins found 0 results in 0.01 ms

13:56:40.039 [debug] handled notification client -> server textDocument/didChange in 1ms
13:56:40.130 [debug] sent notification server -> client textDocument/publishDiagnostics
13:56:40.130 [debug] Node port message: 
13:56:40.130 [info] Plugins found 0 results in 0.009 ms

13:56:40.355 [debug] handled notification client -> server textDocument/didChange in 879µs
13:56:40.438 [debug] sent notification server -> client textDocument/publishDiagnostics
13:56:40.438 [debug] Node port message: 
13:56:40.438 [info] Plugins found 0 results in 0.01 ms

13:56:40.505 [debug] handled notification client -> server textDocument/didChange in 895µs
13:56:40.584 [debug] sent notification server -> client textDocument/publishDiagnostics
13:56:40.584 [debug] Node port message: 
13:56:40.584 [info] Plugins found 0 results in 0.012 ms

13:56:40.985 [debug] handled notification client -> server textDocument/didChange in 1ms
13:56:41.071 [debug] Node port message: 
13:56:41.070 [info] Plugins found 0 results in 0.011 ms

13:56:41.071 [debug] sent notification server -> client textDocument/publishDiagnostics
13:56:41.133 [debug] handled notification client -> server textDocument/didChange in 913µs
13:56:41.218 [debug] sent notification server -> client textDocument/publishDiagnostics
13:56:41.219 [debug] Node port message: 
13:56:41.218 [info] Plugins found 0 results in 0.01 ms

13:56:43.885 [debug] handled notification client -> server textDocument/didChange in 1ms
13:56:43.970 [debug] sent notification server -> client textDocument/publishDiagnostics
13:56:43.971 [debug] Node port message: 
13:56:43.970 [info] Plugins found 0 results in 0.017 ms

13:56:44.034 [debug] handled notification client -> server textDocument/didChange in 1ms
13:56:44.123 [debug] sent notification server -> client textDocument/publishDiagnostics
13:56:44.123 [debug] Node port message: 
13:56:44.122 [info] Plugins found 0 results in 0.009 ms

13:56:44.703 [debug] handled notification client -> server textDocument/didChange in 947µs
13:56:44.788 [debug] sent notification server -> client textDocument/publishDiagnostics
13:56:44.788 [debug] Node port message: 
13:56:44.788 [info] Plugins found 0 results in 0.011 ms

13:56:45.304 [debug] handled notification client -> server textDocument/didChange in 1ms
13:56:45.388 [debug] sent notification server -> client textDocument/publishDiagnostics
13:56:45.388 [debug] Node port message: 
13:56:45.388 [info] Plugins found 0 results in 0.008 ms

13:56:45.518 [debug] handled notification client -> server textDocument/didChange in 1ms
13:56:45.570 [debug] Node port message: 
13:56:45.570 [info] Plugins found 0 results in 0.006 ms

13:56:45.572 [debug] sent notification server -> client textDocument/publishDiagnostics
13:56:46.663 [debug] handled notification client -> server textDocument/didChange in 1ms
13:56:46.714 [debug] Node port message: 
13:56:46.714 [info] Plugins found 0 results in 0.01 ms

13:56:46.716 [debug] sent notification server -> client textDocument/publishDiagnostics
13:56:46.942 [debug] handled notification client -> server textDocument/didChange in 1ms
13:56:46.993 [debug] Node port message: 
13:56:46.993 [info] Plugins found 0 results in 0.007 ms

13:56:46.995 [debug] sent notification server -> client textDocument/publishDiagnostics
13:56:48.604 [debug] handled notification client -> server textDocument/didChange in 1ms
13:56:48.624 [info] Completion for XpPos<<41, 7>>
13:56:48.627 [warning] ** (ArgumentError) cannot pipe f
|> Enum.filter(fn [_a, b] -> b = n end)
|> Enum.map(fn [a, _b] -> a end) into M, can only pipe into local calls foo(), remote calls Foo.bar() or anonymous function calls foo.()
    (elixir 1.18.3) lib/macro.ex:265: Macro.pipe/3
    (stdlib 6.2.2.1) lists.erl:2146: :lists.foldl/3
    (xp_elixir_sense 2.0.0) lib/elixir_sense/core/normalized/macro/env.ex:54: anonymous fn/5 in XPElixirSense.Core.Normalized.Macro.Env.wrap_expansion/7
    (xp_elixir_sense 2.0.0) lib/elixir_sense/core/compiler.ex:2144: XPElixirSense.Core.Compiler.expand_macro_callback/7
    (xp_elixir_sense 2.0.0) lib/elixir_sense/core/compiler.ex:117: XPElixirSense.Core.Compiler.expand/3
    (xp_elixir_sense 2.0.0) lib/elixir_sense/core/compiler.ex:2055: XPElixirSense.Core.Compiler.expand_macro/7
    (xp_elixir_sense 2.0.0) lib/elixir_sense/core/compiler.ex:117: XPElixirSense.Core.Compiler.expand/3
    (xp_elixir_sense 2.0.0) lib/elixir_sense/core/compiler.ex:2426: XPElixirSense.Core.Compiler.expand_block/5

13:56:48.629 [warning] ** (ArgumentError) cannot pipe f
|> Enum.filter(fn [_a, b] -> b = n end)
|> Enum.map(fn [a, _b] -> a end) into M, can only pipe into local calls foo(), remote calls Foo.bar() or anonymous function calls foo.()
    (elixir 1.18.3) lib/macro.ex:339: Macro.pipe/3
    (stdlib 6.2.2.1) lists.erl:2146: :lists.foldl/3
    (xp_elixir_sense 2.0.0) lib/elixir_sense/core/normalized/macro/env.ex:54: anonymous fn/5 in XPElixirSense.Core.Normalized.Macro.Env.wrap_expansion/7
    (xp_elixir_sense 2.0.0) lib/elixir_sense/core/compiler.ex:2144: XPElixirSense.Core.Compiler.expand_macro_callback/7
    (xp_elixir_sense 2.0.0) lib/elixir_sense/core/compiler.ex:117: XPElixirSense.Core.Compiler.expand/3
    (xp_elixir_sense 2.0.0) lib/elixir_sense/core/compiler.ex:2055: XPElixirSense.Core.Compiler.expand_macro/7
    (xp_elixir_sense 2.0.0) lib/elixir_sense/core/compiler.ex:117: XPElixirSense.Core.Compiler.expand/3
    (xp_elixir_sense 2.0.0) lib/elixir_sense/core/compiler.ex:2426: XPElixirSense.Core.Compiler.expand_block/5

13:56:48.663 [debug] sent notification server -> client textDocument/publishDiagnostics
13:56:48.664 [debug] Node port message: 
13:56:48.663 [info] Plugins found 0 results in 0.012 ms

13:56:48.688 [info] Local completions are: [behaviour: (Module)   exception: (MatchError, MismatchedDelimiterError, MissingApplicationsError)   module: (Macro, Map, Mint, Mix)   struct: (MapSet)   ]
13:56:48.691 [info] Emitting Completions: [9:Macro 9:Map 9:MapSet 9:Mint 9:Mix 9:Module ]
13:56:48.693 [debug] handled request client -> server textDocument/completion in 88ms
13:56:48.874 [debug] handled notification client -> server textDocument/didChange in 1ms
13:56:48.932 [debug] sent notification server -> client textDocument/publishDiagnostics
13:56:48.933 [debug] Node port message: 
13:56:48.932 [info] Plugins found 0 results in 0.013 ms

13:56:48.994 [debug] handled notification client -> server textDocument/didChange in 1ms
13:56:49.053 [debug] sent notification server -> client textDocument/publishDiagnostics
13:56:49.053 [debug] Node port message: 
13:56:49.053 [info] Plugins found 0 results in 0.01 ms

13:56:49.241 [debug] handled notification client -> server textDocument/didChange in 1ms
13:56:49.296 [debug] sent notification server -> client textDocument/publishDiagnostics
13:56:49.297 [debug] Node port message: 
13:56:49.296 [info] Plugins found 0 results in 0.009 ms

13:56:49.601 [debug] handled notification client -> server textDocument/didChange in 1ms
13:56:49.630 [info] Completion for XpPos<<41, 9>>
13:56:49.633 [warning] ** (ArgumentError) cannot pipe f
|> Enum.filter(fn [_a, b] -> b = n end)
|> Enum.map(fn [a, _b] -> a end) into Map, can only pipe into local calls foo(), remote calls Foo.bar() or anonymous function calls foo.()
    (elixir 1.18.3) lib/macro.ex:265: Macro.pipe/3
    (stdlib 6.2.2.1) lists.erl:2146: :lists.foldl/3
    (xp_elixir_sense 2.0.0) lib/elixir_sense/core/normalized/macro/env.ex:54: anonymous fn/5 in XPElixirSense.Core.Normalized.Macro.Env.wrap_expansion/7
    (xp_elixir_sense 2.0.0) lib/elixir_sense/core/compiler.ex:2144: XPElixirSense.Core.Compiler.expand_macro_callback/7
    (xp_elixir_sense 2.0.0) lib/elixir_sense/core/compiler.ex:117: XPElixirSense.Core.Compiler.expand/3
    (xp_elixir_sense 2.0.0) lib/elixir_sense/core/compiler.ex:2055: XPElixirSense.Core.Compiler.expand_macro/7
    (xp_elixir_sense 2.0.0) lib/elixir_sense/core/compiler.ex:117: XPElixirSense.Core.Compiler.expand/3
    (xp_elixir_sense 2.0.0) lib/elixir_sense/core/compiler.ex:2426: XPElixirSense.Core.Compiler.expand_block/5

13:56:49.634 [warning] ** (ArgumentError) cannot pipe f
|> Enum.filter(fn [_a, b] -> b = n end)
|> Enum.map(fn [a, _b] -> a end) into Map, can only pipe into local calls foo(), remote calls Foo.bar() or anonymous function calls foo.()
    (elixir 1.18.3) lib/macro.ex:339: Macro.pipe/3
    (stdlib 6.2.2.1) lists.erl:2146: :lists.foldl/3
    (xp_elixir_sense 2.0.0) lib/elixir_sense/core/normalized/macro/env.ex:54: anonymous fn/5 in XPElixirSense.Core.Normalized.Macro.Env.wrap_expansion/7
    (xp_elixir_sense 2.0.0) lib/elixir_sense/core/compiler.ex:2144: XPElixirSense.Core.Compiler.expand_macro_callback/7
    (xp_elixir_sense 2.0.0) lib/elixir_sense/core/compiler.ex:117: XPElixirSense.Core.Compiler.expand/3
    (xp_elixir_sense 2.0.0) lib/elixir_sense/core/compiler.ex:2055: XPElixirSense.Core.Compiler.expand_macro/7
    (xp_elixir_sense 2.0.0) lib/elixir_sense/core/compiler.ex:117: XPElixirSense.Core.Compiler.expand/3
    (xp_elixir_sense 2.0.0) lib/elixir_sense/core/compiler.ex:2426: XPElixirSense.Core.Compiler.expand_block/5

13:56:49.670 [debug] sent notification server -> client textDocument/publishDiagnostics
13:56:49.671 [debug] Node port message: 
13:56:49.670 [info] Plugins found 0 results in 0.011 ms

13:56:49.684 [info] Local completions are: [module: (Map)   struct: (MapSet)   ]
13:56:49.685 [info] Emitting Completions: [9:Map 9:MapSet ]
13:56:49.685 [debug] handled request client -> server textDocument/completion in 84ms
13:56:49.871 [debug] handled notification client -> server textDocument/didChange in 1ms
13:56:49.927 [debug] sent notification server -> client textDocument/publishDiagnostics
13:56:49.927 [debug] Node port message: 
13:56:49.927 [info] Plugins found 0 results in 0.011 ms

13:56:50.089 [debug] handled notification client -> server textDocument/didChange in 1ms
13:56:50.145 [debug] sent notification server -> client textDocument/publishDiagnostics
13:56:50.145 [debug] Node port message: 
13:56:50.145 [info] Plugins found 0 results in 0.009 ms

13:56:50.230 [debug] handled notification client -> server textDocument/didChange in 1ms
13:56:50.286 [debug] sent notification server -> client textDocument/publishDiagnostics
13:56:50.287 [debug] Node port message: 
13:56:50.286 [info] Plugins found 0 results in 0.008 ms

13:56:51.752 [debug] handled notification client -> server textDocument/didChange in 1ms
13:56:51.775 [info] Completion for XpPos<<41, 13>>
13:56:51.779 [warning] ** (ArgumentError) cannot pipe f
|> Enum.filter(fn [_a, b] -> b = n end)
|> Enum.map(fn [a, _b] -> a end) into nil, can only pipe into local calls foo(), remote calls Foo.bar() or anonymous function calls foo.()
    (elixir 1.18.3) lib/macro.ex:339: Macro.pipe/3
    (stdlib 6.2.2.1) lists.erl:2146: :lists.foldl/3
    (xp_elixir_sense 2.0.0) lib/elixir_sense/core/normalized/macro/env.ex:54: anonymous fn/5 in XPElixirSense.Core.Normalized.Macro.Env.wrap_expansion/7
    (xp_elixir_sense 2.0.0) lib/elixir_sense/core/compiler.ex:2144: XPElixirSense.Core.Compiler.expand_macro_callback/7
    (xp_elixir_sense 2.0.0) lib/elixir_sense/core/compiler.ex:117: XPElixirSense.Core.Compiler.expand/3
    (xp_elixir_sense 2.0.0) lib/elixir_sense/core/compiler.ex:2055: XPElixirSense.Core.Compiler.expand_macro/7
    (xp_elixir_sense 2.0.0) lib/elixir_sense/core/compiler.ex:117: XPElixirSense.Core.Compiler.expand/3
    (xp_elixir_sense 2.0.0) lib/elixir_sense/core/compiler.ex:2426: XPElixirSense.Core.Compiler.expand_block/5

13:56:51.803 [debug] sent notification server -> client textDocument/publishDiagnostics
13:56:51.804 [debug] Node port message: 
13:56:51.803 [info] Plugins found 0 results in 0.007 ms

13:56:51.820 [info] Local completions are: [function: (__info__, __struct__, __struct__, delete, difference, disjoint?, equal?, filter, intersection, member?, module_info, module_info, new, new, new, put, reject, size, split_with, subset?, symmetric_difference, to_list, union)   ]
13:56:51.824 [info] Emitting Completions: [3:__info__() 3:__struct__() 3:delete(value) 3:difference(map_set2) 3:disjoint?(map_set2) 3:equal?(map_set2) 3:filter(fun) 3:intersection(map_set2) 3:member?(value) 3:module_info() 3:new() 3:new(transform) 3:put(value) 3:reject(fun) 3:size() 3:split_with(fun) 3:subset?(map_set2) 3:symmetric_difference(map_set2) 3:to_list() 3:union(map_set2) ]
13:56:51.828 [debug] handled request client -> server textDocument/completion in 75ms
13:56:51.988 [debug] handled notification client -> server textDocument/didChange in 1ms
13:56:52.077 [debug] sent notification server -> client textDocument/publishDiagnostics
13:56:52.078 [debug] Node port message: 
13:56:52.077 [info] Plugins found 0 results in 0.013 ms

13:56:52.130 [debug] handled notification client -> server textDocument/didChange in 1ms
13:56:52.218 [debug] Node port message: 
13:56:52.218 [info] Plugins found 0 results in 0.012 ms

13:56:52.218 [debug] sent notification server -> client textDocument/publishDiagnostics
13:56:52.238 [debug] handled notification client -> server textDocument/didChange in 1ms
13:56:52.322 [debug] sent notification server -> client textDocument/publishDiagnostics
13:56:52.323 [debug] Node port message: 
13:56:52.322 [info] Plugins found 0 results in 0.01 ms

13:56:52.745 [debug] handled notification client -> server textDocument/didChange in 1ms
13:56:52.796 [debug] Node port message: 
13:56:52.796 [info] Plugins found 0 results in 0.009 ms

13:56:52.799 [debug] sent notification server -> client textDocument/publishDiagnostics
13:56:52.893 [debug] handled notification client -> server textDocument/didChange in 963µs
13:56:52.977 [debug] sent notification server -> client textDocument/publishDiagnostics
13:56:52.978 [debug] Node port message: 
13:56:52.977 [info] Plugins found 0 results in 0.01 ms

13:56:56.918 [debug] handled notification client -> server textDocument/didChange in 1ms
13:56:56.937 [info] Completion for XpPos<<42, 2>>
13:56:56.976 [info] Local completions are: [function: (ex1l, ex1m, elem, exit)   ]
13:56:56.977 [info] Emitting Completions: [3:ex1l() 3:ex1m() 3:elem(tuple, index) 3:exit(reason) ]
13:56:56.978 [debug] handled request client -> server textDocument/completion in 60ms
13:56:56.980 [debug] sent notification server -> client textDocument/publishDiagnostics
13:56:56.980 [debug] Node port message: 
13:56:56.980 [info] Plugins found 0 results in 0.012 ms

13:56:57.009 [debug] handled notification client -> server textDocument/didChange in 1ms
13:56:57.071 [debug] sent notification server -> client textDocument/publishDiagnostics
13:56:57.071 [debug] Node port message: 
13:56:57.071 [info] Plugins found 0 results in 0.008 ms

13:56:57.139 [debug] handled notification client -> server textDocument/didChange in 2ms
13:56:57.168 [info] Completion for XpPos<<42, 6>>
13:56:57.191 [debug] sent notification server -> client textDocument/publishDiagnostics
13:56:57.191 [debug] Node port message: 
13:56:57.191 [info] Plugins found 0 results in 0.007 ms

13:56:57.211 [info] Local completions are: []
13:56:57.211 [info] Emitting Completions: []
13:56:57.212 [debug] handled request client -> server textDocument/completion in 72ms
13:56:57.968 [debug] handled notification client -> server textDocument/didSave in 3ms
13:56:58.019 [debug] sent request server -> client window/workDoneProgress/create
13:56:58.019 [debug] Node port message: 
13:56:58.019 [info] Building petri

13:56:58.019 [debug] Node port message: 
13:56:58.019 [debug] sent request server -> client window/workDoneProgress/create

13:56:58.019 [debug] sent notification server -> client $/progress
13:56:58.019 [debug] Node port message: 
13:56:58.019 [debug] sent notification server -> client $/progress

13:56:58.019 [debug] sent notification server -> client $/progress
13:56:58.020 [debug] Node port message: 
13:56:58.019 [debug] sent notification server -> client $/progress

13:56:58.030 [debug] Node port message: Compiling 1 file (.ex)

13:56:58.031 [debug] Node port message: 
== Compilation error in file lib/petri.ex ==
** (SyntaxError) invalid syntax found on lib/petri.ex:50:1:
    error: unexpected reserved word: end
    hint: the "end" on line 42 may not have a matching "do" defined before it (based on indentation)
    â
 50 â end
    â ^
    â
    ââ lib/petri.ex:50:1
    (elixir 1.18.3) lib/kernel/parallel_compiler.ex:428: anonymous fn/5 in Kernel.ParallelCompiler.spawn_workers/8

13:56:58.032 [debug] sent notification server -> client $/progress
13:56:58.032 [info] Compiled petri in 13 ms
13:56:58.033 [debug] sent notification server -> client textDocument/publishDiagnostics
13:56:58.033 [debug] Node port message: 
13:56:58.032 [info] Plugins found 0 results in 0.008 ms

13:56:58.032 [debug] sent notification server -> client $/progress

13:56:58.901 [debug] handled notification client -> server textDocument/didChange in 1ms
13:56:58.954 [debug] Node port message: 
13:56:58.953 [info] Plugins found 0 results in 0.011 ms

13:56:58.956 [debug] sent notification server -> client textDocument/publishDiagnostics
13:56:59.050 [debug] handled notification client -> server textDocument/didChange in 897µs
13:56:59.102 [debug] Node port message: 
13:56:59.101 [info] Plugins found 0 results in 0.009 ms

13:56:59.104 [debug] sent notification server -> client textDocument/publishDiagnostics
13:56:59.894 [debug] handled notification client -> server textDocument/didSave in 688µs
13:56:59.946 [debug] sent request server -> client window/workDoneProgress/create
13:56:59.946 [debug] Node port message: 
13:56:59.946 [info] Building petri

13:56:59.946 [debug] Node port message: 
13:56:59.946 [debug] sent request server -> client window/workDoneProgress/create

13:56:59.946 [debug] sent notification server -> client $/progress
13:56:59.946 [debug] Node port message: 
13:56:59.946 [debug] sent notification server -> client $/progress

13:56:59.947 [debug] sent notification server -> client $/progress
13:56:59.947 [debug] Node port message: 
13:56:59.947 [debug] sent notification server -> client $/progress

13:56:59.956 [debug] Node port message: Compiling 1 file (.ex)

13:56:59.957 [debug] Node port message: 
== Compilation error in file lib/petri.ex ==
** (SyntaxError) invalid syntax found on lib/petri.ex:50:1:
    error: unexpected reserved word: end
    â
 50 â end
    â ^
    â
    ââ lib/petri.ex:50:1
    (elixir 1.18.3) lib/kernel/parallel_compiler.ex:428: anonymous fn/5 in Kernel.ParallelCompiler.spawn_workers/8

13:56:59.958 [debug] sent notification server -> client $/progress
13:56:59.958 [info] Compiled petri in 12 ms
13:56:59.958 [debug] Node port message: 
13:56:59.958 [debug] sent notification server -> client $/progress

13:56:59.958 [debug] sent notification server -> client textDocument/publishDiagnostics
13:56:59.958 [debug] Node port message: 
13:56:59.958 [info] Plugins found 0 results in 0.009 ms

13:57:02.403 [debug] handled notification client -> server textDocument/didChange in 921µs
13:57:02.475 [debug] sent notification server -> client textDocument/publishDiagnostics
13:57:02.475 [debug] Node port message: 
13:57:02.475 [info] Plugins found 0 results in 0.01 ms

13:57:05.597 [debug] handled notification client -> server textDocument/didChange in 968µs
13:57:05.666 [debug] sent notification server -> client textDocument/publishDiagnostics
13:57:05.666 [debug] Node port message: 
13:57:05.666 [info] Plugins found 0 results in 0.01 ms

13:57:06.211 [debug] handled notification client -> server textDocument/didChange in 1ms
13:57:06.294 [debug] sent notification server -> client textDocument/publishDiagnostics
13:57:06.295 [debug] Node port message: 
13:57:06.294 [info] Plugins found 0 results in 0.013 ms

13:57:11.010 [debug] handled notification client -> server textDocument/didChange in 1ms
13:57:11.095 [debug] sent notification server -> client textDocument/publishDiagnostics
13:57:11.095 [debug] Node port message: 
13:57:11.095 [info] Plugins found 0 results in 0.01 ms

13:57:11.156 [debug] handled notification client -> server textDocument/didChange in 1ms
13:57:11.157 [debug] handled notification client -> server textDocument/didChange in 1ms
13:57:11.181 [info] Completion for XpPos<<44, 4>>
13:57:11.213 [debug] Node port message: 
13:57:11.213 [info] Plugins found 0 results in 0.011 ms

13:57:11.213 [debug] sent notification server -> client textDocument/publishDiagnostics
13:57:11.222 [info] Local completions are: [function: (div)   macro: (dbg, dbg, dbg, def, def, defdelegate, defexception, defguard, defguardp, defimpl, defimpl, defmacro, defmacro, defmacrop, defmacrop, defmodule, defoverridable, defp, defp, defprotocol, defstruct, destructure)   ]
13:57:11.238 [info] Emitting Completions: [3:div(dividend, divisor) 3:dbg() 3:dbg(code) 3:dbg(code, options) 7:def (define a function) 7:defdelegate (define a delegate function) 7:defexception (define an exception) 7:defguard (define a guard macro) 7:defguardp (define a private guard macro) 7:defimpl (define a protocol implementation) 7:defmacro (define a macro) 7:defmacrop (define a private macro) 7:defmodule (define a module) 7:defoverridable (mark a function as overridable) 7:defp (define a private function) 7:defprotocol (define a protocol) 7:defstruct (define a struct) ]
13:57:11.241 [debug] handled request client -> server textDocument/completion in 83ms
13:57:11.350 [debug] handled notification client -> server textDocument/didChange in 1ms
13:57:11.402 [debug] sent notification server -> client textDocument/publishDiagnostics
13:57:11.402 [debug] Node port message: 
13:57:11.402 [info] Plugins found 0 results in 0.023 ms

13:57:11.446 [debug] handled notification client -> server textDocument/didChange in 2ms
13:57:11.499 [debug] sent notification server -> client textDocument/publishDiagnostics
13:57:11.499 [debug] Node port message: 
13:57:11.499 [info] Plugins found 0 results in 0.01 ms

13:57:11.775 [debug] handled notification client -> server textDocument/didChange in 1ms
13:57:11.782 [debug] handled notification client -> server textDocument/didChange in 1ms
13:57:11.838 [debug] sent notification server -> client textDocument/publishDiagnostics
13:57:11.838 [debug] Node port message: 
13:57:11.838 [info] Plugins found 0 results in 0.008 ms

13:57:12.799 [debug] handled notification client -> server textDocument/didChange in 1ms
13:57:12.822 [info] Completion for XpPos<<44, 8>>
13:57:12.841 [info] Local completions are: []
13:57:12.841 [info] Emitting Completions: []
13:57:12.841 [debug] handled request client -> server textDocument/completion in 42ms
13:57:12.890 [debug] sent notification server -> client textDocument/publishDiagnostics
13:57:12.891 [debug] Node port message: 
13:57:12.890 [info] Plugins found 0 results in 0.011 ms

13:57:12.998 [debug] handled notification client -> server textDocument/didChange in 1ms
13:57:13.015 [info] Completion for XpPos<<44, 9>>
13:57:13.035 [info] Local completions are: []
13:57:13.035 [info] Emitting Completions: []
13:57:13.036 [debug] handled request client -> server textDocument/completion in 37ms
13:57:13.088 [debug] sent notification server -> client textDocument/publishDiagnostics
13:57:13.089 [debug] Node port message: 
13:57:13.088 [info] Plugins found 0 results in 0.009 ms

13:57:13.185 [debug] handled notification client -> server textDocument/didChange in 1ms
13:57:13.201 [info] Completion for XpPos<<44, 10>>
13:57:13.218 [info] Local completions are: []
13:57:13.219 [info] Emitting Completions: []
13:57:13.219 [debug] handled request client -> server textDocument/completion in 33ms
13:57:13.271 [debug] sent notification server -> client textDocument/publishDiagnostics
13:57:13.272 [debug] Node port message: 
13:57:13.271 [info] Plugins found 0 results in 0.008 ms

13:57:13.310 [debug] handled notification client -> server textDocument/didChange in 1ms
13:57:13.326 [info] Completion for XpPos<<44, 11>>
13:57:13.345 [info] Local completions are: []
13:57:13.345 [info] Emitting Completions: []
13:57:13.345 [debug] handled request client -> server textDocument/completion in 35ms
13:57:13.398 [debug] sent notification server -> client textDocument/publishDiagnostics
13:57:13.399 [debug] Node port message: 
13:57:13.398 [info] Plugins found 0 results in 0.009 ms

13:57:15.058 [debug] handled notification client -> server textDocument/didChange in 1ms
13:57:15.075 [info] Completion for XpPos<<44, 12>>
13:57:15.094 [info] Local completions are: []
13:57:15.095 [info] Emitting Completions: []
13:57:15.095 [debug] handled request client -> server textDocument/completion in 37ms
13:57:15.147 [debug] sent notification server -> client textDocument/publishDiagnostics
13:57:15.148 [debug] Node port message: 
13:57:15.147 [info] Plugins found 0 results in 0.012 ms

13:57:15.251 [debug] handled notification client -> server textDocument/didChange in 1ms
13:57:15.268 [info] Completion for XpPos<<44, 13>>
13:57:15.285 [info] Local completions are: []
13:57:15.285 [info] Emitting Completions: []
13:57:15.285 [debug] handled request client -> server textDocument/completion in 34ms
13:57:15.342 [debug] Node port message: 
13:57:15.342 [info] Plugins found 0 results in 0.01 ms

13:57:15.342 [debug] sent notification server -> client textDocument/publishDiagnostics
13:57:15.362 [debug] handled notification client -> server textDocument/didChange in 1ms
13:57:15.378 [info] Completion for XpPos<<44, 14>>
13:57:15.397 [info] Local completions are: []
13:57:15.397 [info] Emitting Completions: []
13:57:15.398 [debug] handled request client -> server textDocument/completion in 35ms
13:57:15.453 [debug] sent notification server -> client textDocument/publishDiagnostics
13:57:15.453 [debug] Node port message: 
13:57:15.453 [info] Plugins found 0 results in 0.011 ms

13:57:16.035 [debug] handled notification client -> server textDocument/didChange in 1ms
13:57:16.087 [debug] Node port message: 
13:57:16.086 [info] Plugins found 0 results in 0.011 ms

13:57:16.089 [debug] sent notification server -> client textDocument/publishDiagnostics
13:57:16.184 [debug] handled notification client -> server textDocument/didChange in 935µs
13:57:16.273 [debug] sent notification server -> client textDocument/publishDiagnostics
13:57:16.274 [debug] Node port message: 
13:57:16.273 [info] Plugins found 0 results in 0.012 ms

13:57:17.569 [debug] handled notification client -> server textDocument/didChange in 798µs
13:57:17.591 [info] Completion for XpPos<<44, 16>>
13:57:17.635 [info] Local completions are: [function: (floor, function_exported?)   macro: (fn, for)   ]
13:57:17.636 [info] Emitting Completions: [3:floor(number) 3:function_exported?(module, function, arity) 3:fn(term) 7:for (comprehension) ]
13:57:17.637 [debug] handled request client -> server textDocument/completion in 67ms
13:57:17.663 [debug] sent notification server -> client textDocument/publishDiagnostics
13:57:17.663 [debug] Node port message: 
13:57:17.663 [info] Plugins found 0 results in 0.024 ms

13:57:17.892 [debug] handled notification client -> server textDocument/didChange in 1ms
13:57:17.943 [debug] Node port message: 
13:57:17.943 [info] Plugins found 0 results in 0.007 ms

13:57:17.945 [debug] sent notification server -> client textDocument/publishDiagnostics
13:57:18.149 [debug] handled notification client -> server textDocument/didChange in 1ms
13:57:18.201 [debug] Node port message: 
13:57:18.200 [info] Plugins found 0 results in 0.011 ms

13:57:18.202 [debug] sent notification server -> client textDocument/publishDiagnostics
13:57:18.291 [debug] handled notification client -> server textDocument/didChange in 1ms
13:57:18.312 [info] Completion for XpPos<<44, 19>>
13:57:18.352 [info] Local completions are: [function: (node, node, not)   ]
13:57:18.353 [info] Emitting Completions: [3:node() 3:node(arg) 3:not(value) ]
13:57:18.354 [debug] handled request client -> server textDocument/completion in 62ms
13:57:18.385 [debug] sent notification server -> client textDocument/publishDiagnostics
13:57:18.386 [debug] Node port message: 
13:57:18.385 [info] Plugins found 0 results in 0.01 ms

13:57:22.752 [debug] handled notification client -> server textDocument/didChange in 1ms
13:57:22.826 [debug] sent notification server -> client textDocument/publishDiagnostics
13:57:22.827 [debug] Node port message: 
13:57:22.826 [info] Plugins found 0 results in 0.012 ms

13:57:23.692 [debug] handled notification client -> server textDocument/didChange in 1ms
13:57:23.775 [debug] sent notification server -> client textDocument/publishDiagnostics
13:57:23.775 [debug] Node port message: 
13:57:23.775 [info] Plugins found 0 results in 0.012 ms

13:57:25.425 [debug] handled notification client -> server textDocument/didChange in 1ms
13:57:25.503 [debug] sent notification server -> client textDocument/publishDiagnostics
13:57:25.503 [debug] Node port message: 
13:57:25.503 [info] Plugins found 0 results in 0.01 ms

13:57:26.710 [debug] handled notification client -> server textDocument/didSave in 1ms
13:57:26.762 [debug] Node port message: 
13:57:26.762 [info] Building petri

13:57:26.762 [debug] sent request server -> client window/workDoneProgress/create
13:57:26.763 [debug] Node port message: 
13:57:26.762 [debug] sent request server -> client window/workDoneProgress/create

13:57:26.763 [debug] sent notification server -> client $/progress
13:57:26.764 [debug] sent notification server -> client $/progress
13:57:26.764 [debug] Node port message: 
13:57:26.763 [debug] sent notification server -> client $/progress

13:57:26.764 [debug] Node port message: 
13:57:26.764 [debug] sent notification server -> client $/progress

13:57:26.779 [debug] Node port message: Compiling 1 file (.ex)

13:57:26.785 [debug] Node port message:     warning: variable "b" is unused (if the variable is not meant to be used, prefix it with an underscore)
    â
 39 â   |> Enum.filter(fn [_a, b] -> b = n end )
    â                          ~
    â
    ââ (petri 0.1.0) lib/petri.ex:39:26: Petri.preset/2


13:57:26.786 [debug] Node port message:     warning: variable "b" is unused (there is a variable with the same name in the context, use the pin operator (^) to match on it or prefix this variable with underscore if it is not meant to be used)
    â
 39 â   |> Enum.filter(fn [_a, b] -> b = n end )
    â                                ~
    â
    ââ (petri 0.1.0) lib/petri.ex:39:32: Petri.preset/2


13:57:26.786 [debug] Node port message:     warning: variable "b" is unused (if the variable is not meant to be used, prefix it with an underscore)
    â
 46 â   |> Enum.filter(fn [_a, b] -> b = n end )
    â                          ~
    â
    ââ (petri 0.1.0) lib/petri.ex:46:26: Petri.postset/2


13:57:26.787 [debug] Node port message:     warning: variable "b" is unused (there is a variable with the same name in the context, use the pin operator (^) to match on it or prefix this variable with underscore if it is not meant to be used)
    â
 46 â   |> Enum.filter(fn [_a, b] -> b = n end )
    â                                ~
    â
    ââ (petri 0.1.0) lib/petri.ex:46:32: Petri.postset/2


13:57:26.797 [debug] sent notification server -> client $/progress
13:57:26.798 [debug] Node port message: 
13:57:26.797 [debug] sent notification server -> client $/progress

13:57:26.801 [debug] Node port message: Generated petri app

13:57:26.832 [debug] Node port message: 
13:57:26.832 [info] Compile completed with status ok Produced 4 diagnostics [%Mix.Task.Compiler.Diagnostic{file: "/home/alguien/Projects/elixir/petri/lib/petri.ex", source: "/home/alguien/Projects/elixir/petri/lib/petri.ex", severity: :warning, message: "variable \"b\" is unused (if the variable is not meant to be used, prefix it with an underscore)", position: {39, 26}, compiler_name: "Elixir", span: nil, details: nil, stacktrace: [{Petri, :preset, 2, [file: "lib/petri.ex", column: 26, line: 39]}]}, %Mix.Task.Compiler.Diagnostic{file: "/home/alguien/Projects/elixir/petri/lib/petri.ex", source: "/home/alguien/Projects/elixir/petri/lib/petri.ex", severity: :warning, message: "variable \"b\" is unused (there is a variable with the same name in the context, use the pin operator (^) to match on it or prefix this variable with underscore if it is not meant to be used)", position: {39, 32}, compiler_name: "Elixir", span: nil, details: nil, stacktrace: [{Petri, :preset, 2, [file: "lib/petri.ex", column: 32, line: 39]}]}, %Mix.Task.Compiler.Diagnostic{file: "/home/alguien/Projects/elixir/petri/lib/petri.ex", source: "/home/alguien/Projects/elixir/petri/lib/petri.ex", severity: :warning, message: "variable \"b\" is unused (if the variable is not meant to be used, prefix it with an underscore)", position: {46, 26}, compiler_name: "Elixir", span: nil, details: nil, stacktrace: [{Petri, :postset, 2, [file: "lib/petri.ex", column: 26, line: 46]}]}, %Mix.Task.Compiler.Diagnostic{file: "/home/alguien/Projects/elixir/petri/lib/petri.ex", source: "/home/alguien/Projects/elixir/petri/lib/petri.ex", severity: :warning, message: "variable \"b\" is unused (there is a variable with the same name in the context, use the pin operator (^) to match on it or prefix this variable with underscore if it is not meant to be used)", position: {46, 32}, compiler_name: "Elixir", span: nil, details: nil, stacktrace: [{Petri, :postset, 2, [file: "lib/petri.ex", column: 32, line: 46]}]}]

13:57:26.833 [debug] sent notification server -> client $/progress
13:57:26.833 [info] Compiled petri in 71 ms
13:57:26.834 [debug] sent notification server -> client textDocument/publishDiagnostics
13:57:26.834 [debug] Node port message: 
13:57:26.833 [debug] sent notification server -> client $/progress

13:57:26.833 [info] Plugins found 0 results in 0.01 ms

13:58:10.694 [debug] handled notification client -> server textDocument/didChange in 950µs
13:58:10.786 [debug] sent notification server -> client textDocument/publishDiagnostics
13:58:10.786 [debug] Node port message: 
13:58:10.786 [info] Plugins found 0 results in 0.01 ms

13:58:10.843 [debug] handled notification client -> server textDocument/didChange in 1ms
13:58:10.934 [debug] sent notification server -> client textDocument/publishDiagnostics
13:58:10.934 [debug] Node port message: 
13:58:10.934 [info] Plugins found 0 results in 0.011 ms

13:58:11.114 [debug] handled notification client -> server textDocument/didChange in 1ms
13:58:11.210 [debug] sent notification server -> client textDocument/publishDiagnostics
13:58:11.211 [debug] Node port message: 
13:58:11.210 [info] Plugins found 0 results in 0.012 ms

13:58:12.433 [debug] handled notification client -> server textDocument/didChange in 1ms
13:58:12.520 [debug] Node port message: 
13:58:12.520 [info] Plugins found 0 results in 0.01 ms

13:58:12.520 [debug] sent notification server -> client textDocument/publishDiagnostics
13:58:13.037 [debug] handled notification client -> server textDocument/didSave in 812µs
13:58:13.088 [debug] Node port message: 
13:58:13.088 [info] Building petri

13:58:13.088 [debug] sent request server -> client window/workDoneProgress/create
13:58:13.088 [debug] Node port message: 
13:58:13.088 [debug] sent request server -> client window/workDoneProgress/create

13:58:13.089 [debug] sent notification server -> client $/progress
13:58:13.089 [debug] sent notification server -> client $/progress
13:58:13.090 [debug] Node port message: 
13:58:13.089 [debug] sent notification server -> client $/progress

13:58:13.090 [debug] Node port message: 
13:58:13.089 [debug] sent notification server -> client $/progress

13:58:13.102 [debug] Node port message: Compiling 1 file (.ex)

13:58:13.110 [debug] Node port message:     warning: variable "b" is unused (if the variable is not meant to be used, prefix it with an underscore)
    â
 39 â   |> Enum.filter(fn [_a, b] -> b = n end )
    â                          ~
    â
    ââ (petri 0.1.0) lib/petri.ex:39:26: Petri.preset/2


13:58:13.110 [debug] Node port message:     warning: variable "b" is unused (there is a variable with the same name in the context, use the pin operator (^) to match on it or prefix this variable with underscore if it is not meant to be used)
    â
 39 â   |> Enum.filter(fn [_a, b] -> b = n end )
    â                                ~
    â
    ââ (petri 0.1.0) lib/petri.ex:39:32: Petri.preset/2


13:58:13.111 [debug] Node port message:     warning: variable "b" is unused (if the variable is not meant to be used, prefix it with an underscore)
    â
 46 â     |> Enum.filter(fn [_a, b] -> b = n end )
    â                            ~
    â
    ââ (petri 0.1.0) lib/petri.ex:46:28: Petri.postset/2


13:58:13.111 [debug] Node port message:     warning: variable "b" is unused (there is a variable with the same name in the context, use the pin operator (^) to match on it or prefix this variable with underscore if it is not meant to be used)
    â
 46 â     |> Enum.filter(fn [_a, b] -> b = n end )
    â                                  ~
    â
    ââ (petri 0.1.0) lib/petri.ex:46:34: Petri.postset/2


13:58:13.122 [debug] sent notification server -> client $/progress
13:58:13.122 [debug] Node port message: 
13:58:13.122 [debug] sent notification server -> client $/progress

13:58:13.125 [debug] Node port message: Generated petri app

13:58:13.150 [debug] Node port message: 
13:58:13.149 [info] Compile completed with status ok Produced 4 diagnostics [%Mix.Task.Compiler.Diagnostic{file: "/home/alguien/Projects/elixir/petri/lib/petri.ex", source: "/home/alguien/Projects/elixir/petri/lib/petri.ex", severity: :warning, message: "variable \"b\" is unused (if the variable is not meant to be used, prefix it with an underscore)", position: {39, 26}, compiler_name: "Elixir", span: nil, details: nil, stacktrace: [{Petri, :preset, 2, [file: "lib/petri.ex", column: 26, line: 39]}]}, %Mix.Task.Compiler.Diagnostic{file: "/home/alguien/Projects/elixir/petri/lib/petri.ex", source: "/home/alguien/Projects/elixir/petri/lib/petri.ex", severity: :warning, message: "variable \"b\" is unused (there is a variable with the same name in the context, use the pin operator (^) to match on it or prefix this variable with underscore if it is not meant to be used)", position: {39, 32}, compiler_name: "Elixir", span: nil, details: nil, stacktrace: [{Petri, :preset, 2, [file: "lib/petri.ex", column: 32, line: 39]}]}, %Mix.Task.Compiler.Diagnostic{file: "/home/alguien/Projects/elixir/petri/lib/petri.ex", source: "/home/alguien/Projects/elixir/petri/lib/petri.ex", severity: :warning, message: "variable \"b\" is unused (if the variable is not meant to be used, prefix it with an underscore)", position: {46, 28}, compiler_name: "Elixir", span: nil, details: nil, stacktrace: [{Petri, :postset, 2, [file: "lib/petri.ex", column: 28, line: 46]}]}, %Mix.Task.Compiler.Diagnostic{file: "/home/alguien/Projects/elixir/petri/lib/petri.ex", source: "/home/alguien/Projects/elixir/petri/lib/petri.ex", severity: :warning, message: "variable \"b\" is unused (there is a variable with the same name in the context, use the pin operator (^) to match on it or prefix this variable with underscore if it is not meant to be used)", position: {46, 34}, compiler_name: "Elixir", span: nil, details: nil, stacktrace: [{Petri, :postset, 2, [file: "lib/petri.ex", column: 34, line: 46]}]}]

13:58:13.150 [debug] sent notification server -> client $/progress
13:58:13.151 [info] Compiled petri in 63 ms
13:58:13.151 [debug] Node port message: 
13:58:13.151 [info] Plugins found 0 results in 0.013 ms

13:58:13.151 [debug] sent notification server -> client textDocument/publishDiagnostics
13:58:13.151 [debug] Node port message: 
13:58:13.150 [debug] sent notification server -> client $/progress

13:58:26.833 [debug] handled notification client -> server textDocument/didChange in 1ms
13:58:26.885 [debug] Node port message:     warning: an expression is always required on the right side of ->. Please provide a value after ->
    â
 46 â     |> Enum.filter(fn [_a, b] -> b = n end )
    â                               ~
    â
    ââ lib/petri.ex:46:31


13:58:26.885 [debug] Node port message: 
13:58:26.885 [info] Plugins found 0 results in 0.009 ms

13:58:26.887 [debug] sent notification server -> client textDocument/publishDiagnostics
13:58:26.939 [debug] handled notification client -> server textDocument/didChange in 1ms
13:58:26.961 [info] Completion for XpPos<<46, 35>>
13:58:27.013 [info] Local completions are: [function: (abs, apply, apply)   macro: (alias, alias!, and)   ]
13:58:27.015 [info] Emitting Completions: [3:abs(number) 3:apply(fun, args) 3:apply(module, function_name, args) 7:alias (alias a module's name) ]
13:58:27.015 [debug] handled request client -> server textDocument/completion in 76ms
13:58:27.036 [debug] sent notification server -> client textDocument/publishDiagnostics
13:58:27.037 [debug] Node port message: 
13:58:27.036 [info] Plugins found 0 results in 0.01 ms

13:58:28.897 [debug] handled notification client -> server textDocument/didChange in 1ms
13:58:28.950 [debug] Node port message:     warning: an expression is always required on the right side of ->. Please provide a value after ->
    â
 47 â     |> Enum.map(fn[a, _b] -> a end)
    â                           ~
    â
    ââ lib/petri.ex:47:27


13:58:28.972 [debug] sent notification server -> client textDocument/publishDiagnostics
13:58:28.973 [debug] Node port message: 
13:58:28.972 [info] Plugins found 0 results in 0.01 ms

13:58:29.109 [debug] handled notification client -> server textDocument/didChange in 1ms
13:58:29.140 [info] Completion for XpPos<<47, 31>>
13:58:29.171 [debug] sent notification server -> client textDocument/publishDiagnostics
13:58:29.171 [debug] Node port message: 
13:58:29.170 [info] Plugins found 0 results in 0.011 ms

13:58:29.199 [info] Local completions are: [function: (binary_part, binary_slice, binary_slice, bit_size, byte_size)   macro: (binding, binding)   ]
13:58:29.201 [info] Emitting Completions: [3:binary_part(binary, start, size) 3:binary_slice(binary, range) 3:binary_slice(binary, start, size) 3:bit_size(bitstring) 3:byte_size(bitstring) 3:binding() 3:binding(context) ]
13:58:29.202 [debug] handled request client -> server textDocument/completion in 93ms
13:58:29.853 [debug] handled notification client -> server textDocument/didSave in 550µs
13:58:29.904 [debug] sent request server -> client window/workDoneProgress/create
13:58:29.904 [debug] Node port message: 
13:58:29.904 [info] Building petri

13:58:29.904 [debug] Node port message: 
13:58:29.904 [debug] sent request server -> client window/workDoneProgress/create

13:58:29.908 [debug] sent notification server -> client $/progress
13:58:29.909 [debug] sent notification server -> client $/progress
13:58:29.909 [debug] Node port message: 
13:58:29.908 [debug] sent notification server -> client $/progress

13:58:29.909 [debug] Node port message: 
13:58:29.909 [debug] sent notification server -> client $/progress

13:58:29.920 [debug] Node port message: Compiling 1 file (.ex)

13:58:29.927 [debug] Node port message:     warning: variable "b" is unused (if the variable is not meant to be used, prefix it with an underscore)
    â
 39 â   |> Enum.filter(fn [_a, b] -> b = n end )
    â                          ~
    â
    ââ (petri 0.1.0) lib/petri.ex:39:26: Petri.preset/2


13:58:29.927 [debug] Node port message:     warning: variable "b" is unused (there is a variable with the same name in the context, use the pin operator (^) to match on it or prefix this variable with underscore if it is not meant to be used)
    â
 39 â   |> Enum.filter(fn [_a, b] -> b = n end )
    â                                ~
    â
    ââ (petri 0.1.0) lib/petri.ex:39:32: Petri.preset/2


13:58:29.928 [debug] Node port message:     warning: variable "a" is unused (if the variable is not meant to be used, prefix it with an underscore)
    â
 46 â     |> Enum.filter(fn [_a, b] -> a = n end )
    â                                  ~
    â
    ââ (petri 0.1.0) lib/petri.ex:46:34: Petri.postset/2


13:58:29.928 [debug] Node port message:     warning: variable "b" is unused (if the variable is not meant to be used, prefix it with an underscore)
    â
 46 â     |> Enum.filter(fn [_a, b] -> a = n end )
    â                            ~
    â
    ââ (petri 0.1.0) lib/petri.ex:46:28: Petri.postset/2


13:58:29.929 [debug] Node port message:     warning: variable "a" is unused (if the variable is not meant to be used, prefix it with an underscore)
    â
 47 â     |> Enum.map(fn[a, _b] -> b end)
    â                    ~
    â
    ââ (petri 0.1.0) lib/petri.ex:47:20: Petri.postset/2


13:58:29.931 [debug] Node port message:     error: undefined variable "b"
    â
 47 â     |> Enum.map(fn[a, _b] -> b end)
    â                              ^
    â
    ââ (petri 0.1.0) lib/petri.ex:47:30: Petri.postset/2


13:58:29.931 [debug] Node port message: 
== Compilation error in file lib/petri.ex ==
** (CompileError) lib/petri.ex: cannot compile module Petri (errors have been logged)


13:58:29.932 [debug] sent notification server -> client $/progress
13:58:29.933 [info] Compiled petri in 28 ms
13:58:29.933 [debug] Node port message: 
13:58:29.932 [info] Plugins found 0 results in 0.007 ms

13:58:29.933 [debug] sent notification server -> client textDocument/publishDiagnostics
13:58:29.933 [debug] Node port message: 
13:58:29.932 [debug] sent notification server -> client $/progress

13:58:38.300 [debug] handled notification client -> server textDocument/didChange in 1ms
13:58:38.359 [debug] sent notification server -> client textDocument/publishDiagnostics
13:58:38.359 [debug] Node port message: 
13:58:38.358 [info] Plugins found 0 results in 0.008 ms

13:58:39.026 [debug] handled notification client -> server textDocument/didSave in 717µs
13:58:39.077 [debug] Node port message: 
13:58:39.077 [info] Building petri

13:58:39.077 [debug] sent request server -> client window/workDoneProgress/create
13:58:39.078 [debug] Node port message: 
13:58:39.077 [debug] sent request server -> client window/workDoneProgress/create

13:58:39.078 [debug] sent notification server -> client $/progress
13:58:39.078 [debug] sent notification server -> client $/progress
13:58:39.079 [debug] Node port message: 
13:58:39.078 [debug] sent notification server -> client $/progress

13:58:39.079 [debug] Node port message: 
13:58:39.078 [debug] sent notification server -> client $/progress

13:58:39.090 [debug] Node port message: Compiling 1 file (.ex)

13:58:39.098 [debug] Node port message:     warning: variable "b" is unused (if the variable is not meant to be used, prefix it with an underscore)
    â
 39 â   |> Enum.filter(fn [_a, b] -> b = n end )
    â                          ~
    â
    ââ (petri 0.1.0) lib/petri.ex:39:26: Petri.preset/2


13:58:39.098 [debug] Node port message:     warning: variable "b" is unused (there is a variable with the same name in the context, use the pin operator (^) to match on it or prefix this variable with underscore if it is not meant to be used)
    â
 39 â   |> Enum.filter(fn [_a, b] -> b = n end )
    â                                ~
    â
    ââ (petri 0.1.0) lib/petri.ex:39:32: Petri.preset/2


13:58:39.099 [debug] Node port message:     warning: variable "a" is unused (if the variable is not meant to be used, prefix it with an underscore)
    â
 46 â   |> Enum.filter(fn [_a, b] -> a = n end )
    â                                ~
    â
    ââ (petri 0.1.0) lib/petri.ex:46:32: Petri.postset/2


13:58:39.099 [debug] Node port message:     warning: variable "b" is unused (if the variable is not meant to be used, prefix it with an underscore)
    â
 46 â   |> Enum.filter(fn [_a, b] -> a = n end )
    â                          ~
    â
    ââ (petri 0.1.0) lib/petri.ex:46:26: Petri.postset/2


13:58:39.099 [debug] Node port message:     warning: variable "a" is unused (if the variable is not meant to be used, prefix it with an underscore)
    â
 47 â   |> Enum.map(fn[a, _b] -> b end)
    â                  ~
    â
    ââ (petri 0.1.0) lib/petri.ex:47:18: Petri.postset/2


13:58:39.101 [debug] Node port message:     error: undefined variable "b"
    â
 47 â   |> Enum.map(fn[a, _b] -> b end)
    â                            ^
    â
    ââ (petri 0.1.0) lib/petri.ex:47:28: Petri.postset/2


13:58:39.101 [debug] Node port message: 
== Compilation error in file lib/petri.ex ==
** (CompileError) lib/petri.ex: cannot compile module Petri (errors have been logged)


13:58:39.102 [debug] sent notification server -> client $/progress
13:58:39.103 [info] Compiled petri in 25 ms
13:58:39.103 [debug] Node port message: 
13:58:39.102 [info] Plugins found 0 results in 0.011 ms

13:58:39.102 [debug] sent notification server -> client $/progress

13:58:39.103 [debug] sent notification server -> client textDocument/publishDiagnostics
13:58:40.753 [debug] handled notification client -> server textDocument/didSave in 1ms
13:58:40.804 [debug] sent request server -> client window/workDoneProgress/create
13:58:40.804 [debug] Node port message: 
13:58:40.804 [info] Building petri

13:58:40.804 [debug] sent request server -> client window/workDoneProgress/create

13:58:40.804 [debug] sent notification server -> client $/progress
13:58:40.805 [debug] sent notification server -> client $/progress
13:58:40.805 [debug] Node port message: 
13:58:40.804 [debug] sent notification server -> client $/progress

13:58:40.805 [debug] Node port message: 
13:58:40.805 [debug] sent notification server -> client $/progress

13:58:40.813 [debug] Node port message: Compiling 1 file (.ex)

13:58:40.818 [debug] Node port message:     warning: variable "b" is unused (if the variable is not meant to be used, prefix it with an underscore)
    â
 39 â   |> Enum.filter(fn [_a, b] -> b = n end )
    â                          ~
    â
    ââ (petri 0.1.0) lib/petri.ex:39:26: Petri.preset/2


13:58:40.818 [debug] Node port message:     warning: variable "b" is unused (there is a variable with the same name in the context, use the pin operator (^) to match on it or prefix this variable with underscore if it is not meant to be used)
    â
 39 â   |> Enum.filter(fn [_a, b] -> b = n end )
    â                                ~
    â
    ââ (petri 0.1.0) lib/petri.ex:39:32: Petri.preset/2


13:58:40.819 [debug] Node port message:     warning: variable "a" is unused (if the variable is not meant to be used, prefix it with an underscore)
    â
 46 â   |> Enum.filter(fn [_a, b] -> a = n end )
    â                                ~
    â
    ââ (petri 0.1.0) lib/petri.ex:46:32: Petri.postset/2


13:58:40.819 [debug] Node port message:     warning: variable "b" is unused (if the variable is not meant to be used, prefix it with an underscore)
    â
 46 â   |> Enum.filter(fn [_a, b] -> a = n end )
    â                          ~
    â
    ââ (petri 0.1.0) lib/petri.ex:46:26: Petri.postset/2


13:58:40.820 [debug] Node port message:     warning: variable "a" is unused (if the variable is not meant to be used, prefix it with an underscore)
    â
 47 â   |> Enum.map(fn[a, _b] -> b end)
    â                  ~
    â
    ââ (petri 0.1.0) lib/petri.ex:47:18: Petri.postset/2


13:58:40.822 [debug] Node port message:     error: undefined variable "b"
    â
 47 â   |> Enum.map(fn[a, _b] -> b end)
    â                            ^
    â
    ââ (petri 0.1.0) lib/petri.ex:47:28: Petri.postset/2


13:58:40.822 [debug] Node port message: 
== Compilation error in file lib/petri.ex ==
** (CompileError) lib/petri.ex: cannot compile module Petri (errors have been logged)


13:58:40.823 [debug] sent notification server -> client $/progress
13:58:40.824 [info] Compiled petri in 19 ms
13:58:40.824 [debug] Node port message: 
13:58:40.823 [info] Plugins found 0 results in 0.013 ms

13:58:40.824 [debug] sent notification server -> client textDocument/publishDiagnostics
13:58:40.824 [debug] Node port message: 
13:58:40.823 [debug] sent notification server -> client $/progress

13:58:49.008 [debug] handled notification client -> server textDocument/didChange in 1ms
13:58:49.067 [debug] sent notification server -> client textDocument/publishDiagnostics
13:58:49.068 [debug] Node port message: 
13:58:49.067 [info] Plugins found 0 results in 0.01 ms

13:58:49.155 [debug] handled notification client -> server textDocument/didChange in 1ms
13:58:49.214 [debug] sent notification server -> client textDocument/publishDiagnostics
13:58:49.215 [debug] Node port message: 
13:58:49.214 [info] Plugins found 0 results in 0.009 ms

13:58:49.305 [debug] handled notification client -> server textDocument/didChange in 985µs
13:58:49.364 [debug] sent notification server -> client textDocument/publishDiagnostics
13:58:49.364 [debug] Node port message: 
13:58:49.364 [info] Plugins found 0 results in 0.008 ms

13:58:49.692 [debug] handled notification client -> server textDocument/didChange in 1ms
13:58:49.751 [debug] sent notification server -> client textDocument/publishDiagnostics
13:58:49.751 [debug] Node port message: 
13:58:49.751 [info] Plugins found 0 results in 0.01 ms

13:58:49.840 [debug] handled notification client -> server textDocument/didChange in 1ms
13:58:49.901 [debug] sent notification server -> client textDocument/publishDiagnostics
13:58:49.901 [debug] Node port message: 
13:58:49.901 [info] Plugins found 0 results in 0.009 ms

13:58:50.071 [debug] handled notification client -> server textDocument/didChange in 1ms
13:58:50.093 [info] Completion for XpPos<<52, 2>>
13:58:50.123 [debug] sent notification server -> client textDocument/publishDiagnostics
13:58:50.123 [debug] Node port message: 
13:58:50.123 [info] Plugins found 0 results in 0.009 ms

13:58:50.137 [info] Local completions are: [function: (div)   macro: (dbg, dbg, dbg, def, def, defdelegate, defexception, defguard, defguardp, defimpl, defimpl, defmacro, defmacro, defmacrop, defmacrop, defmodule, defoverridable, defp, defp, defprotocol, defstruct, destructure)   ]
13:58:50.156 [info] Emitting Completions: [3:div(dividend, divisor) 3:dbg() 3:dbg(code) 3:dbg(code, options) 7:def (define a function) 7:defdelegate (define a delegate function) 7:defexception (define an exception) 7:defguard (define a guard macro) 7:defguardp (define a private guard macro) 7:defimpl (define a protocol implementation) 7:defmacro (define a macro) 7:defmacrop (define a private macro) 7:defmodule (define a module) 7:defoverridable (mark a function as overridable) 7:defp (define a private function) 7:defprotocol (define a protocol) 7:defstruct (define a struct) ]
13:58:50.158 [debug] handled request client -> server textDocument/completion in 86ms
13:58:50.251 [debug] handled notification client -> server textDocument/didChange in 1ms
13:58:50.304 [debug] sent notification server -> client textDocument/publishDiagnostics
13:58:50.304 [debug] Node port message: 
13:58:50.304 [info] Plugins found 0 results in 0.01 ms

13:58:50.332 [debug] handled notification client -> server textDocument/didChange in 10ms
13:58:50.385 [debug] sent notification server -> client textDocument/publishDiagnostics
13:58:50.385 [debug] Node port message: 
13:58:50.385 [info] Plugins found 0 results in 0.006 ms

13:58:50.875 [debug] handled notification client -> server textDocument/didChange in 1ms
13:58:50.927 [debug] sent notification server -> client textDocument/publishDiagnostics
13:58:50.928 [debug] Node port message: 
13:58:50.927 [info] Plugins found 0 results in 0.005 ms

13:58:51.527 [debug] handled notification client -> server textDocument/didChange in 1ms
13:58:51.548 [info] Completion for XpPos<<52, 6>>
13:58:51.566 [info] Local completions are: []
13:58:51.566 [info] Emitting Completions: []
13:58:51.567 [debug] handled request client -> server textDocument/completion in 39ms
13:58:51.586 [debug] sent notification server -> client textDocument/publishDiagnostics
13:58:51.586 [debug] Node port message: 
13:58:51.586 [info] Plugins found 0 results in 0.01 ms

13:58:51.660 [debug] handled notification client -> server textDocument/didChange in 940µs
13:58:51.678 [info] Completion for XpPos<<52, 7>>
13:58:51.698 [info] Local completions are: []
13:58:51.699 [info] Emitting Completions: []
13:58:51.699 [debug] handled request client -> server textDocument/completion in 38ms
13:58:51.722 [debug] sent notification server -> client textDocument/publishDiagnostics
13:58:51.723 [debug] Node port message: 
13:58:51.722 [info] Plugins found 0 results in 0.014 ms

13:58:51.811 [debug] handled notification client -> server textDocument/didChange in 883µs
13:58:51.871 [debug] sent notification server -> client textDocument/publishDiagnostics
13:58:51.871 [debug] Node port message: 
13:58:51.871 [info] Plugins found 0 results in 0.012 ms

13:58:52.260 [debug] handled notification client -> server textDocument/didChange in 1ms
13:58:52.283 [info] Completion for XpPos<<52, 7>>
13:58:52.301 [info] Local completions are: []
13:58:52.301 [info] Emitting Completions: []
13:58:52.302 [debug] handled request client -> server textDocument/completion in 41ms
13:58:52.319 [debug] sent notification server -> client textDocument/publishDiagnostics
13:58:52.320 [debug] Node port message: 
13:58:52.319 [info] Plugins found 0 results in 0.01 ms

13:58:52.496 [debug] handled notification client -> server textDocument/didChange in 1ms
13:58:52.548 [debug] Node port message: 
13:58:52.548 [info] Plugins found 0 results in 0.024 ms

13:58:52.551 [debug] sent notification server -> client textDocument/publishDiagnostics
13:58:52.982 [debug] handled notification client -> server textDocument/didChange in 1ms
13:58:53.005 [info] Completion for XpPos<<52, 7>>
13:58:53.026 [info] Local completions are: []
13:58:53.026 [info] Emitting Completions: []
13:58:53.026 [debug] handled request client -> server textDocument/completion in 44ms
13:58:53.041 [debug] sent notification server -> client textDocument/publishDiagnostics
13:58:53.042 [debug] Node port message: 
13:58:53.041 [info] Plugins found 0 results in 0.023 ms

13:58:53.177 [debug] handled notification client -> server textDocument/didChange in 1ms
13:58:53.196 [info] Completion for XpPos<<52, 8>>
13:58:53.214 [info] Local completions are: []
13:58:53.215 [info] Emitting Completions: []
13:58:53.215 [debug] handled request client -> server textDocument/completion in 37ms
13:58:53.237 [debug] sent notification server -> client textDocument/publishDiagnostics
13:58:53.238 [debug] Node port message: 
13:58:53.237 [info] Plugins found 0 results in 0.01 ms

13:58:53.726 [debug] handled notification client -> server textDocument/didChange in 1ms
13:58:53.745 [info] Completion for XpPos<<52, 9>>
13:58:53.764 [info] Local completions are: []
13:58:53.764 [info] Emitting Completions: []
13:58:53.764 [debug] handled request client -> server textDocument/completion in 38ms
13:58:53.785 [debug] sent notification server -> client textDocument/publishDiagnostics
13:58:53.786 [debug] Node port message: 
13:58:53.785 [info] Plugins found 0 results in 0.009 ms

13:58:54.063 [debug] handled notification client -> server textDocument/didChange in 832µs
13:58:54.086 [info] Completion for XpPos<<52, 8>>
13:58:54.107 [info] Local completions are: []
13:58:54.108 [info] Emitting Completions: []
13:58:54.108 [debug] handled request client -> server textDocument/completion in 44ms
13:58:54.123 [debug] sent notification server -> client textDocument/publishDiagnostics
13:58:54.124 [debug] Node port message: 
13:58:54.123 [info] Plugins found 0 results in 0.01 ms

13:58:54.143 [debug] handled notification client -> server textDocument/didChange in 2ms
13:58:54.166 [info] Completion for XpPos<<52, 9>>
13:58:54.193 [info] Local completions are: []
13:58:54.193 [info] Emitting Completions: []
13:58:54.194 [debug] handled request client -> server textDocument/completion in 50ms
13:58:54.204 [debug] Node port message: 
13:58:54.203 [info] Plugins found 0 results in 0.011 ms

13:58:54.204 [debug] sent notification server -> client textDocument/publishDiagnostics
13:58:54.251 [debug] handled notification client -> server textDocument/didChange in 1ms
13:58:54.274 [info] Completion for XpPos<<52, 10>>
13:58:54.297 [info] Local completions are: []
13:58:54.297 [info] Emitting Completions: []
13:58:54.297 [debug] handled request client -> server textDocument/completion in 46ms
13:58:54.311 [debug] sent notification server -> client textDocument/publishDiagnostics
13:58:54.311 [debug] Node port message: 
13:58:54.310 [info] Plugins found 0 results in 0.008 ms

13:58:54.352 [debug] handled notification client -> server textDocument/didChange in 1ms
13:58:54.373 [info] Completion for XpPos<<52, 11>>
13:58:54.397 [info] Local completions are: []
13:58:54.397 [info] Emitting Completions: []
13:58:54.398 [debug] handled request client -> server textDocument/completion in 45ms
13:58:54.413 [debug] sent notification server -> client textDocument/publishDiagnostics
13:58:54.413 [debug] Node port message: 
13:58:54.412 [info] Plugins found 0 results in 0.01 ms

13:58:54.455 [debug] handled notification client -> server textDocument/didChange in 1ms
13:58:54.473 [info] Completion for XpPos<<52, 12>>
13:58:54.492 [info] Local completions are: []
13:58:54.492 [info] Emitting Completions: []
13:58:54.493 [debug] handled request client -> server textDocument/completion in 37ms
13:58:54.515 [debug] sent notification server -> client textDocument/publishDiagnostics
13:58:54.516 [debug] Node port message: 
13:58:54.515 [info] Plugins found 0 results in 0.009 ms

13:58:54.572 [debug] handled notification client -> server textDocument/didChange in 1ms
13:58:54.591 [info] Completion for XpPos<<52, 13>>
13:58:54.609 [info] Local completions are: []
13:58:54.610 [info] Emitting Completions: []
13:58:54.610 [debug] handled request client -> server textDocument/completion in 37ms
13:58:54.633 [debug] sent notification server -> client textDocument/publishDiagnostics
13:58:54.634 [debug] Node port message: 
13:58:54.633 [info] Plugins found 0 results in 0.01 ms

13:58:54.684 [debug] handled notification client -> server textDocument/didChange in 1ms
13:58:54.703 [info] Completion for XpPos<<52, 14>>
13:58:54.724 [info] Local completions are: []
13:58:54.724 [info] Emitting Completions: []
13:58:54.724 [debug] handled request client -> server textDocument/completion in 40ms
13:58:54.743 [debug] sent notification server -> client textDocument/publishDiagnostics
13:58:54.743 [debug] Node port message: 
13:58:54.743 [info] Plugins found 0 results in 0.009 ms

13:58:54.916 [debug] handled notification client -> server textDocument/didChange in 1ms
13:58:54.933 [info] Completion for XpPos<<52, 15>>
13:58:54.952 [info] Local completions are: []
13:58:54.952 [info] Emitting Completions: []
13:58:54.952 [debug] handled request client -> server textDocument/completion in 36ms
13:58:54.975 [debug] sent notification server -> client textDocument/publishDiagnostics
13:58:54.976 [debug] Node port message: 
13:58:54.975 [info] Plugins found 0 results in 0.01 ms

13:58:55.241 [debug] handled notification client -> server textDocument/didChange in 981µs
13:58:55.293 [debug] Node port message: 
13:58:55.292 [info] Plugins found 0 results in 0.01 ms

13:58:55.295 [debug] sent notification server -> client textDocument/publishDiagnostics
13:58:55.390 [debug] handled notification client -> server textDocument/didChange in 1ms
13:58:55.449 [debug] sent notification server -> client textDocument/publishDiagnostics
13:58:55.449 [debug] Node port message: 
13:58:55.449 [info] Plugins found 0 results in 0.008 ms

13:58:57.252 [debug] handled notification client -> server textDocument/didChange in 1ms
13:58:57.277 [info] Completion for XpPos<<52, 17>>
13:58:57.318 [debug] sent notification server -> client textDocument/publishDiagnostics
13:58:57.318 [debug] Node port message: 
13:58:57.318 [info] Plugins found 0 results in 0.01 ms

13:58:57.332 [info] Local completions are: [function: (floor, function_exported?)   macro: (fn, for)   ]
13:58:57.333 [info] Emitting Completions: [3:floor(number) 3:function_exported?(module, function, arity) 3:fn(term) 7:for (comprehension) ]
13:58:57.334 [debug] handled request client -> server textDocument/completion in 80ms
13:58:57.836 [debug] handled notification client -> server textDocument/didChange in 1ms
13:58:57.887 [debug] Node port message: 
13:58:57.887 [info] Plugins found 0 results in 0.01 ms

13:58:57.890 [debug] sent notification server -> client textDocument/publishDiagnostics
13:58:58.039 [debug] handled notification client -> server textDocument/didChange in 1ms
13:58:58.090 [debug] Node port message: 
13:58:58.090 [info] Plugins found 0 results in 0.009 ms

13:58:58.097 [debug] sent notification server -> client textDocument/publishDiagnostics
13:58:58.264 [debug] handled notification client -> server textDocument/didChange in 1ms
13:58:58.289 [info] Completion for XpPos<<52, 20>>
13:58:58.326 [debug] sent notification server -> client textDocument/publishDiagnostics
13:58:58.326 [debug] Node port message: 
13:58:58.325 [info] Plugins found 0 results in 0.008 ms

13:58:58.341 [info] Local completions are: [function: (node, node, not)   ]
13:58:58.341 [info] Emitting Completions: [3:node() 3:node(arg) 3:not(value) ]
13:58:58.342 [debug] handled request client -> server textDocument/completion in 77ms
13:58:58.418 [debug] handled notification client -> server textDocument/didChange in 1ms
13:58:58.479 [debug] sent notification server -> client textDocument/publishDiagnostics
13:58:58.479 [debug] Node port message: 
13:58:58.479 [info] Plugins found 0 results in 0.008 ms

13:58:58.601 [debug] handled notification client -> server textDocument/didChange in 1ms
13:58:58.653 [debug] Node port message: 
13:58:58.653 [info] Plugins found 0 results in 0.027 ms

13:58:58.656 [debug] sent notification server -> client textDocument/publishDiagnostics
13:58:58.918 [debug] handled notification client -> server textDocument/didChange in 1ms
13:58:58.978 [debug] sent notification server -> client textDocument/publishDiagnostics
13:58:58.979 [debug] Node port message: 
13:58:58.978 [info] Plugins found 0 results in 0.008 ms

13:58:59.093 [debug] handled notification client -> server textDocument/didChange in 1ms
13:58:59.117 [info] Completion for XpPos<<52, 20>>
13:58:59.158 [debug] Node port message: 
13:58:59.157 [info] Plugins found 0 results in 0.01 ms

13:58:59.158 [debug] sent notification server -> client textDocument/publishDiagnostics
13:58:59.162 [info] Local completions are: [function: (node, node, not)   ]
13:58:59.163 [info] Emitting Completions: [3:node() 3:node(arg) 3:not(value) ]
13:58:59.164 [debug] handled request client -> server textDocument/completion in 70ms
13:58:59.275 [debug] handled notification client -> server textDocument/didChange in 1ms
13:58:59.326 [debug] Node port message: 
13:58:59.326 [info] Plugins found 0 results in 0.008 ms

13:58:59.329 [debug] sent notification server -> client textDocument/publishDiagnostics
13:58:59.424 [debug] handled notification client -> server textDocument/didChange in 1ms
13:58:59.476 [debug] Node port message: 
13:58:59.475 [info] Plugins found 0 results in 0.008 ms

13:58:59.478 [debug] sent notification server -> client textDocument/publishDiagnostics
13:58:59.580 [debug] handled notification client -> server textDocument/didChange in 1ms
13:58:59.602 [info] Completion for XpPos<<52, 23>>
13:58:59.644 [debug] sent notification server -> client textDocument/publishDiagnostics
13:58:59.644 [debug] Node port message: 
13:58:59.643 [info] Plugins found 0 results in 0.015 ms

13:58:59.648 [info] Local completions are: [function: (macro_exported?, make_ref, map_size, max, min)   macro: (match?)   ]
13:58:59.649 [info] Emitting Completions: [3:macro_exported?(module, macro, arity) 3:make_ref() 3:map_size(map) 3:max(first, second) 3:min(first, second) 3:match?(pattern, expr) ]
13:58:59.650 [debug] handled request client -> server textDocument/completion in 69ms
13:59:01.943 [debug] handled notification client -> server textDocument/didChange in 1ms
13:59:02.004 [debug] sent notification server -> client textDocument/publishDiagnostics
13:59:02.004 [debug] Node port message: 
13:59:02.004 [info] Plugins found 0 results in 0.008 ms

13:59:02.316 [debug] handled notification client -> server textDocument/didChange in 1ms
13:59:02.375 [debug] sent notification server -> client textDocument/publishDiagnostics
13:59:02.376 [debug] Node port message: 
13:59:02.375 [info] Plugins found 0 results in 0.009 ms

13:59:02.454 [debug] handled notification client -> server textDocument/didChange in 1ms
13:59:02.480 [info] Completion for XpPos<<52, 25>>
13:59:02.506 [debug] sent notification server -> client textDocument/publishDiagnostics
13:59:02.506 [debug] Node port message: 
13:59:02.506 [info] Plugins found 0 results in 0.01 ms

13:59:02.532 [info] Local completions are: [function: (div)   macro: (dbg, dbg, dbg, def, def, defdelegate, defexception, defguard, defguardp, defimpl, defimpl, defmacro, defmacro, defmacrop, defmacrop, defmodule, defoverridable, defp, defp, defprotocol, defstruct, destructure)   ]
13:59:02.545 [info] Emitting Completions: [3:div(dividend, divisor) 3:dbg() 3:dbg(code) 3:dbg(code, options) 7:def (define a function) 7:defdelegate (define a delegate function) 7:defexception (define an exception) 7:defguard (define a guard macro) 7:defguardp (define a private guard macro) 7:defimpl (define a protocol implementation) 7:defmacro (define a macro) 7:defmacrop (define a private macro) 7:defmodule (define a module) 7:defoverridable (mark a function as overridable) 7:defp (define a private function) 7:defprotocol (define a protocol) 7:defstruct (define a struct) ]
13:59:02.547 [debug] handled request client -> server textDocument/completion in 93ms
13:59:02.549 [debug] handled notification client -> server textDocument/didChange in 1ms
13:59:02.600 [debug] Node port message: 
13:59:02.600 [info] Plugins found 0 results in 0.006 ms

13:59:02.603 [debug] sent notification server -> client textDocument/publishDiagnostics
13:59:04.696 [debug] handled notification client -> server textDocument/didChange in 1ms
13:59:04.747 [debug] Node port message: 
13:59:04.747 [info] Plugins found 0 results in 0.014 ms

13:59:04.750 [debug] sent notification server -> client textDocument/publishDiagnostics
13:59:05.510 [debug] handled notification client -> server textDocument/didSave in 828µs
13:59:05.561 [debug] sent request server -> client window/workDoneProgress/create
13:59:05.561 [debug] Node port message: 
13:59:05.561 [info] Building petri

13:59:05.562 [debug] sent notification server -> client $/progress
13:59:05.564 [debug] Node port message: 
13:59:05.561 [debug] sent request server -> client window/workDoneProgress/create

13:59:05.562 [debug] sent notification server -> client $/progress

13:59:05.564 [debug] sent notification server -> client $/progress
13:59:05.565 [debug] Node port message: 
13:59:05.564 [debug] sent notification server -> client $/progress

13:59:05.572 [debug] Node port message: Compiling 1 file (.ex)

13:59:05.575 [debug] Node port message: 
== Compilation error in file lib/petri.ex ==
** (TokenMissingError) token missing on lib/petri.ex:55:4:
    error: missing terminator: end
    hint: it looks like the "do" on line 1 does not have a matching "end"
    â
  1 â defmodule Petri do
    â                 â unclosed delimiter
 ...
 55 â end
    â    â missing closing delimiter (expected "end")
    â
    ââ lib/petri.ex:55:4
    (elixir 1.18.3) lib/kernel/parallel_compiler.ex:428: anonymous fn/5 in Kernel.ParallelCompiler.spawn_workers/8

13:59:05.577 [debug] sent notification server -> client $/progress
13:59:05.577 [debug] Node port message: 
13:59:05.577 [info] Plugins found 0 results in 0.011 ms

13:59:05.577 [debug] Node port message: 
13:59:05.577 [debug] sent notification server -> client $/progress

13:59:05.577 [info] Compiled petri in 16 ms
13:59:05.578 [debug] sent notification server -> client textDocument/publishDiagnostics
13:59:10.536 [debug] handled notification client -> server textDocument/didChange in 1ms
13:59:10.587 [debug] Node port message: 
13:59:10.587 [info] Plugins found 0 results in 0.007 ms

13:59:10.590 [debug] sent notification server -> client textDocument/publishDiagnostics
13:59:10.683 [debug] handled notification client -> server textDocument/didChange in 896µs
13:59:10.734 [debug] Node port message: 
13:59:10.734 [info] Plugins found 0 results in 0.011 ms

13:59:10.737 [debug] sent notification server -> client textDocument/publishDiagnostics
13:59:10.957 [debug] handled notification client -> server textDocument/didChange in 1ms
13:59:10.990 [info] Completion for XpPos<<54, 6>>
13:59:11.009 [debug] sent notification server -> client textDocument/publishDiagnostics
13:59:11.009 [debug] Node port message: 
13:59:11.008 [info] Plugins found 0 results in 0.008 ms

13:59:11.036 [info] Local completions are: [function: (ex1l, ex1m, elem, exit)   ]
13:59:11.037 [info] Emitting Completions: [3:ex1l() 3:ex1m() 3:elem(tuple, index) 3:exit(reason) ]
13:59:11.038 [debug] handled request client -> server textDocument/completion in 81ms
13:59:11.138 [debug] handled notification client -> server textDocument/didChange in 1ms
13:59:11.189 [debug] Node port message: 
13:59:11.189 [info] Plugins found 0 results in 0.007 ms

13:59:11.192 [debug] sent notification server -> client textDocument/publishDiagnostics
13:59:11.299 [debug] handled notification client -> server textDocument/didChange in 858µs
13:59:11.301 [debug] handled notification client -> server textDocument/didChange in 1ms
13:59:11.327 [info] Completion for XpPos<<54, 6>>
13:59:11.371 [debug] sent notification server -> client textDocument/publishDiagnostics
13:59:11.371 [debug] Node port message: 
13:59:11.371 [info] Plugins found 0 results in 0.011 ms

13:59:11.401 [info] Local completions are: []
13:59:11.401 [info] Emitting Completions: []
13:59:11.401 [debug] handled request client -> server textDocument/completion in 99ms
13:59:12.306 [debug] handled notification client -> server textDocument/didSave in 673µs
13:59:12.357 [debug] Node port message: 
13:59:12.357 [info] Building petri

13:59:12.357 [debug] sent request server -> client window/workDoneProgress/create
13:59:12.357 [debug] Node port message: 
13:59:12.357 [debug] sent request server -> client window/workDoneProgress/create

13:59:12.358 [debug] sent notification server -> client $/progress
13:59:12.358 [debug] sent notification server -> client $/progress
13:59:12.359 [debug] Node port message: 
13:59:12.358 [debug] sent notification server -> client $/progress

13:59:12.359 [debug] Node port message: 
13:59:12.358 [debug] sent notification server -> client $/progress

13:59:12.368 [debug] Node port message: Compiling 1 file (.ex)

13:59:12.374 [debug] Node port message:     warning: variable "b" is unused (if the variable is not meant to be used, prefix it with an underscore)
    â
 39 â   |> Enum.filter(fn [_a, b] -> b = n end )
    â                          ~
    â
    ââ (petri 0.1.0) lib/petri.ex:39:26: Petri.preset/2


13:59:12.375 [debug] Node port message:     warning: variable "b" is unused (there is a variable with the same name in the context, use the pin operator (^) to match on it or prefix this variable with underscore if it is not meant to be used)
    â
 39 â   |> Enum.filter(fn [_a, b] -> b = n end )
    â                                ~
    â
    ââ (petri 0.1.0) lib/petri.ex:39:32: Petri.preset/2


13:59:12.375 [debug] Node port message:     warning: variable "a" is unused (if the variable is not meant to be used, prefix it with an underscore)
    â
 46 â   |> Enum.filter(fn [_a, b] -> a = n end )
    â                                ~
    â
    ââ (petri 0.1.0) lib/petri.ex:46:32: Petri.postset/2


13:59:12.375 [debug] Node port message:     warning: variable "b" is unused (if the variable is not meant to be used, prefix it with an underscore)
    â
 46 â   |> Enum.filter(fn [_a, b] -> a = n end )
    â                          ~
    â
    ââ (petri 0.1.0) lib/petri.ex:46:26: Petri.postset/2


13:59:12.376 [debug] Node port message:     warning: variable "a" is unused (if the variable is not meant to be used, prefix it with an underscore)
    â
 47 â   |> Enum.map(fn[a, _b] -> b end)
    â                  ~
    â
    ââ (petri 0.1.0) lib/petri.ex:47:18: Petri.postset/2


13:59:12.376 [debug] Node port message:     warning: variable "f" is unused (if the variable is not meant to be used, prefix it with an underscore)
    â
 52 â def is_enabled(f, n, m) do
    â                ~
    â
    ââ (petri 0.1.0) lib/petri.ex:52:16: Petri.is_enabled/3


13:59:12.376 [debug] Node port message:     warning: variable "m" is unused (if the variable is not meant to be used, prefix it with an underscore)
    â
 52 â def is_enabled(f, n, m) do
    â                      ~
    â
    ââ (petri 0.1.0) lib/petri.ex:52:22: Petri.is_enabled/3


13:59:12.377 [debug] Node port message:     warning: variable "n" is unused (if the variable is not meant to be used, prefix it with an underscore)
    â
 52 â def is_enabled(f, n, m) do
    â                   ~
    â
    ââ (petri 0.1.0) lib/petri.ex:52:19: Petri.is_enabled/3


13:59:12.379 [debug] Node port message:     error: undefined variable "b"
    â
 47 â   |> Enum.map(fn[a, _b] -> b end)
    â                            ^
    â
    ââ (petri 0.1.0) lib/petri.ex:47:28: Petri.postset/2


13:59:12.380 [debug] Node port message: 
== Compilation error in file lib/petri.ex ==
** (CompileError) lib/petri.ex: cannot compile module Petri (errors have been logged)


13:59:12.380 [debug] sent notification server -> client $/progress
13:59:12.381 [info] Compiled petri in 24 ms
13:59:12.381 [debug] Node port message: 
13:59:12.380 [debug] sent notification server -> client $/progress

13:59:12.381 [debug] sent notification server -> client textDocument/publishDiagnostics
13:59:12.384 [debug] Node port message: 
13:59:12.381 [info] Plugins found 0 results in 0.014 ms

13:59:12.933 [debug] handled notification client -> server textDocument/didChange in 1ms
13:59:12.993 [debug] sent notification server -> client textDocument/publishDiagnostics
13:59:12.994 [debug] Node port message: 
13:59:12.993 [info] Plugins found 0 results in 0.01 ms

13:59:13.082 [debug] handled notification client -> server textDocument/didChange in 1ms
13:59:13.141 [debug] sent notification server -> client textDocument/publishDiagnostics
13:59:13.142 [debug] Node port message: 
13:59:13.141 [info] Plugins found 0 results in 0.009 ms

13:59:14.338 [debug] handled notification client -> server textDocument/didChange in 1ms
13:59:14.362 [info] Completion for XpPos<<53, 2>>
13:59:14.398 [debug] Node port message: 
13:59:14.397 [info] Plugins found 0 results in 0.009 ms

13:59:14.398 [debug] sent notification server -> client textDocument/publishDiagnostics
13:59:14.433 [info] Local completions are: [macro: (quote)   ]
13:59:14.433 [info] Emitting Completions: [7:quote (quote block) ]
13:59:14.434 [debug] handled request client -> server textDocument/completion in 95ms
13:59:14.886 [debug] handled notification client -> server textDocument/didChange in 1ms
13:59:14.945 [debug] sent notification server -> client textDocument/publishDiagnostics
13:59:14.946 [debug] Node port message: 
13:59:14.945 [info] Plugins found 0 results in 0.01 ms

13:59:15.598 [debug] handled notification client -> server textDocument/didChange in 1ms
13:59:15.659 [debug] sent notification server -> client textDocument/publishDiagnostics
13:59:15.659 [debug] Node port message: 
13:59:15.659 [info] Plugins found 0 results in 0.008 ms

13:59:15.747 [debug] handled notification client -> server textDocument/didChange in 952µs
13:59:15.806 [debug] sent notification server -> client textDocument/publishDiagnostics
13:59:15.807 [debug] Node port message: 
13:59:15.806 [info] Plugins found 0 results in 0.009 ms

13:59:19.581 [debug] handled notification client -> server textDocument/didChange in 914µs
13:59:19.613 [info] Completion for XpPos<<53, 4>>
13:59:19.650 [debug] sent notification server -> client textDocument/publishDiagnostics
13:59:19.650 [debug] Node port message: 
13:59:19.649 [info] Plugins found 0 results in 0.013 ms

13:59:19.683 [info] Local completions are: [behaviour: (Module)   exception: (MatchError, MismatchedDelimiterError, MissingApplicationsError)   module: (Macro, Map, Mint, Mix)   struct: (MapSet)   ]
13:59:19.685 [info] Emitting Completions: [9:Macro 9:Map 9:MapSet 9:Mint 9:Mix 9:Module ]
13:59:19.686 [debug] handled request client -> server textDocument/completion in 104ms
13:59:19.873 [debug] handled notification client -> server textDocument/didChange in 1ms
13:59:19.936 [debug] sent notification server -> client textDocument/publishDiagnostics
13:59:19.936 [debug] Node port message: 
13:59:19.936 [info] Plugins found 0 results in 0.011 ms

13:59:20.240 [debug] handled notification client -> server textDocument/didChange in 1ms
13:59:20.301 [debug] sent notification server -> client textDocument/publishDiagnostics
13:59:20.303 [debug] Node port message: 
13:59:20.302 [info] Plugins found 0 results in 0.012 ms

13:59:20.391 [debug] handled notification client -> server textDocument/didChange in 1ms
13:59:20.454 [debug] sent notification server -> client textDocument/publishDiagnostics
13:59:20.454 [debug] Node port message: 
13:59:20.453 [info] Plugins found 0 results in 0.009 ms

13:59:20.824 [debug] handled notification client -> server textDocument/didChange in 1ms
13:59:20.851 [info] Completion for XpPos<<53, 6>>
13:59:20.904 [debug] sent notification server -> client textDocument/publishDiagnostics
13:59:20.905 [debug] Node port message: 
13:59:20.904 [info] Plugins found 0 results in 0.01 ms

13:59:20.921 [info] Local completions are: [module: (Map)   struct: (MapSet)   ]
13:59:20.922 [info] Emitting Completions: [9:Map 9:MapSet ]
13:59:20.922 [debug] handled request client -> server textDocument/completion in 98ms
13:59:21.095 [debug] handled notification client -> server textDocument/didChange in 1ms
13:59:21.156 [debug] sent notification server -> client textDocument/publishDiagnostics
13:59:21.157 [debug] Node port message: 
13:59:21.156 [info] Plugins found 0 results in 0.011 ms

13:59:21.314 [debug] handled notification client -> server textDocument/didChange in 1ms
13:59:21.375 [debug] sent notification server -> client textDocument/publishDiagnostics
13:59:21.376 [debug] Node port message: 
13:59:21.375 [info] Plugins found 0 results in 0.011 ms

13:59:21.466 [debug] handled notification client -> server textDocument/didChange in 1ms
13:59:21.527 [debug] sent notification server -> client textDocument/publishDiagnostics
13:59:21.528 [debug] Node port message: 
13:59:21.527 [info] Plugins found 0 results in 0.011 ms

13:59:21.762 [debug] handled notification client -> server textDocument/didChange in 1ms
13:59:21.822 [debug] sent notification server -> client textDocument/publishDiagnostics
13:59:21.822 [debug] Node port message: 
13:59:21.822 [info] Plugins found 0 results in 0.009 ms

13:59:21.913 [debug] handled notification client -> server textDocument/didChange in 3ms
13:59:21.976 [debug] sent notification server -> client textDocument/publishDiagnostics
13:59:21.977 [debug] Node port message: 
13:59:21.975 [info] Plugins found 0 results in 0.011 ms

13:59:22.187 [debug] handled notification client -> server textDocument/didChange in 1ms
13:59:22.221 [info] Completion for XpPos<<53, 10>>
13:59:22.241 [debug] sent notification server -> client textDocument/publishDiagnostics
13:59:22.241 [debug] Node port message: 
13:59:22.241 [info] Plugins found 0 results in 0.008 ms

13:59:22.279 [info] Local completions are: [function: (__info__, __struct__, __struct__, delete, difference, disjoint?, equal?, filter, intersection, member?, module_info, module_info, new, new, new, put, reject, size, split_with, subset?, symmetric_difference, to_list, union)   ]
13:59:22.284 [info] Emitting Completions: [3:__info__(atom) 3:__struct__() 3:__struct__(kv) 3:delete(map_set, value) 3:difference(map_set1, map_set2) 3:disjoint?(map_set1, map_set2) 3:equal?(map_set1, map_set2) 3:filter(map_set, fun) 3:intersection(map_set1, map_set2) 3:member?(map_set, value) 3:module_info() 3:module_info(key) 3:new() 3:new(enumerable) 3:new(enumerable, transform) 3:put(map_set, value) 3:reject(map_set, fun) 3:size(map_set) 3:split_with(map_set, fun) 3:subset?(map_set1, map_set2) 3:symmetric_difference(map_set1, map_set2) 3:to_list(map_set) 3:union(map_set1, map_set2) ]
13:59:22.288 [debug] handled request client -> server textDocument/completion in 100ms
13:59:52.888 [debug] handled notification client -> server textDocument/didChange in 1ms
13:59:52.950 [debug] sent notification server -> client textDocument/publishDiagnostics
13:59:52.951 [debug] Node port message: 
13:59:52.950 [info] Plugins found 0 results in 0.008 ms

13:59:52.991 [debug] handled notification client -> server textDocument/didChange in 1ms
13:59:53.051 [debug] sent notification server -> client textDocument/publishDiagnostics
13:59:53.051 [debug] Node port message: 
13:59:53.051 [info] Plugins found 0 results in 0.01 ms

13:59:53.193 [debug] handled notification client -> server textDocument/didChange in 1ms
13:59:53.253 [debug] sent notification server -> client textDocument/publishDiagnostics
13:59:53.253 [debug] Node port message: 
13:59:53.252 [info] Plugins found 0 results in 0.01 ms

13:59:53.342 [debug] handled notification client -> server textDocument/didChange in 1ms
13:59:53.403 [debug] sent notification server -> client textDocument/publishDiagnostics
13:59:53.403 [debug] Node port message: 
13:59:53.403 [info] Plugins found 0 results in 0.01 ms

13:59:53.531 [debug] handled notification client -> server textDocument/didChange in 1ms
13:59:53.590 [debug] sent notification server -> client textDocument/publishDiagnostics
13:59:53.591 [debug] Node port message: 
13:59:53.590 [info] Plugins found 0 results in 0.009 ms

13:59:53.698 [debug] handled notification client -> server textDocument/didChange in 1ms
13:59:53.758 [debug] sent notification server -> client textDocument/publishDiagnostics
13:59:53.759 [debug] Node port message: 
13:59:53.758 [info] Plugins found 0 results in 0.009 ms

13:59:55.632 [debug] handled notification client -> server textDocument/didChange in 986µs
13:59:55.684 [debug] Node port message: 
13:59:55.683 [info] Plugins found 0 results in 0.01 ms

13:59:55.686 [debug] sent notification server -> client textDocument/publishDiagnostics
13:59:55.781 [debug] handled notification client -> server textDocument/didChange in 1ms
13:59:55.841 [debug] sent notification server -> client textDocument/publishDiagnostics
13:59:55.841 [debug] Node port message: 
13:59:55.841 [info] Plugins found 0 results in 0.009 ms

13:59:56.068 [debug] handled notification client -> server textDocument/didChange in 1ms
13:59:56.099 [info] Completion for XpPos<<53, 18>>
13:59:56.132 [debug] Node port message: 
13:59:56.130 [info] Plugins found 0 results in 0.011 ms

13:59:56.132 [debug] sent notification server -> client textDocument/publishDiagnostics
13:59:56.152 [debug] handled notification client -> server textDocument/didChange in 1ms
13:59:56.166 [info] Local completions are: [function: (postset, preset, pop_in, put_elem, put_in)   macro: (pop_in, put_in)   ]
13:59:56.168 [info] Emitting Completions: [3:postset(f, n) 3:preset(f, n) 3:pop_in(data, keys) 3:put_elem(tuple, index, value) 3:put_in(data, keys, value) 3:pop_in(path) 3:put_in(path, value) ]
13:59:56.169 [debug] handled request client -> server textDocument/completion in 101ms
13:59:56.211 [debug] sent notification server -> client textDocument/publishDiagnostics
13:59:56.212 [debug] Node port message: 
13:59:56.211 [info] Plugins found 0 results in 0.01 ms

13:59:56.237 [debug] handled notification client -> server textDocument/didChange in 1ms
13:59:56.301 [debug] sent notification server -> client textDocument/publishDiagnostics
13:59:56.302 [debug] Node port message: 
13:59:56.301 [info] Plugins found 0 results in 0.008 ms

13:59:56.440 [debug] handled notification client -> server textDocument/didChange in 1ms
13:59:56.502 [debug] Node port message: 
13:59:56.500 [info] Plugins found 0 results in 0.009 ms

13:59:56.502 [debug] sent notification server -> client textDocument/publishDiagnostics
13:59:56.528 [debug] handled notification client -> server textDocument/didChange in 1ms
13:59:56.587 [debug] Node port message: 
13:59:56.586 [info] Plugins found 0 results in 0.008 ms

13:59:56.587 [debug] sent notification server -> client textDocument/publishDiagnostics
13:59:56.701 [debug] handled notification client -> server textDocument/didChange in 860µs
13:59:56.764 [debug] sent notification server -> client textDocument/publishDiagnostics
13:59:56.764 [debug] Node port message: 
13:59:56.763 [info] Plugins found 0 results in 0.008 ms

13:59:57.245 [debug] handled notification client -> server textDocument/didChange in 1ms
13:59:57.255 [debug] handled notification client -> server textDocument/didChange in 3ms
13:59:57.316 [debug] sent notification server -> client textDocument/publishDiagnostics
13:59:57.316 [debug] Node port message: 
13:59:57.316 [info] Plugins found 0 results in 0.01 ms

13:59:59.391 [debug] handled notification client -> server textDocument/didChange in 1ms
13:59:59.427 [info] Completion for XpPos<<53, 25>>
13:59:59.455 [debug] sent notification server -> client textDocument/publishDiagnostics
13:59:59.456 [debug] Node port message: 
13:59:59.455 [info] Plugins found 0 results in 0.011 ms

13:59:59.485 [info] Local completions are: [function: (floor, function_exported?)   macro: (fn, for)   variable: (f)   ]
13:59:59.487 [info] Emitting Completions: [6:f 3:floor(number) 3:function_exported?(module, function, arity) 3:fn(term) 7:for (comprehension) ]
13:59:59.487 [debug] handled request client -> server textDocument/completion in 93ms
14:00:00.297 [debug] handled notification client -> server textDocument/didChange in 1ms
14:00:00.350 [debug] Node port message: 
14:00:00.350 [info] Plugins found 0 results in 0.01 ms

14:00:00.352 [debug] sent notification server -> client textDocument/publishDiagnostics
14:00:00.739 [debug] handled notification client -> server textDocument/didChange in 1ms
14:00:00.761 [info] Completion for XpPos<<53, 27>>
14:00:00.804 [debug] Node port message: 
14:00:00.802 [info] Plugins found 0 results in 0.01 ms

14:00:00.804 [debug] sent notification server -> client textDocument/publishDiagnostics
14:00:00.809 [info] Local completions are: [function: (node, node, not)   variable: (n)   ]
14:00:00.810 [info] Emitting Completions: [6:n 3:node() 3:node(arg) 3:not(value) ]
14:00:00.811 [debug] handled request client -> server textDocument/completion in 71ms
14:00:01.112 [debug] handled notification client -> server textDocument/didChange in 1ms
14:00:01.165 [debug] Node port message: 
14:00:01.164 [info] Plugins found 0 results in 0.011 ms

14:00:01.167 [debug] sent notification server -> client textDocument/publishDiagnostics
14:00:01.306 [debug] handled notification client -> server textDocument/didChange in 2ms
14:00:01.357 [debug] Node port message: 
14:00:01.357 [info] Plugins found 0 results in 0.007 ms

14:00:01.360 [debug] sent notification server -> client textDocument/publishDiagnostics
14:00:01.443 [debug] handled notification client -> server textDocument/didChange in 1ms
14:00:01.476 [info] Completion for XpPos<<53, 28>>
14:00:01.508 [debug] sent notification server -> client textDocument/publishDiagnostics
14:00:01.508 [debug] Node port message: 
14:00:01.508 [info] Plugins found 0 results in 0.011 ms

14:00:01.544 [info] Local completions are: [function: (node, node, not)   variable: (n)   ]
14:00:01.545 [info] Emitting Completions: [6:n 3:node() 3:node(arg) 3:not(value) ]
14:00:01.546 [debug] handled request client -> server textDocument/completion in 103ms
14:00:05.077 [debug] handled notification client -> server textDocument/didChange in 1ms
14:00:05.129 [debug] Node port message: 
14:00:05.129 [info] Plugins found 0 results in 0.01 ms

14:00:05.131 [debug] sent notification server -> client textDocument/publishDiagnostics
14:00:05.436 [debug] handled notification client -> server textDocument/didChange in 980µs
14:00:05.487 [debug] Node port message: 
14:00:05.487 [info] Plugins found 0 results in 0.008 ms

14:00:05.490 [debug] sent notification server -> client textDocument/publishDiagnostics
14:00:05.641 [debug] handled notification client -> server textDocument/didChange in 1ms
14:00:05.674 [info] Completion for XpPos<<53, 32>>
14:00:05.705 [debug] sent notification server -> client textDocument/publishDiagnostics
14:00:05.706 [debug] Node port message: 
14:00:05.705 [info] Plugins found 0 results in 0.009 ms

14:00:05.721 [info] Local completions are: [function: (macro_exported?, make_ref, map_size, max, min)   macro: (match?)   variable: (m)   ]
14:00:05.723 [info] Emitting Completions: [6:m 3:macro_exported?(module, macro, arity) 3:make_ref() 3:map_size(map) 3:max(first, second) 3:min(first, second) 3:match?(pattern, expr) ]
14:00:05.724 [debug] handled request client -> server textDocument/completion in 81ms
14:00:06.567 [debug] handled notification client -> server textDocument/didSave in 997µs
14:00:06.618 [debug] Node port message: 
14:00:06.618 [info] Building petri

14:00:06.618 [debug] sent request server -> client window/workDoneProgress/create
14:00:06.618 [debug] Node port message: 
14:00:06.618 [debug] sent request server -> client window/workDoneProgress/create

14:00:06.625 [debug] sent notification server -> client $/progress
14:00:06.625 [debug] Node port message: 
14:00:06.625 [debug] sent notification server -> client $/progress

14:00:06.626 [debug] sent notification server -> client $/progress
14:00:06.626 [debug] Node port message: 
14:00:06.626 [debug] sent notification server -> client $/progress

14:00:06.635 [debug] Node port message: Compiling 1 file (.ex)

14:00:06.640 [debug] Node port message:     warning: variable "b" is unused (if the variable is not meant to be used, prefix it with an underscore)
    â
 39 â   |> Enum.filter(fn [_a, b] -> b = n end )
    â                          ~
    â
    ââ (petri 0.1.0) lib/petri.ex:39:26: Petri.preset/2


14:00:06.641 [debug] Node port message:     warning: variable "b" is unused (there is a variable with the same name in the context, use the pin operator (^) to match on it or prefix this variable with underscore if it is not meant to be used)
    â
 39 â   |> Enum.filter(fn [_a, b] -> b = n end )
    â                                ~
    â
    ââ (petri 0.1.0) lib/petri.ex:39:32: Petri.preset/2


14:00:06.641 [debug] Node port message:     warning: variable "a" is unused (if the variable is not meant to be used, prefix it with an underscore)
    â
 46 â   |> Enum.filter(fn [_a, b] -> a = n end )
    â                                ~
    â
    ââ (petri 0.1.0) lib/petri.ex:46:32: Petri.postset/2


14:00:06.642 [debug] Node port message:     warning: variable "b" is unused (if the variable is not meant to be used, prefix it with an underscore)
    â
 46 â   |> Enum.filter(fn [_a, b] -> a = n end )
    â                          ~
    â
    ââ (petri 0.1.0) lib/petri.ex:46:26: Petri.postset/2


14:00:06.642 [debug] Node port message:     warning: variable "a" is unused (if the variable is not meant to be used, prefix it with an underscore)
    â
 47 â   |> Enum.map(fn[a, _b] -> b end)
    â                  ~
    â
    ââ (petri 0.1.0) lib/petri.ex:47:18: Petri.postset/2


14:00:06.645 [debug] Node port message:     error: undefined variable "b"
    â
 47 â   |> Enum.map(fn[a, _b] -> b end)
    â                            ^
    â
    ââ (petri 0.1.0) lib/petri.ex:47:28: Petri.postset/2


14:00:06.645 [debug] Node port message: 
== Compilation error in file lib/petri.ex ==
** (CompileError) lib/petri.ex: cannot compile module Petri (errors have been logged)


14:00:06.646 [debug] sent notification server -> client $/progress
14:00:06.647 [info] Compiled petri in 28 ms
14:00:06.647 [debug] Node port message: 
14:00:06.646 [info] Plugins found 0 results in 0.009 ms

14:00:06.647 [debug] sent notification server -> client textDocument/publishDiagnostics
14:00:06.647 [debug] Node port message: 
14:00:06.646 [debug] sent notification server -> client $/progress

14:00:11.050 [debug] handled notification client -> server textDocument/didChange in 1ms
14:00:11.110 [debug] sent notification server -> client textDocument/publishDiagnostics
14:00:11.111 [debug] Node port message: 
14:00:11.110 [info] Plugins found 0 results in 0.01 ms

14:00:11.196 [debug] handled notification client -> server textDocument/didChange in 872µs
14:00:11.256 [debug] Node port message: 
14:00:11.255 [info] Plugins found 0 results in 0.01 ms

14:00:11.256 [debug] sent notification server -> client textDocument/publishDiagnostics
14:00:11.346 [debug] handled notification client -> server textDocument/didChange in 1ms
14:00:11.398 [debug] sent notification server -> client textDocument/publishDiagnostics
14:00:11.398 [debug] Node port message: 
14:00:11.398 [info] Plugins found 0 results in 0.02 ms

14:00:11.495 [debug] handled notification client -> server textDocument/didChange in 1ms
14:00:11.548 [debug] sent notification server -> client textDocument/publishDiagnostics
14:00:11.548 [debug] Node port message: 
14:00:11.548 [info] Plugins found 0 results in 0.008 ms

14:00:11.644 [debug] handled notification client -> server textDocument/didChange in 1ms
14:00:11.697 [debug] sent notification server -> client textDocument/publishDiagnostics
14:00:11.697 [debug] Node port message: 
14:00:11.697 [info] Plugins found 0 results in 0.007 ms

14:00:11.821 [debug] handled notification client -> server textDocument/didChange in 1ms
14:00:11.874 [debug] sent notification server -> client textDocument/publishDiagnostics
14:00:11.874 [debug] Node port message: 
14:00:11.874 [info] Plugins found 0 results in 0.007 ms

14:00:11.971 [debug] handled notification client -> server textDocument/didChange in 1ms
14:00:12.022 [debug] sent notification server -> client textDocument/publishDiagnostics
14:00:12.023 [debug] Node port message: 
14:00:12.022 [info] Plugins found 0 results in 0.006 ms

14:00:12.120 [debug] handled notification client -> server textDocument/didChange in 1ms
14:00:12.173 [debug] sent notification server -> client textDocument/publishDiagnostics
14:00:12.173 [debug] Node port message: 
14:00:12.173 [info] Plugins found 0 results in 0.006 ms

14:00:12.270 [debug] handled notification client -> server textDocument/didChange in 1ms
14:00:12.322 [debug] sent notification server -> client textDocument/publishDiagnostics
14:00:12.322 [debug] Node port message: 
14:00:12.322 [info] Plugins found 0 results in 0.008 ms

14:00:12.418 [debug] handled notification client -> server textDocument/didChange in 1ms
14:00:12.470 [debug] sent notification server -> client textDocument/publishDiagnostics
14:00:12.470 [debug] Node port message: 
14:00:12.470 [info] Plugins found 0 results in 0.007 ms

14:00:12.586 [debug] handled notification client -> server textDocument/didChange in 1ms
14:00:12.612 [info] Completion for XpPos<<62, 4>>
14:00:12.638 [debug] sent notification server -> client textDocument/publishDiagnostics
14:00:12.639 [debug] Node port message: 
14:00:12.638 [info] Plugins found 0 results in 0.01 ms

14:00:12.655 [info] Local completions are: []
14:00:12.656 [info] Emitting Completions: []
14:00:12.656 [debug] handled request client -> server textDocument/completion in 69ms
14:00:13.105 [debug] handled notification client -> server textDocument/didChange in 1ms
14:00:13.158 [debug] sent notification server -> client textDocument/publishDiagnostics
14:00:13.158 [debug] Node port message: 
14:00:13.158 [info] Plugins found 0 results in 0.008 ms

14:00:14.857 [debug] handled notification client -> server textDocument/didChange in 1ms
14:00:14.917 [debug] Node port message: 
14:00:14.917 [info] Plugins found 0 results in 0.009 ms

14:00:14.917 [debug] sent notification server -> client textDocument/publishDiagnostics
14:00:15.873 [debug] handled notification client -> server textDocument/didChange in 1ms
14:00:15.932 [debug] sent notification server -> client textDocument/publishDiagnostics
14:00:15.932 [debug] Node port message: 
14:00:15.932 [info] Plugins found 0 results in 0.01 ms

14:00:16.008 [debug] handled notification client -> server textDocument/didChange in 6ms
14:00:16.033 [info] Completion for XpPos<<57, 4>>
14:00:16.061 [debug] sent notification server -> client textDocument/publishDiagnostics
14:00:16.061 [debug] Node port message: 
14:00:16.060 [info] Plugins found 0 results in 0.009 ms

14:00:16.085 [info] Local completions are: [function: (div)   macro: (dbg, dbg, dbg, def, def, defdelegate, defexception, defguard, defguardp, defimpl, defimpl, defmacro, defmacro, defmacrop, defmacrop, defmodule, defoverridable, defp, defp, defprotocol, defstruct, destructure)   ]
14:00:16.098 [info] Emitting Completions: [3:div(dividend, divisor) 3:dbg() 3:dbg(code) 3:dbg(code, options) 7:def (define a function) 7:defdelegate (define a delegate function) 7:defexception (define an exception) 7:defguard (define a guard macro) 7:defguardp (define a private guard macro) 7:defimpl (define a protocol implementation) 7:defmacro (define a macro) 7:defmacrop (define a private macro) 7:defmodule (define a module) 7:defoverridable (mark a function as overridable) 7:defp (define a private function) 7:defprotocol (define a protocol) 7:defstruct (define a struct) ]
14:00:16.101 [debug] handled request client -> server textDocument/completion in 92ms
14:00:16.195 [debug] handled notification client -> server textDocument/didChange in 1ms
14:00:16.247 [debug] sent notification server -> client textDocument/publishDiagnostics
14:00:16.247 [debug] Node port message: 
14:00:16.247 [info] Plugins found 0 results in 0.01 ms

14:00:16.278 [debug] handled notification client -> server textDocument/didChange in 1ms
14:00:16.330 [debug] sent notification server -> client textDocument/publishDiagnostics
14:00:16.330 [debug] Node port message: 
14:00:16.330 [info] Plugins found 0 results in 0.008 ms

14:00:16.439 [debug] handled notification client -> server textDocument/didChange in 1ms
14:00:16.445 [debug] handled notification client -> server textDocument/didChange in 1ms
14:00:16.501 [debug] sent notification server -> client textDocument/publishDiagnostics
14:00:16.502 [debug] Node port message: 
14:00:16.501 [info] Plugins found 0 results in 0.012 ms

14:00:27.673 [debug] handled notification client -> server textDocument/didChange in 1ms
14:00:27.731 [debug] sent notification server -> client textDocument/publishDiagnostics
14:00:27.732 [debug] Node port message: 
14:00:27.731 [info] Plugins found 0 results in 0.009 ms

14:00:28.656 [debug] handled notification client -> server textDocument/didSave in 1ms
14:00:28.707 [debug] sent request server -> client window/workDoneProgress/create
14:00:28.707 [debug] Node port message: 
14:00:28.707 [info] Building petri

14:00:28.707 [debug] Node port message: 
14:00:28.707 [debug] sent request server -> client window/workDoneProgress/create

14:00:28.707 [debug] sent notification server -> client $/progress
14:00:28.707 [debug] Node port message: 
14:00:28.707 [debug] sent notification server -> client $/progress

14:00:28.708 [debug] sent notification server -> client $/progress
14:00:28.708 [debug] Node port message: 
14:00:28.708 [debug] sent notification server -> client $/progress

14:00:28.716 [debug] Node port message: Compiling 1 file (.ex)

14:00:28.721 [debug] Node port message:     warning: variable "b" is unused (if the variable is not meant to be used, prefix it with an underscore)
    â
 39 â   |> Enum.filter(fn [_a, b] -> b = n end )
    â                          ~
    â
    ââ (petri 0.1.0) lib/petri.ex:39:26: Petri.preset/2


14:00:28.722 [debug] Node port message:     warning: variable "b" is unused (there is a variable with the same name in the context, use the pin operator (^) to match on it or prefix this variable with underscore if it is not meant to be used)
    â
 39 â   |> Enum.filter(fn [_a, b] -> b = n end )
    â                                ~
    â
    ââ (petri 0.1.0) lib/petri.ex:39:32: Petri.preset/2


14:00:28.722 [debug] Node port message:     warning: variable "a" is unused (if the variable is not meant to be used, prefix it with an underscore)
    â
 46 â   |> Enum.filter(fn [_a, b] -> a = n end )
    â                                ~
    â
    ââ (petri 0.1.0) lib/petri.ex:46:32: Petri.postset/2


14:00:28.723 [debug] Node port message:     warning: variable "b" is unused (if the variable is not meant to be used, prefix it with an underscore)
    â
 46 â   |> Enum.filter(fn [_a, b] -> a = n end )
    â                          ~
    â
    ââ (petri 0.1.0) lib/petri.ex:46:26: Petri.postset/2


14:00:28.723 [debug] Node port message:     warning: variable "a" is unused (if the variable is not meant to be used, prefix it with an underscore)
    â
 47 â   |> Enum.map(fn[a, _b] -> b end)
    â                  ~
    â
    ââ (petri 0.1.0) lib/petri.ex:47:18: Petri.postset/2


14:00:28.723 [debug] Node port message:     error: invalid syntax in def [do: nil]
    â
 57 â def  do
    â ^^^^^^^
    â
    ââ lib/petri.ex:57: Petri (module)


14:00:28.724 [debug] Node port message:     error: undefined variable "b"
    â
 47 â   |> Enum.map(fn[a, _b] -> b end)
    â                            ^
    â
    ââ (petri 0.1.0) lib/petri.ex:47:28: Petri.postset/2


14:00:28.724 [debug] Node port message: 
== Compilation error in file lib/petri.ex ==
** (CompileError) lib/petri.ex: cannot compile module Petri (errors have been logged)
    lib/petri.ex:57: (module)

14:00:28.725 [debug] sent notification server -> client $/progress
14:00:28.725 [debug] Node port message: 
14:00:28.725 [info] Plugins found 0 results in 0.009 ms

14:00:28.725 [debug] sent notification server -> client $/progress

14:00:28.725 [info] Compiled petri in 18 ms
14:00:28.725 [debug] sent notification server -> client textDocument/publishDiagnostics
14:00:33.873 [debug] handled notification client -> server textDocument/didChange in 1ms
14:00:33.898 [info] Completion for XpPos<<57, 6>>
14:00:33.919 [info] Local completions are: []
14:00:33.919 [info] Emitting Completions: []
14:00:33.919 [debug] handled request client -> server textDocument/completion in 46ms
14:00:33.933 [debug] Node port message: 
14:00:33.933 [info] Plugins found 0 results in 0.009 ms

14:00:33.934 [debug] sent notification server -> client textDocument/publishDiagnostics
14:00:33.962 [debug] handled notification client -> server textDocument/didChange in 1ms
14:00:33.992 [info] Completion for XpPos<<57, 7>>
14:00:34.015 [info] Local completions are: []
14:00:34.016 [info] Emitting Completions: []
14:00:34.016 [debug] handled request client -> server textDocument/completion in 53ms
14:00:34.027 [debug] Node port message: 
14:00:34.026 [info] Plugins found 0 results in 0.013 ms

14:00:34.027 [debug] sent notification server -> client textDocument/publishDiagnostics
14:00:34.132 [debug] handled notification client -> server textDocument/didChange in 1ms
14:00:34.152 [info] Completion for XpPos<<57, 8>>
14:00:34.173 [info] Local completions are: []
14:00:34.173 [info] Emitting Completions: []
14:00:34.174 [debug] handled request client -> server textDocument/completion in 41ms
14:00:34.176 [debug] handled notification client -> server textDocument/didChange in 1ms
14:00:34.197 [info] Completion for XpPos<<57, 9>>
14:00:34.216 [info] Local completions are: []
14:00:34.217 [info] Emitting Completions: []
14:00:34.217 [debug] handled request client -> server textDocument/completion in 40ms
14:00:34.237 [debug] sent notification server -> client textDocument/publishDiagnostics
14:00:34.237 [debug] Node port message: 
14:00:34.236 [info] Plugins found 0 results in 0.008 ms

14:00:34.320 [debug] handled notification client -> server textDocument/didChange in 1ms
14:00:34.340 [info] Completion for XpPos<<57, 10>>
14:00:34.358 [info] Local completions are: []
14:00:34.359 [info] Emitting Completions: []
14:00:34.359 [debug] handled request client -> server textDocument/completion in 38ms
14:00:34.380 [debug] sent notification server -> client textDocument/publishDiagnostics
14:00:34.380 [debug] Node port message: 
14:00:34.380 [info] Plugins found 0 results in 0.007 ms

14:00:34.752 [debug] handled notification client -> server textDocument/didChange in 1ms
14:00:34.805 [debug] Node port message: 
14:00:34.804 [info] Plugins found 0 results in 0.011 ms

14:00:34.807 [debug] sent notification server -> client textDocument/publishDiagnostics
14:00:34.901 [debug] handled notification client -> server textDocument/didChange in 1ms
14:00:34.961 [debug] sent notification server -> client textDocument/publishDiagnostics
14:00:34.961 [debug] Node port message: 
14:00:34.961 [info] Plugins found 0 results in 0.009 ms

14:00:35.090 [debug] handled notification client -> server textDocument/didChange in 1ms
14:00:35.091 [debug] handled notification client -> server textDocument/didChange in 1ms
14:00:35.117 [info] Completion for XpPos<<57, 10>>
14:00:35.134 [info] Local completions are: []
14:00:35.134 [info] Emitting Completions: []
14:00:35.134 [debug] handled request client -> server textDocument/completion in 43ms
14:00:35.151 [debug] sent notification server -> client textDocument/publishDiagnostics
14:00:35.151 [debug] Node port message: 
14:00:35.150 [info] Plugins found 0 results in 0.012 ms

14:00:35.276 [debug] handled notification client -> server textDocument/didChange in 1ms
14:00:35.303 [info] Completion for XpPos<<57, 9>>
14:00:35.321 [info] Local completions are: []
14:00:35.321 [info] Emitting Completions: []
14:00:35.321 [debug] handled request client -> server textDocument/completion in 43ms
14:00:35.336 [debug] sent notification server -> client textDocument/publishDiagnostics
14:00:35.337 [debug] Node port message: 
14:00:35.336 [info] Plugins found 0 results in 0.011 ms

14:00:36.436 [debug] handled notification client -> server textDocument/didChange in 1ms
14:00:36.488 [debug] Node port message: 
14:00:36.487 [info] Plugins found 0 results in 0.008 ms

14:00:36.490 [debug] sent notification server -> client textDocument/publishDiagnostics
14:00:36.584 [debug] handled notification client -> server textDocument/didChange in 1ms
14:00:36.644 [debug] sent notification server -> client textDocument/publishDiagnostics
14:00:36.644 [debug] Node port message: 
14:00:36.643 [info] Plugins found 0 results in 0.009 ms

14:00:36.866 [debug] handled notification client -> server textDocument/didChange in 1ms
14:00:36.893 [info] Completion for XpPos<<57, 11>>
14:00:36.930 [debug] Node port message: 
14:00:36.929 [info] Plugins found 0 results in 0.009 ms

14:00:36.930 [debug] sent notification server -> client textDocument/publishDiagnostics
14:00:36.948 [info] Local completions are: [function: (node, node, not)   ]
14:00:36.949 [info] Emitting Completions: [3:node() 3:node(arg) 3:not(value) ]
14:00:36.950 [debug] handled request client -> server textDocument/completion in 82ms
14:00:37.240 [debug] handled notification client -> server textDocument/didChange in 1ms
14:00:37.299 [debug] sent notification server -> client textDocument/publishDiagnostics
14:00:37.299 [debug] Node port message: 
14:00:37.299 [info] Plugins found 0 results in 0.027 ms

14:00:37.398 [debug] handled notification client -> server textDocument/didChange in 1ms
14:00:37.423 [info] Completion for XpPos<<57, 11>>
14:00:37.465 [debug] sent notification server -> client textDocument/publishDiagnostics
14:00:37.465 [debug] Node port message: 
14:00:37.464 [info] Plugins found 0 results in 0.01 ms

14:00:37.468 [info] Local completions are: [function: (fire, floor, function_exported?)   macro: (fn, for)   ]
14:00:37.469 [info] Emitting Completions: [3:fire(f) 3:floor(number) 3:function_exported?(module, function, arity) 3:fn(term) 7:for (comprehension) ]
14:00:37.470 [debug] handled request client -> server textDocument/completion in 71ms
14:00:37.711 [debug] handled notification client -> server textDocument/didChange in 1ms
14:00:37.764 [debug] Node port message: 
14:00:37.763 [info] Plugins found 0 results in 0.012 ms

14:00:37.766 [debug] sent notification server -> client textDocument/publishDiagnostics
14:00:37.948 [debug] handled notification client -> server textDocument/didChange in 1ms
14:00:38.000 [debug] Node port message: 
14:00:38.000 [info] Plugins found 0 results in 0.01 ms

14:00:38.003 [debug] sent notification server -> client textDocument/publishDiagnostics
14:00:38.254 [debug] handled notification client -> server textDocument/didChange in 1ms
14:00:38.280 [info] Completion for XpPos<<57, 14>>
14:00:38.316 [debug] sent notification server -> client textDocument/publishDiagnostics
14:00:38.316 [debug] Node port message: 
14:00:38.315 [info] Plugins found 0 results in 0.011 ms

14:00:38.344 [info] Local completions are: [function: (node, node, not)   ]
14:00:38.345 [info] Emitting Completions: [3:node() 3:node(arg) 3:not(value) ]
14:00:38.345 [debug] handled request client -> server textDocument/completion in 91ms
14:00:38.914 [debug] handled notification client -> server textDocument/didChange in 965µs
14:00:38.967 [debug] Node port message: 
14:00:38.966 [info] Plugins found 0 results in 0.008 ms

14:00:38.969 [debug] sent notification server -> client textDocument/publishDiagnostics
14:00:39.462 [debug] handled notification client -> server textDocument/didChange in 1ms
14:00:39.513 [debug] Node port message: 
14:00:39.513 [info] Plugins found 0 results in 0.011 ms

14:00:39.516 [debug] sent notification server -> client textDocument/publishDiagnostics
14:00:39.764 [debug] handled notification client -> server textDocument/didChange in 1ms
14:00:39.786 [info] Completion for XpPos<<57, 17>>
14:00:39.829 [debug] Node port message: 
14:00:39.829 [info] Plugins found 0 results in 0.01 ms

14:00:39.830 [debug] sent notification server -> client textDocument/publishDiagnostics
14:00:39.866 [info] Local completions are: [function: (macro_exported?, make_ref, map_size, max, min)   macro: (match?)   ]
14:00:39.867 [info] Emitting Completions: [3:macro_exported?(module, macro, arity) 3:make_ref() 3:map_size(map) 3:max(first, second) 3:min(first, second) 3:match?(pattern, expr) ]
14:00:39.868 [debug] handled request client -> server textDocument/completion in 104ms
14:00:40.828 [debug] handled notification client -> server textDocument/didSave in 797µs
14:00:40.879 [debug] sent request server -> client window/workDoneProgress/create
14:00:40.879 [debug] Node port message: 
14:00:40.879 [info] Building petri

14:00:40.879 [debug] sent request server -> client window/workDoneProgress/create

14:00:40.884 [debug] sent notification server -> client $/progress
14:00:40.884 [debug] sent notification server -> client $/progress
14:00:40.884 [debug] Node port message: 
14:00:40.884 [debug] sent notification server -> client $/progress

14:00:40.884 [debug] Node port message: 
14:00:40.884 [debug] sent notification server -> client $/progress

14:00:40.892 [debug] Node port message: Compiling 1 file (.ex)

14:00:40.898 [debug] Node port message:     warning: variable "b" is unused (if the variable is not meant to be used, prefix it with an underscore)
    â
 39 â   |> Enum.filter(fn [_a, b] -> b = n end )
    â                          ~
    â
    ââ (petri 0.1.0) lib/petri.ex:39:26: Petri.preset/2


14:00:40.898 [debug] Node port message:     warning: variable "b" is unused (there is a variable with the same name in the context, use the pin operator (^) to match on it or prefix this variable with underscore if it is not meant to be used)
    â
 39 â   |> Enum.filter(fn [_a, b] -> b = n end )
    â                                ~
    â
    ââ (petri 0.1.0) lib/petri.ex:39:32: Petri.preset/2


14:00:40.898 [debug] Node port message:     warning: variable "a" is unused (if the variable is not meant to be used, prefix it with an underscore)
    â
 46 â   |> Enum.filter(fn [_a, b] -> a = n end )
    â                                ~
    â
    ââ (petri 0.1.0) lib/petri.ex:46:32: Petri.postset/2


14:00:40.899 [debug] Node port message:     warning: variable "b" is unused (if the variable is not meant to be used, prefix it with an underscore)
    â
 46 â   |> Enum.filter(fn [_a, b] -> a = n end )
    â                          ~
    â
    ââ (petri 0.1.0) lib/petri.ex:46:26: Petri.postset/2


14:00:40.899 [debug] Node port message:     warning: variable "a" is unused (if the variable is not meant to be used, prefix it with an underscore)
    â
 47 â   |> Enum.map(fn[a, _b] -> b end)
    â                  ~
    â
    ââ (petri 0.1.0) lib/petri.ex:47:18: Petri.postset/2


14:00:40.900 [debug] Node port message:     warning: variable "f" is unused (if the variable is not meant to be used, prefix it with an underscore)
    â
 57 â def fire(f, n, m) do
    â          ~
    â
    ââ (petri 0.1.0) lib/petri.ex:57:10: Petri.fire/3


14:00:40.900 [debug] Node port message:     warning: variable "m" is unused (if the variable is not meant to be used, prefix it with an underscore)
    â
 57 â def fire(f, n, m) do
    â                ~
    â
    ââ (petri 0.1.0) lib/petri.ex:57:16: Petri.fire/3


14:00:40.901 [debug] Node port message:     warning: variable "n" is unused (if the variable is not meant to be used, prefix it with an underscore)
    â
 57 â def fire(f, n, m) do
    â             ~
    â
    ââ (petri 0.1.0) lib/petri.ex:57:13: Petri.fire/3


14:00:40.901 [debug] Node port message:     error: undefined variable "b"
    â
 47 â   |> Enum.map(fn[a, _b] -> b end)
    â                            ^
    â
    ââ (petri 0.1.0) lib/petri.ex:47:28: Petri.postset/2


14:00:40.901 [debug] Node port message: 
== Compilation error in file lib/petri.ex ==
** (CompileError) lib/petri.ex: cannot compile module Petri (errors have been logged)


14:00:40.902 [debug] sent notification server -> client $/progress
14:00:40.903 [info] Compiled petri in 23 ms
14:00:40.903 [debug] sent notification server -> client textDocument/publishDiagnostics
14:00:40.903 [debug] Node port message: 
14:00:40.902 [debug] sent notification server -> client $/progress

14:00:40.903 [info] Plugins found 0 results in 0.008 ms

14:00:47.140 [debug] handled notification client -> server textDocument/didChange in 1ms
14:00:47.200 [debug] Node port message: 
14:00:47.200 [info] Plugins found 0 results in 0.01 ms

14:00:47.200 [debug] sent notification server -> client textDocument/publishDiagnostics
14:00:47.287 [debug] handled notification client -> server textDocument/didChange in 897µs
14:00:47.346 [debug] sent notification server -> client textDocument/publishDiagnostics
14:00:47.347 [debug] Node port message: 
14:00:47.346 [info] Plugins found 0 results in 0.008 ms

14:00:49.368 [debug] handled notification client -> server textDocument/didChange in 1ms
14:00:49.393 [info] Completion for XpPos<<59, 6>>
14:00:49.438 [debug] sent notification server -> client textDocument/publishDiagnostics
14:00:49.439 [debug] Node port message: 
14:00:49.438 [info] Plugins found 0 results in 0.01 ms

14:00:49.472 [info] Local completions are: [function: (is_enabled, inspect, inspect, is_atom, is_binary, is_bitstring, is_boolean, is_float, is_function, is_function, is_integer, is_list, is_map, is_map_key, is_number, is_pid, is_port, is_reference, is_tuple)   macro: (import, if, in, is_exception, is_exception, is_nil, is_non_struct_map, is_struct, is_struct)   ]
14:00:49.476 [info] Emitting Completions: [3:is_enabled(f, n, m) 3:inspect(term) 3:inspect(term, opts) 3:is_atom(term) 3:is_binary(term) 3:is_bitstring(term) 3:is_boolean(term) 3:is_float(term) 3:is_function(term) 3:is_function(term, arity) 3:is_integer(term) 3:is_list(term) 3:is_map(term) 3:is_map_key(map, key) 3:is_number(term) 3:is_pid(term) 3:is_port(term) 3:is_reference(term) 3:is_tuple(term) 7:import (import a module's functions) 7:if (if statement) 3:is_exception(term) 3:is_exception(term, name) 3:is_nil(term) 3:is_non_struct_map(term) 3:is_struct(term) 3:is_struct(term, name) ]
14:00:49.479 [debug] handled request client -> server textDocument/completion in 110ms
14:00:49.490 [debug] handled notification client -> server textDocument/didChange in 1ms
14:00:49.550 [debug] sent notification server -> client textDocument/publishDiagnostics
14:00:49.551 [debug] Node port message: 
14:00:49.550 [info] Plugins found 0 results in 0.007 ms

14:00:50.258 [debug] handled notification client -> server textDocument/didChange in 1ms
14:00:50.319 [debug] sent notification server -> client textDocument/publishDiagnostics
14:00:50.319 [debug] Node port message: 
14:00:50.318 [info] Plugins found 0 results in 0.01 ms

14:00:51.104 [debug] handled notification client -> server textDocument/didChange in 1ms
14:00:51.130 [info] Completion for XpPos<<59, 7>>
14:00:51.168 [debug] sent notification server -> client textDocument/publishDiagnostics
14:00:51.169 [debug] Node port message: 
14:00:51.168 [info] Plugins found 0 results in 0.01 ms

14:00:51.198 [info] Local completions are: [function: (is_float, is_function, is_function, is_reference)   macro: (if)   ]
14:00:51.199 [info] Emitting Completions: [3:is_float(term) 3:is_function(term) 3:is_function(term, arity) 3:is_reference(term) 7:if (if statement) ]
14:00:51.200 [debug] handled request client -> server textDocument/completion in 95ms
14:00:52.639 [debug] handled notification client -> server textDocument/didChange in 1ms
14:00:52.698 [debug] sent notification server -> client textDocument/publishDiagnostics
14:00:52.699 [debug] Node port message: 
14:00:52.698 [info] Plugins found 0 results in 0.008 ms

14:00:52.849 [debug] handled notification client -> server textDocument/didChange in 1ms
14:00:52.874 [info] Completion for XpPos<<59, 9>>
14:00:52.914 [debug] Node port message: 
14:00:52.914 [info] Plugins found 0 results in 0.01 ms

14:00:52.915 [debug] sent notification server -> client textDocument/publishDiagnostics
14:00:52.935 [info] Local completions are: [function: (is_enabled, inspect, inspect, is_atom, is_binary, is_bitstring, is_boolean, is_float, is_function, is_function, is_integer, is_list, is_map, is_map_key, is_number, is_pid, is_port, is_reference, is_tuple)   macro: (import, if, in, is_exception, is_exception, is_nil, is_non_struct_map, is_struct, is_struct)   ]
14:00:52.940 [info] Emitting Completions: [3:is_enabled(f, n, m) 3:inspect(term) 3:inspect(term, opts) 3:is_atom(term) 3:is_binary(term) 3:is_bitstring(term) 3:is_boolean(term) 3:is_float(term) 3:is_function(term) 3:is_function(term, arity) 3:is_integer(term) 3:is_list(term) 3:is_map(term) 3:is_map_key(map, key) 3:is_number(term) 3:is_pid(term) 3:is_port(term) 3:is_reference(term) 3:is_tuple(term) 7:import (import a module's functions) 7:if (if statement) 3:is_exception(term) 3:is_exception(term, name) 3:is_nil(term) 3:is_non_struct_map(term) 3:is_struct(term) 3:is_struct(term, name) ]
14:00:52.942 [debug] handled request client -> server textDocument/completion in 92ms
14:00:52.981 [debug] handled notification client -> server textDocument/didChange in 1ms
14:00:53.046 [debug] sent notification server -> client textDocument/publishDiagnostics
14:00:53.046 [debug] Node port message: 
14:00:53.045 [info] Plugins found 0 results in 0.012 ms

14:00:53.353 [debug] handled notification client -> server textDocument/didChange in 881µs
14:00:53.404 [debug] Node port message: 
14:00:53.404 [info] Plugins found 0 results in 0.008 ms

14:00:53.407 [debug] sent notification server -> client textDocument/publishDiagnostics
14:00:53.875 [debug] handled notification client -> server textDocument/didChange in 1ms
14:00:53.903 [info] Completion for XpPos<<59, 12>>
14:00:53.926 [debug] sent notification server -> client textDocument/publishDiagnostics
14:00:53.927 [debug] Node port message: 
14:00:53.926 [info] Plugins found 0 results in 0.01 ms

14:00:53.938 [info] Local completions are: [function: (elem, exit)   ]
14:00:53.938 [info] Emitting Completions: [3:elem(tuple, index) 3:exit(reason) ]
14:00:53.939 [debug] handled request client -> server textDocument/completion in 63ms
14:00:54.088 [debug] handled notification client -> server textDocument/didChange in 1ms
14:00:54.139 [debug] Node port message: 
14:00:54.139 [info] Plugins found 0 results in 0.007 ms

14:00:54.145 [debug] sent notification server -> client textDocument/publishDiagnostics
14:00:54.243 [debug] handled notification client -> server textDocument/didChange in 1ms
14:00:54.269 [info] Completion for XpPos<<59, 10>>
14:00:54.307 [debug] sent notification server -> client textDocument/publishDiagnostics
14:00:54.308 [debug] Node port message: 
14:00:54.307 [info] Plugins found 0 results in 0.009 ms

14:00:54.338 [info] Local completions are: [function: (is_enabled, inspect, inspect, is_atom, is_binary, is_bitstring, is_boolean, is_float, is_function, is_function, is_integer, is_list, is_map, is_map_key, is_number, is_pid, is_port, is_reference, is_tuple)   macro: (is_exception, is_exception, is_nil, is_non_struct_map, is_struct, is_struct)   ]
14:00:54.342 [info] Emitting Completions: [3:is_enabled(f, n, m) 3:inspect(term) 3:inspect(term, opts) 3:is_atom(term) 3:is_binary(term) 3:is_bitstring(term) 3:is_boolean(term) 3:is_float(term) 3:is_function(term) 3:is_function(term, arity) 3:is_integer(term) 3:is_list(term) 3:is_map(term) 3:is_map_key(map, key) 3:is_number(term) 3:is_pid(term) 3:is_port(term) 3:is_reference(term) 3:is_tuple(term) 3:is_exception(term) 3:is_exception(term, name) 3:is_nil(term) 3:is_non_struct_map(term) 3:is_struct(term) 3:is_struct(term, name) ]
14:00:54.345 [debug] handled request client -> server textDocument/completion in 101ms
14:00:54.399 [debug] handled notification client -> server textDocument/didChange in 1ms
14:00:54.459 [debug] sent notification server -> client textDocument/publishDiagnostics
14:00:54.460 [debug] Node port message: 
14:00:54.459 [info] Plugins found 0 results in 0.011 ms

14:00:54.663 [debug] handled notification client -> server textDocument/didChange in 1ms
14:00:54.725 [debug] sent notification server -> client textDocument/publishDiagnostics
14:00:54.726 [debug] Node port message: 
14:00:54.725 [info] Plugins found 0 results in 0.011 ms

14:00:54.775 [debug] handled notification client -> server textDocument/didChange in 1ms
14:00:54.836 [debug] sent notification server -> client textDocument/publishDiagnostics
14:00:54.837 [debug] Node port message: 
14:00:54.836 [info] Plugins found 0 results in 0.011 ms

14:00:54.987 [debug] handled notification client -> server textDocument/didChange in 1ms
14:00:55.047 [debug] Node port message: 
14:00:55.047 [info] Plugins found 0 results in 0.009 ms

14:00:55.048 [debug] sent notification server -> client textDocument/publishDiagnostics
14:00:55.200 [debug] handled notification client -> server textDocument/didChange in 1ms
14:00:55.208 [debug] handled notification client -> server textDocument/didChange in 3ms
14:00:55.268 [debug] sent notification server -> client textDocument/publishDiagnostics
14:00:55.269 [debug] Node port message: 
14:00:55.268 [info] Plugins found 0 results in 0.01 ms

14:00:56.671 [debug] handled notification client -> server textDocument/didChange in 1ms
14:00:56.702 [info] Completion for XpPos<<59, 20>>
14:00:56.735 [debug] sent notification server -> client textDocument/publishDiagnostics
14:00:56.735 [debug] Node port message: 
14:00:56.734 [info] Plugins found 0 results in 0.009 ms

14:00:56.767 [info] Local completions are: [function: (fire, floor, function_exported?)   macro: (fn, for)   variable: (f)   ]
14:00:56.768 [info] Emitting Completions: [6:f 3:fire(f, n, m) 3:floor(number) 3:function_exported?(module, function, arity) 3:fn(term) 7:for (comprehension) ]
14:00:56.769 [debug] handled request client -> server textDocument/completion in 97ms
14:00:57.027 [debug] handled notification client -> server textDocument/didChange in 1ms
14:00:57.079 [debug] Node port message: 
14:00:57.078 [info] Plugins found 0 results in 0.012 ms

14:00:57.081 [debug] sent notification server -> client textDocument/publishDiagnostics
14:00:57.345 [debug] handled notification client -> server textDocument/didChange in 1ms
14:00:57.397 [debug] Node port message: 
14:00:57.396 [info] Plugins found 0 results in 0.011 ms

14:00:57.399 [debug] sent notification server -> client textDocument/publishDiagnostics
14:00:57.544 [debug] handled notification client -> server textDocument/didChange in 1ms
14:00:57.569 [info] Completion for XpPos<<59, 23>>
14:00:57.606 [debug] sent notification server -> client textDocument/publishDiagnostics
14:00:57.606 [debug] Node port message: 
14:00:57.606 [info] Plugins found 0 results in 0.01 ms

14:00:57.631 [info] Local completions are: [function: (node, node, not)   variable: (n)   ]
14:00:57.632 [info] Emitting Completions: [6:n 3:node() 3:node(arg) 3:not(value) ]
14:00:57.633 [debug] handled request client -> server textDocument/completion in 88ms
14:00:57.916 [debug] handled notification client -> server textDocument/didChange in 1ms
14:00:57.968 [debug] Node port message: 
14:00:57.968 [info] Plugins found 0 results in 0.01 ms

14:00:57.971 [debug] sent notification server -> client textDocument/publishDiagnostics
14:00:58.252 [debug] handled notification client -> server textDocument/didChange in 1ms
14:00:58.280 [info] Completion for XpPos<<59, 25>>
14:00:58.316 [debug] sent notification server -> client textDocument/publishDiagnostics
14:00:58.316 [debug] Node port message: 
14:00:58.315 [info] Plugins found 0 results in 0.011 ms

14:00:58.363 [info] Local completions are: [function: (macro_exported?, make_ref, map_size, max, min)   macro: (match?)   variable: (m)   ]
14:00:58.365 [info] Emitting Completions: [6:m 3:macro_exported?(module, macro, arity) 3:make_ref() 3:map_size(map) 3:max(first, second) 3:min(first, second) 3:match?(pattern, expr) ]
14:00:58.366 [debug] handled request client -> server textDocument/completion in 113ms
14:00:59.596 [debug] handled notification client -> server textDocument/didChange in 1ms
14:00:59.656 [debug] sent notification server -> client textDocument/publishDiagnostics
14:00:59.656 [debug] Node port message: 
14:00:59.655 [info] Plugins found 0 results in 0.009 ms

14:01:00.522 [debug] handled notification client -> server textDocument/didChange in 1ms
14:01:00.554 [info] Completion for XpPos<<59, 28>>
14:01:00.574 [debug] sent notification server -> client textDocument/publishDiagnostics
14:01:00.574 [debug] Node port message: 
14:01:00.574 [info] Plugins found 0 results in 0.007 ms

14:01:00.600 [info] Local completions are: [function: (div)   macro: (dbg, dbg, dbg, def, def, defdelegate, defexception, defguard, defguardp, defimpl, defimpl, defmacro, defmacro, defmacrop, defmacrop, defmodule, defoverridable, defp, defp, defprotocol, defstruct, destructure)   ]
14:01:00.620 [info] Emitting Completions: [3:div(dividend, divisor) 3:dbg() 3:dbg(code) 3:dbg(code, options) 7:def (define a function) 7:defdelegate (define a delegate function) 7:defexception (define an exception) 7:defguard (define a guard macro) 7:defguardp (define a private guard macro) 7:defimpl (define a protocol implementation) 7:defmacro (define a macro) 7:defmacrop (define a private macro) 7:defmodule (define a module) 7:defoverridable (mark a function as overridable) 7:defp (define a private function) 7:defprotocol (define a protocol) 7:defstruct (define a struct) ]
14:01:00.622 [debug] handled request client -> server textDocument/completion in 100ms
14:01:00.647 [debug] handled notification client -> server textDocument/didChange in 1ms
14:01:00.698 [debug] Node port message: 
14:01:00.698 [info] Plugins found 0 results in 0.009 ms

14:01:00.701 [debug] sent notification server -> client textDocument/publishDiagnostics
14:01:02.365 [debug] handled notification client -> server textDocument/didChange in 1ms
14:01:02.417 [debug] Node port message: 
14:01:02.416 [info] Plugins found 0 results in 0.011 ms

14:01:02.419 [debug] sent notification server -> client textDocument/publishDiagnostics
14:01:02.514 [debug] handled notification client -> server textDocument/didChange in 1ms
14:01:02.573 [debug] Node port message: 
14:01:02.573 [info] Plugins found 0 results in 0.008 ms

14:01:02.573 [debug] sent notification server -> client textDocument/publishDiagnostics
14:01:07.061 [debug] handled notification client -> server textDocument/didChange in 1ms
14:01:07.098 [info] Completion for XpPos<<60, 8>>
14:01:07.128 [debug] sent notification server -> client textDocument/publishDiagnostics
14:01:07.128 [debug] Node port message: 
14:01:07.127 [info] Plugins found 0 results in 0.009 ms

14:01:07.175 [info] Local completions are: [function: (ex1l, ex1m, elem, exit)   ]
14:01:07.176 [info] Emitting Completions: [3:ex1l() 3:ex1m() 3:elem(tuple, index) 3:exit(reason) ]
14:01:07.176 [debug] handled request client -> server textDocument/completion in 114ms
14:01:07.211 [debug] handled notification client -> server textDocument/didChange in 1ms
14:01:07.270 [debug] sent notification server -> client textDocument/publishDiagnostics
14:01:07.270 [debug] Node port message: 
14:01:07.269 [info] Plugins found 0 results in 0.011 ms

14:01:07.360 [debug] handled notification client -> server textDocument/didChange in 1ms
14:01:07.422 [debug] sent notification server -> client textDocument/publishDiagnostics
14:01:07.422 [debug] Node port message: 
14:01:07.421 [info] Plugins found 0 results in 0.013 ms

14:01:07.504 [debug] handled notification client -> server textDocument/didChange in 1ms
14:01:07.531 [info] Completion for XpPos<<60, 9>>
14:01:07.568 [debug] Node port message: 
14:01:07.568 [info] Plugins found 0 results in 0.01 ms

14:01:07.568 [debug] sent notification server -> client textDocument/publishDiagnostics
14:01:07.600 [info] Local completions are: []
14:01:07.601 [info] Emitting Completions: []
14:01:07.601 [debug] handled request client -> server textDocument/completion in 97ms
14:01:08.384 [debug] handled notification client -> server textDocument/didChange in 1ms
14:01:08.443 [debug] sent notification server -> client textDocument/publishDiagnostics
14:01:08.443 [debug] Node port message: 
14:01:08.443 [info] Plugins found 0 results in 0.01 ms

14:01:08.531 [debug] handled notification client -> server textDocument/didChange in 1ms
14:01:08.590 [debug] sent notification server -> client textDocument/publishDiagnostics
14:01:08.590 [debug] Node port message: 
14:01:08.590 [info] Plugins found 0 results in 0.009 ms

14:01:09.394 [debug] handled notification client -> server textDocument/didChange in 1ms
14:01:09.422 [info] Completion for XpPos<<61, 8>>
14:01:09.461 [debug] sent notification server -> client textDocument/publishDiagnostics
14:01:09.462 [debug] Node port message: 
14:01:09.461 [info] Plugins found 0 results in 0.008 ms

14:01:09.494 [info] Local completions are: [function: (macro_exported?, make_ref, map_size, max, min)   macro: (match?)   variable: (m)   ]
14:01:09.496 [info] Emitting Completions: [6:m 3:macro_exported?(module, macro, arity) 3:make_ref() 3:map_size(map) 3:max(first, second) 3:min(first, second) 3:match?(pattern, expr) ]
14:01:09.497 [debug] handled request client -> server textDocument/completion in 101ms
14:01:11.933 [debug] handled notification client -> server textDocument/didSave in 663µs
14:01:11.984 [debug] sent request server -> client window/workDoneProgress/create
14:01:11.984 [debug] Node port message: 
14:01:11.984 [info] Building petri

14:01:11.984 [debug] Node port message: 
14:01:11.984 [debug] sent request server -> client window/workDoneProgress/create

14:01:11.984 [debug] sent notification server -> client $/progress
14:01:11.985 [debug] Node port message: 
14:01:11.984 [debug] sent notification server -> client $/progress

14:01:11.985 [debug] sent notification server -> client $/progress
14:01:11.985 [debug] Node port message: 
14:01:11.985 [debug] sent notification server -> client $/progress

14:01:11.994 [debug] Node port message: Compiling 1 file (.ex)

14:01:12.001 [debug] Node port message:     warning: variable "b" is unused (if the variable is not meant to be used, prefix it with an underscore)
    â
 39 â   |> Enum.filter(fn [_a, b] -> b = n end )
    â                          ~
    â
    ââ (petri 0.1.0) lib/petri.ex:39:26: Petri.preset/2


14:01:12.002 [debug] Node port message:     warning: variable "b" is unused (there is a variable with the same name in the context, use the pin operator (^) to match on it or prefix this variable with underscore if it is not meant to be used)
    â
 39 â   |> Enum.filter(fn [_a, b] -> b = n end )
    â                                ~
    â
    ââ (petri 0.1.0) lib/petri.ex:39:32: Petri.preset/2

    warning: variable "a" is unused (if the variable is not meant to be used, prefix it with an underscore)
    â
 46 â   |> Enum.filter(fn [_a, b] -> a = n end )
    â                                ~
    â
    ââ (petri 0.1.0) lib/petri.ex:46:32: Petri.postset/2


14:01:12.002 [debug] Node port message:     warning: variable "b" is unused (if the variable is not meant to be used, prefix it with an underscore)
    â
 46 â   |> Enum.filter(fn [_a, b] -> a = n end )
    â                          ~
    â
    ââ (petri 0.1.0) lib/petri.ex:46:26: Petri.postset/2


14:01:12.003 [debug] Node port message:     warning: variable "a" is unused (if the variable is not meant to be used, prefix it with an underscore)
    â
 47 â   |> Enum.map(fn[a, _b] -> b end)
    â                  ~
    â
    ââ (petri 0.1.0) lib/petri.ex:47:18: Petri.postset/2


14:01:12.009 [debug] Node port message:     error: undefined variable "b"
    â
 47 â   |> Enum.map(fn[a, _b] -> b end)
    â                            ^
    â
    ââ (petri 0.1.0) lib/petri.ex:47:28: Petri.postset/2


14:01:12.009 [debug] Node port message: 
== Compilation error in file lib/petri.ex ==
** (CompileError) lib/petri.ex: cannot compile module Petri (errors have been logged)


14:01:12.012 [debug] sent notification server -> client $/progress
14:01:12.012 [debug] Node port message: 
14:01:12.012 [info] Plugins found 0 results in 0.012 ms

14:01:12.012 [debug] Node port message: 
14:01:12.012 [debug] sent notification server -> client $/progress

14:01:12.012 [info] Compiled petri in 28 ms
14:01:12.013 [debug] sent notification server -> client textDocument/publishDiagnostics
14:16:19.930 [debug] handled notification client -> server textDocument/didSave in 898µs
14:16:19.980 [debug] Node port message: 
14:16:19.980 [info] Building petri

14:16:19.981 [debug] sent request server -> client window/workDoneProgress/create
14:16:19.981 [debug] Node port message: 
14:16:19.981 [debug] sent request server -> client window/workDoneProgress/create

14:16:19.982 [debug] sent notification server -> client $/progress
14:16:19.983 [debug] sent notification server -> client $/progress
14:16:19.983 [debug] Node port message: 
14:16:19.982 [debug] sent notification server -> client $/progress

14:16:19.983 [debug] Node port message: 
14:16:19.983 [debug] sent notification server -> client $/progress

14:16:19.992 [debug] Node port message: Compiling 1 file (.ex)

14:16:20.001 [debug] Node port message:     warning: variable "b" is unused (if the variable is not meant to be used, prefix it with an underscore)
    â
 39 â   |> Enum.filter(fn [_a, b] -> b = n end )
    â                          ~
    â
    ââ (petri 0.1.0) lib/petri.ex:39:26: Petri.preset/2


14:16:20.001 [debug] Node port message:     warning: variable "b" is unused (there is a variable with the same name in the context, use the pin operator (^) to match on it or prefix this variable with underscore if it is not meant to be used)
    â
 39 â   |> Enum.filter(fn [_a, b] -> b = n end )
    â                                ~
    â
    ââ (petri 0.1.0) lib/petri.ex:39:32: Petri.preset/2


14:16:20.002 [debug] Node port message:     warning: variable "a" is unused (if the variable is not meant to be used, prefix it with an underscore)
    â
 46 â   |> Enum.filter(fn [_a, b] -> a = n end )
    â                                ~
    â
    ââ (petri 0.1.0) lib/petri.ex:46:32: Petri.postset/2


14:16:20.002 [debug] Node port message:     warning: variable "b" is unused (if the variable is not meant to be used, prefix it with an underscore)
    â
 46 â   |> Enum.filter(fn [_a, b] -> a = n end )
    â                          ~
    â
    ââ (petri 0.1.0) lib/petri.ex:46:26: Petri.postset/2


14:16:20.003 [debug] Node port message:     warning: variable "a" is unused (if the variable is not meant to be used, prefix it with an underscore)
    â
 47 â   |> Enum.map(fn[a, _b] -> b end)
    â                  ~
    â
    ââ (petri 0.1.0) lib/petri.ex:47:18: Petri.postset/2


14:16:20.004 [debug] Node port message:     error: undefined variable "b"
    â
 47 â   |> Enum.map(fn[a, _b] -> b end)
    â                            ^
    â
    ââ (petri 0.1.0) lib/petri.ex:47:28: Petri.postset/2


14:16:20.004 [debug] Node port message: 
== Compilation error in file lib/petri.ex ==
** (CompileError) lib/petri.ex: cannot compile module Petri (errors have been logged)


14:16:20.005 [debug] sent notification server -> client $/progress
14:16:20.006 [info] Compiled petri in 25 ms
14:16:20.006 [debug] sent notification server -> client textDocument/publishDiagnostics
14:16:20.006 [debug] Node port message: 
14:16:20.005 [info] Plugins found 0 results in 0.009 ms

14:16:20.005 [debug] sent notification server -> client $/progress

14:16:28.959 [debug] handled notification client -> server textDocument/didChange in 1ms
14:16:29.018 [debug] sent notification server -> client textDocument/publishDiagnostics
14:16:29.019 [debug] Node port message: 
14:16:29.018 [info] Plugins found 0 results in 0.013 ms

14:16:29.440 [debug] handled notification client -> server textDocument/didChange in 1ms
14:16:29.492 [debug] Node port message: 
14:16:29.492 [info] Plugins found 0 results in 0.027 ms

14:16:29.495 [debug] sent notification server -> client textDocument/publishDiagnostics
14:16:30.333 [debug] handled notification client -> server textDocument/didSave in 661µs
14:16:30.384 [debug] sent request server -> client window/workDoneProgress/create
14:16:30.385 [debug] Node port message: 
14:16:30.384 [info] Building petri

14:16:30.385 [debug] Node port message: 
14:16:30.384 [debug] sent request server -> client window/workDoneProgress/create

14:16:30.385 [debug] sent notification server -> client $/progress
14:16:30.385 [debug] sent notification server -> client $/progress
14:16:30.385 [debug] Node port message: 
14:16:30.385 [debug] sent notification server -> client $/progress

14:16:30.385 [debug] Node port message: 
14:16:30.385 [debug] sent notification server -> client $/progress

14:16:30.392 [debug] Node port message: Compiling 1 file (.ex)

14:16:30.393 [debug] Node port message: 
== Compilation error in file lib/petri.ex ==
** (SyntaxError) invalid syntax found on lib/petri.ex:47:32:
    error: syntax error before: end. "end" is a reserved word in Elixir and therefore its usage is limited. For instance, it can't be used as a variable or be defined nor invoked as a regular function
    â
 47 â   |> Enum.map(fn[a, _b] -> b = end)
    â                                ^
    â
    ââ lib/petri.ex:47:32
    (elixir 1.18.3) lib/kernel/parallel_compiler.ex:428: anonymous fn/5 in Kernel.ParallelCompiler.spawn_workers/8

14:16:30.394 [debug] sent notification server -> client $/progress
14:16:30.395 [info] Compiled petri in 10 ms
14:16:30.395 [debug] Node port message: 
14:16:30.394 [info] Plugins found 0 results in 0.008 ms

14:16:30.394 [debug] sent notification server -> client $/progress

14:16:30.395 [debug] sent notification server -> client textDocument/publishDiagnostics
14:16:32.286 [debug] handled notification client -> server textDocument/didChange in 1ms
14:16:32.346 [debug] Node port message: 
14:16:32.345 [info] Plugins found 0 results in 0.01 ms

14:16:32.346 [debug] sent notification server -> client textDocument/publishDiagnostics
14:16:33.285 [debug] handled notification client -> server textDocument/didSave in 722µs
14:16:33.336 [debug] sent request server -> client window/workDoneProgress/create
14:16:33.337 [debug] Node port message: 
14:16:33.336 [info] Building petri

14:16:33.337 [debug] Node port message: 
14:16:33.336 [debug] sent request server -> client window/workDoneProgress/create

14:16:33.338 [debug] sent notification server -> client $/progress
14:16:33.338 [debug] sent notification server -> client $/progress
14:16:33.339 [debug] Node port message: 
14:16:33.338 [debug] sent notification server -> client $/progress

14:16:33.339 [debug] Node port message: 
14:16:33.338 [debug] sent notification server -> client $/progress

14:16:33.348 [debug] Node port message: Compiling 1 file (.ex)

14:16:33.355 [debug] Node port message:     warning: variable "b" is unused (if the variable is not meant to be used, prefix it with an underscore)
    â
 39 â   |> Enum.filter(fn [_a, b] -> b = n end )
    â                          ~
    â
    ââ (petri 0.1.0) lib/petri.ex:39:26: Petri.preset/2


14:16:33.356 [debug] Node port message:     warning: variable "b" is unused (there is a variable with the same name in the context, use the pin operator (^) to match on it or prefix this variable with underscore if it is not meant to be used)
    â
 39 â   |> Enum.filter(fn [_a, b] -> b = n end )
    â                                ~
    â
    ââ (petri 0.1.0) lib/petri.ex:39:32: Petri.preset/2


14:16:33.356 [debug] Node port message:     warning: variable "a" is unused (if the variable is not meant to be used, prefix it with an underscore)
    â
 46 â   |> Enum.filter(fn [_a, b] -> a = n end )
    â                                ~
    â
    ââ (petri 0.1.0) lib/petri.ex:46:32: Petri.postset/2


14:16:33.357 [debug] Node port message:     warning: variable "b" is unused (if the variable is not meant to be used, prefix it with an underscore)
    â
 46 â   |> Enum.filter(fn [_a, b] -> a = n end )
    â                          ~
    â
    ââ (petri 0.1.0) lib/petri.ex:46:26: Petri.postset/2


14:16:33.358 [debug] Node port message:     warning: variable "a" is unused (if the variable is not meant to be used, prefix it with an underscore)
    â
 47 â   |> Enum.map(fn[a, _b] -> b  end)
    â                  ~
    â
    ââ (petri 0.1.0) lib/petri.ex:47:18: Petri.postset/2


14:16:33.359 [debug] Node port message:     error: undefined variable "b"
    â
 47 â   |> Enum.map(fn[a, _b] -> b  end)
    â                            ^
    â
    ââ (petri 0.1.0) lib/petri.ex:47:28: Petri.postset/2


14:16:33.359 [debug] Node port message: 
== Compilation error in file lib/petri.ex ==
** (CompileError) lib/petri.ex: cannot compile module Petri (errors have been logged)


14:16:33.360 [debug] sent notification server -> client $/progress
14:16:33.360 [info] Compiled petri in 23 ms
14:16:33.361 [debug] sent notification server -> client textDocument/publishDiagnostics
14:16:33.361 [debug] Node port message: 
14:16:33.360 [info] Plugins found 0 results in 0.011 ms

14:16:33.360 [debug] sent notification server -> client $/progress

14:16:56.849 [debug] handled notification client -> server textDocument/didChange in 1ms
14:16:56.907 [debug] sent notification server -> client textDocument/publishDiagnostics
14:16:56.908 [debug] Node port message: 
14:16:56.907 [info] Plugins found 0 results in 0.009 ms

14:16:57.811 [debug] handled notification client -> server textDocument/didSave in 1ms
14:16:57.861 [debug] Node port message: 
14:16:57.861 [info] Building petri

14:16:57.862 [debug] sent request server -> client window/workDoneProgress/create
14:16:57.862 [debug] Node port message: 
14:16:57.862 [debug] sent request server -> client window/workDoneProgress/create

14:16:57.862 [debug] sent notification server -> client $/progress
14:16:57.863 [debug] sent notification server -> client $/progress
14:16:57.863 [debug] Node port message: 
14:16:57.862 [debug] sent notification server -> client $/progress

14:16:57.863 [debug] Node port message: 
14:16:57.863 [debug] sent notification server -> client $/progress

14:16:57.871 [debug] Node port message: Compiling 1 file (.ex)

14:16:57.877 [debug] Node port message:     warning: variable "b" is unused (if the variable is not meant to be used, prefix it with an underscore)
    â
 39 â   |> Enum.filter(fn [_a, b] -> b = n end )
    â                          ~
    â
    ââ (petri 0.1.0) lib/petri.ex:39:26: Petri.preset/2


14:16:57.877 [debug] Node port message:     warning: variable "b" is unused (there is a variable with the same name in the context, use the pin operator (^) to match on it or prefix this variable with underscore if it is not meant to be used)
    â
 39 â   |> Enum.filter(fn [_a, b] -> b = n end )
    â                                ~
    â
    ââ (petri 0.1.0) lib/petri.ex:39:32: Petri.preset/2


14:16:57.878 [debug] Node port message:     warning: variable "a" is unused (if the variable is not meant to be used, prefix it with an underscore)
    â
 46 â   |> Enum.filter(fn [_a, b] -> a = n end )
    â                                ~
    â
    ââ (petri 0.1.0) lib/petri.ex:46:32: Petri.postset/2


14:16:57.878 [debug] Node port message:     warning: variable "b" is unused (if the variable is not meant to be used, prefix it with an underscore)
    â
 46 â   |> Enum.filter(fn [_a, b] -> a = n end )
    â                          ~
    â
    ââ (petri 0.1.0) lib/petri.ex:46:26: Petri.postset/2


14:16:57.879 [debug] Node port message:     warning: variable "a" is unused (if the variable is not meant to be used, prefix it with an underscore)
    â
 47 â   |> Enum.map(fn [a, _b] -> b  end)
    â                   ~
    â
    ââ (petri 0.1.0) lib/petri.ex:47:19: Petri.postset/2


14:16:57.882 [debug] Node port message:     error: undefined variable "b"
    â
 47 â   |> Enum.map(fn [a, _b] -> b  end)
    â                             ^
    â
    ââ (petri 0.1.0) lib/petri.ex:47:29: Petri.postset/2


14:16:57.882 [debug] Node port message: 
== Compilation error in file lib/petri.ex ==
** (CompileError) lib/petri.ex: cannot compile module Petri (errors have been logged)


14:16:57.883 [debug] sent notification server -> client $/progress
14:16:57.883 [info] Compiled petri in 21 ms
14:16:57.883 [debug] Node port message: 
14:16:57.883 [info] Plugins found 0 results in 0.009 ms

14:16:57.884 [debug] sent notification server -> client textDocument/publishDiagnostics
14:16:57.884 [debug] Node port message: 
14:16:57.883 [debug] sent notification server -> client $/progress

14:17:02.440 [debug] handled notification client -> server textDocument/didChange in 1ms
14:17:02.499 [debug] sent notification server -> client textDocument/publishDiagnostics
14:17:02.500 [debug] Node port message: 
14:17:02.499 [info] Plugins found 0 results in 0.01 ms

14:17:05.980 [debug] handled notification client -> server textDocument/didSave in 1ms
14:17:06.031 [debug] sent request server -> client window/workDoneProgress/create
14:17:06.032 [debug] Node port message: 
14:17:06.031 [info] Building petri

14:17:06.032 [debug] Node port message: 
14:17:06.031 [debug] sent request server -> client window/workDoneProgress/create

14:17:06.032 [debug] sent notification server -> client $/progress
14:17:06.032 [debug] sent notification server -> client $/progress
14:17:06.033 [debug] Node port message: 
14:17:06.032 [debug] sent notification server -> client $/progress

14:17:06.032 [debug] sent notification server -> client $/progress

14:17:06.041 [debug] Node port message: Compiling 1 file (.ex)

14:17:06.051 [debug] Node port message:     warning: variable "b" is unused (if the variable is not meant to be used, prefix it with an underscore)
    â
 39 â   |> Enum.filter(fn [_a, b] -> b = n end )
    â                          ~
    â
    ââ (petri 0.1.0) lib/petri.ex:39:26: Petri.preset/2


14:17:06.051 [debug] Node port message:     warning: variable "b" is unused (there is a variable with the same name in the context, use the pin operator (^) to match on it or prefix this variable with underscore if it is not meant to be used)
    â
 39 â   |> Enum.filter(fn [_a, b] -> b = n end )
    â                                ~
    â
    ââ (petri 0.1.0) lib/petri.ex:39:32: Petri.preset/2


14:17:06.051 [debug] Node port message:     warning: variable "a" is unused (if the variable is not meant to be used, prefix it with an underscore)
    â
 46 â   |> Enum.filter(fn [_a, b] -> a = n end )
    â                                ~
    â
    ââ (petri 0.1.0) lib/petri.ex:46:32: Petri.postset/2


14:17:06.052 [debug] Node port message:     warning: variable "b" is unused (if the variable is not meant to be used, prefix it with an underscore)
    â
 46 â   |> Enum.filter(fn [_a, b] -> a = n end )
    â                          ~
    â
    ââ (petri 0.1.0) lib/petri.ex:46:26: Petri.postset/2


14:17:06.053 [debug] Node port message:     warning: variable "a" is unused (if the variable is not meant to be used, prefix it with an underscore)
    â
 47 â   |> Enum.map(fn [a, _b] -> b  end)
    â                   ~
    â
    ââ (petri 0.1.0) lib/petri.ex:47:19: Petri.postset/2


14:17:06.053 [debug] Node port message:     error: undefined variable "b"
    â
 47 â   |> Enum.map(fn [a, _b] -> b  end)
    â                             ^
    â
    ââ (petri 0.1.0) lib/petri.ex:47:29: Petri.postset/2


14:17:06.053 [debug] Node port message: 
== Compilation error in file lib/petri.ex ==
** (CompileError) lib/petri.ex: cannot compile module Petri (errors have been logged)


14:17:06.055 [debug] sent notification server -> client $/progress
14:17:06.055 [info] Compiled petri in 23 ms
14:17:06.055 [debug] Node port message: 
14:17:06.055 [info] Plugins found 0 results in 0.014 ms

14:17:06.055 [debug] sent notification server -> client $/progress

14:17:06.055 [debug] sent notification server -> client textDocument/publishDiagnostics
14:17:16.134 [debug] handled notification client -> server textDocument/didSave in 1ms
14:17:16.185 [debug] Node port message: 
14:17:16.185 [info] Building petri

14:17:16.186 [debug] sent request server -> client window/workDoneProgress/create
14:17:16.186 [debug] Node port message: 
14:17:16.186 [debug] sent request server -> client window/workDoneProgress/create

14:17:16.187 [debug] sent notification server -> client $/progress
14:17:16.187 [debug] sent notification server -> client $/progress
14:17:16.187 [debug] Node port message: 
14:17:16.187 [debug] sent notification server -> client $/progress

14:17:16.187 [debug] Node port message: 
14:17:16.187 [debug] sent notification server -> client $/progress

14:17:16.196 [debug] Node port message: Compiling 1 file (.ex)

14:17:16.202 [debug] Node port message:     warning: variable "b" is unused (if the variable is not meant to be used, prefix it with an underscore)
    â
 39 â   |> Enum.filter(fn [_a, b] -> b = n end )
    â                          ~
    â
    ââ (petri 0.1.0) lib/petri.ex:39:26: Petri.preset/2


14:17:16.202 [debug] Node port message:     warning: variable "b" is unused (there is a variable with the same name in the context, use the pin operator (^) to match on it or prefix this variable with underscore if it is not meant to be used)
    â
 39 â   |> Enum.filter(fn [_a, b] -> b = n end )
    â                                ~
    â
    ââ (petri 0.1.0) lib/petri.ex:39:32: Petri.preset/2


14:17:16.202 [debug] Node port message:     warning: variable "a" is unused (if the variable is not meant to be used, prefix it with an underscore)
    â
 46 â   |> Enum.filter(fn [_a, b] -> a = n end )
    â                                ~
    â
    ââ (petri 0.1.0) lib/petri.ex:46:32: Petri.postset/2


14:17:16.202 [debug] Node port message:     warning: variable "b" is unused (if the variable is not meant to be used, prefix it with an underscore)
    â
 46 â   |> Enum.filter(fn [_a, b] -> a = n end )
    â                          ~
    â
    ââ (petri 0.1.0) lib/petri.ex:46:26: Petri.postset/2


14:17:16.203 [debug] Node port message:     warning: variable "a" is unused (if the variable is not meant to be used, prefix it with an underscore)
    â
 47 â   |> Enum.map(fn [a, _b] -> b  end)
    â                   ~
    â
    ââ (petri 0.1.0) lib/petri.ex:47:19: Petri.postset/2


14:17:16.205 [debug] Node port message:     error: undefined variable "b"
    â
 47 â   |> Enum.map(fn [a, _b] -> b  end)
    â                             ^
    â
    ââ (petri 0.1.0) lib/petri.ex:47:29: Petri.postset/2


14:17:16.205 [debug] Node port message: 
== Compilation error in file lib/petri.ex ==
** (CompileError) lib/petri.ex: cannot compile module Petri (errors have been logged)


14:17:16.207 [debug] sent notification server -> client $/progress
14:17:16.207 [info] Compiled petri in 21 ms
14:17:16.207 [debug] sent notification server -> client textDocument/publishDiagnostics
14:17:16.207 [debug] Node port message: 
14:17:16.207 [info] Plugins found 0 results in 0.008 ms

14:17:16.207 [debug] sent notification server -> client $/progress

14:17:19.534 [debug] handled notification client -> server textDocument/didChange in 1ms
14:17:19.592 [debug] sent notification server -> client textDocument/publishDiagnostics
14:17:19.593 [debug] Node port message: 
14:17:19.592 [info] Plugins found 0 results in 0.008 ms

14:17:19.683 [debug] handled notification client -> server textDocument/didChange in 1ms
14:17:19.743 [debug] sent notification server -> client textDocument/publishDiagnostics
14:17:19.744 [debug] Node port message: 
14:17:19.743 [info] Plugins found 0 results in 0.008 ms

14:17:20.661 [debug] handled notification client -> server textDocument/didSave in 846µs
14:17:20.712 [debug] sent request server -> client window/workDoneProgress/create
14:17:20.713 [debug] Node port message: 
14:17:20.712 [info] Building petri

14:17:20.713 [debug] Node port message: 
14:17:20.712 [debug] sent request server -> client window/workDoneProgress/create

14:17:20.715 [debug] sent notification server -> client $/progress
14:17:20.716 [debug] sent notification server -> client $/progress
14:17:20.716 [debug] Node port message: 
14:17:20.715 [debug] sent notification server -> client $/progress

14:17:20.716 [debug] sent notification server -> client $/progress

14:17:20.724 [debug] Node port message: Compiling 1 file (.ex)

14:17:20.730 [debug] Node port message:     warning: variable "b" is unused (if the variable is not meant to be used, prefix it with an underscore)
    â
 39 â   |> Enum.filter(fn [_a, b] -> b = n end )
    â                          ~
    â
    ââ (petri 0.1.0) lib/petri.ex:39:26: Petri.preset/2


14:17:20.730 [debug] Node port message:     warning: variable "b" is unused (there is a variable with the same name in the context, use the pin operator (^) to match on it or prefix this variable with underscore if it is not meant to be used)
    â
 39 â   |> Enum.filter(fn [_a, b] -> b = n end )
    â                                ~
    â
    ââ (petri 0.1.0) lib/petri.ex:39:32: Petri.preset/2


14:17:20.730 [debug] Node port message:     warning: variable "a" is unused (if the variable is not meant to be used, prefix it with an underscore)
    â
 46 â   |> Enum.filter(fn [_a, b] -> a = n end )
    â                                ~
    â
    ââ (petri 0.1.0) lib/petri.ex:46:32: Petri.postset/2


14:17:20.731 [debug] Node port message:     warning: variable "b" is unused (if the variable is not meant to be used, prefix it with an underscore)
    â
 46 â   |> Enum.filter(fn [_a, b] -> a = n end )
    â                          ~
    â
    ââ (petri 0.1.0) lib/petri.ex:46:26: Petri.postset/2


14:17:20.731 [debug] Node port message:     warning: variable "a" is unused (if the variable is not meant to be used, prefix it with an underscore)
    â
 47 â   |> Enum.map(fn [a, _b] -> b  end)
    â                   ~
    â
    ââ (petri 0.1.0) lib/petri.ex:47:19: Petri.postset/2


14:17:20.734 [debug] Node port message:     error: undefined variable "b"
    â
 47 â   |> Enum.map(fn [a, _b] -> b  end)
    â                             ^
    â
    ââ (petri 0.1.0) lib/petri.ex:47:29: Petri.postset/2


14:17:20.734 [debug] Node port message: 
== Compilation error in file lib/petri.ex ==
** (CompileError) lib/petri.ex: cannot compile module Petri (errors have been logged)


14:17:20.735 [debug] sent notification server -> client $/progress
14:17:20.735 [info] Compiled petri in 23 ms
14:17:20.736 [debug] sent notification server -> client textDocument/publishDiagnostics
14:17:20.736 [debug] Node port message: 
14:17:20.735 [debug] sent notification server -> client $/progress

14:17:20.735 [info] Plugins found 0 results in 0.013 ms

14:17:31.016 [debug] handled notification client -> server textDocument/didSave in 1ms
14:17:31.067 [debug] Node port message: 
14:17:31.066 [info] Building petri

14:17:31.067 [debug] sent request server -> client window/workDoneProgress/create
14:17:31.067 [debug] Node port message: 
14:17:31.067 [debug] sent request server -> client window/workDoneProgress/create

14:17:31.068 [debug] sent notification server -> client $/progress
14:17:31.068 [debug] sent notification server -> client $/progress
14:17:31.068 [debug] Node port message: 
14:17:31.068 [debug] sent notification server -> client $/progress

14:17:31.068 [debug] Node port message: 
14:17:31.068 [debug] sent notification server -> client $/progress

14:17:31.077 [debug] Node port message: Compiling 1 file (.ex)

14:17:31.083 [debug] Node port message:     warning: variable "b" is unused (if the variable is not meant to be used, prefix it with an underscore)
    â
 39 â   |> Enum.filter(fn [_a, b] -> b = n end )
    â                          ~
    â
    ââ (petri 0.1.0) lib/petri.ex:39:26: Petri.preset/2


14:17:31.084 [debug] Node port message:     warning: variable "b" is unused (there is a variable with the same name in the context, use the pin operator (^) to match on it or prefix this variable with underscore if it is not meant to be used)
    â
 39 â   |> Enum.filter(fn [_a, b] -> b = n end )
    â                                ~
    â
    ââ (petri 0.1.0) lib/petri.ex:39:32: Petri.preset/2


14:17:31.084 [debug] Node port message:     warning: variable "a" is unused (if the variable is not meant to be used, prefix it with an underscore)
    â
 46 â   |> Enum.filter(fn [_a, b] -> a = n end )
    â                                ~
    â
    ââ (petri 0.1.0) lib/petri.ex:46:32: Petri.postset/2


14:17:31.085 [debug] Node port message:     warning: variable "b" is unused (if the variable is not meant to be used, prefix it with an underscore)
    â
 46 â   |> Enum.filter(fn [_a, b] -> a = n end )
    â                          ~
    â
    ââ (petri 0.1.0) lib/petri.ex:46:26: Petri.postset/2


14:17:31.085 [debug] Node port message:     warning: variable "a" is unused (if the variable is not meant to be used, prefix it with an underscore)
    â
 47 â   |> Enum.map(fn [a, _b] -> b  end)
    â                   ~
    â
    ââ (petri 0.1.0) lib/petri.ex:47:19: Petri.postset/2


14:17:31.087 [debug] Node port message:     error: undefined variable "b"
    â
 47 â   |> Enum.map(fn [a, _b] -> b  end)
    â                             ^
    â
    ââ (petri 0.1.0) lib/petri.ex:47:29: Petri.postset/2


14:17:31.087 [debug] Node port message: 
== Compilation error in file lib/petri.ex ==
** (CompileError) lib/petri.ex: cannot compile module Petri (errors have been logged)


14:17:31.089 [debug] sent notification server -> client $/progress
14:17:31.089 [info] Compiled petri in 22 ms
14:17:31.089 [debug] sent notification server -> client textDocument/publishDiagnostics
14:17:31.089 [debug] Node port message: 
14:17:31.089 [debug] sent notification server -> client $/progress

14:17:31.089 [info] Plugins found 0 results in 0.01 ms

14:19:14.106 [debug] handled notification client -> server textDocument/didSave in 726µs
14:19:14.157 [debug] Node port message: 
14:19:14.157 [info] Building petri

14:19:14.158 [debug] sent request server -> client window/workDoneProgress/create
14:19:14.158 [debug] Node port message: 
14:19:14.158 [debug] sent request server -> client window/workDoneProgress/create

14:19:14.158 [debug] sent notification server -> client $/progress
14:19:14.158 [debug] sent notification server -> client $/progress
14:19:14.159 [debug] Node port message: 
14:19:14.158 [debug] sent notification server -> client $/progress

14:19:14.159 [debug] Node port message: 
14:19:14.158 [debug] sent notification server -> client $/progress

14:19:14.166 [debug] Node port message: Compiling 1 file (.ex)

14:19:14.175 [debug] Node port message:     warning: variable "b" is unused (if the variable is not meant to be used, prefix it with an underscore)
    â
 39 â   |> Enum.filter(fn [_a, b] -> b = n end )
    â                          ~
    â
    ââ (petri 0.1.0) lib/petri.ex:39:26: Petri.preset/2


14:19:14.176 [debug] Node port message:     warning: variable "b" is unused (there is a variable with the same name in the context, use the pin operator (^) to match on it or prefix this variable with underscore if it is not meant to be used)
    â
 39 â   |> Enum.filter(fn [_a, b] -> b = n end )
    â                                ~
    â
    ââ (petri 0.1.0) lib/petri.ex:39:32: Petri.preset/2


14:19:14.176 [debug] Node port message:     warning: variable "a" is unused (if the variable is not meant to be used, prefix it with an underscore)
    â
 46 â   |> Enum.filter(fn [_a, b] -> a = n end )
    â                                ~
    â
    ââ (petri 0.1.0) lib/petri.ex:46:32: Petri.postset/2


14:19:14.177 [debug] Node port message:     warning: variable "b" is unused (if the variable is not meant to be used, prefix it with an underscore)
    â
 46 â   |> Enum.filter(fn [_a, b] -> a = n end )
    â                          ~
    â
    ââ (petri 0.1.0) lib/petri.ex:46:26: Petri.postset/2


14:19:14.177 [debug] Node port message:     warning: variable "a" is unused (if the variable is not meant to be used, prefix it with an underscore)
    â
 47 â   |> Enum.map(fn [a, _b] -> b  end)
    â                   ~
    â
    ââ (petri 0.1.0) lib/petri.ex:47:19: Petri.postset/2


14:19:14.178 [debug] Node port message:     error: undefined variable "b"
    â
 47 â   |> Enum.map(fn [a, _b] -> b  end)
    â                             ^
    â
    ââ (petri 0.1.0) lib/petri.ex:47:29: Petri.postset/2


14:19:14.178 [debug] Node port message: 
== Compilation error in file lib/petri.ex ==
** (CompileError) lib/petri.ex: cannot compile module Petri (errors have been logged)


14:19:14.179 [debug] sent notification server -> client $/progress
14:19:14.180 [info] Compiled petri in 22 ms
14:19:14.180 [debug] sent notification server -> client textDocument/publishDiagnostics
14:19:14.180 [debug] Node port message: 
14:19:14.179 [info] Plugins found 0 results in 0.009 ms

14:19:14.179 [debug] sent notification server -> client $/progress

14:22:51.249 [debug] handled notification client -> server textDocument/didChange in 1ms
14:22:51.274 [info] Completion for XpPos<<46, 23>>
14:22:51.314 [debug] sent notification server -> client textDocument/publishDiagnostics
14:22:51.315 [debug] Node port message: 
14:22:51.314 [info] Plugins found 0 results in 0.011 ms

14:22:51.362 [info] Local completions are: [macro: (__CALLER__, __DIR__, __ENV__, __MODULE__, __STACKTRACE__, __aliases__, __block__, __cursor__)   ]
14:22:51.364 [info] Emitting Completions: [21:__CALLER__ 21:__DIR__ 21:__ENV__ 21:__MODULE__ 21:__STACKTRACE__ 3:__cursor__(args) ]
14:22:51.365 [debug] handled request client -> server textDocument/completion in 116ms
14:22:52.967 [debug] handled notification client -> server textDocument/didChange in 837µs
14:22:53.018 [debug] Node port message: 
14:22:53.018 [info] Plugins found 0 results in 0.008 ms

14:22:53.021 [debug] sent notification server -> client textDocument/publishDiagnostics
14:22:53.543 [debug] handled notification client -> server textDocument/didChange in 1ms
14:22:53.565 [info] Completion for XpPos<<46, 23>>
14:22:53.612 [debug] sent notification server -> client textDocument/publishDiagnostics
14:22:53.612 [debug] Node port message: 
14:22:53.611 [info] Plugins found 0 results in 0.011 ms

14:22:53.630 [info] Local completions are: [function: (abs, apply, apply)   macro: (alias, alias!, and)   ]
14:22:53.631 [info] Emitting Completions: [3:abs(number) 3:apply(fun, args) 3:apply(module, function_name, args) 7:alias (alias a module's name) ]
14:22:53.632 [debug] handled request client -> server textDocument/completion in 88ms
14:22:54.990 [debug] handled notification client -> server textDocument/didChange in 1ms
14:22:55.010 [info] Completion for XpPos<<46, 26>>
14:22:55.059 [debug] Node port message: 
14:22:55.057 [info] Plugins found 0 results in 0.01 ms

14:22:55.059 [debug] sent notification server -> client textDocument/publishDiagnostics
14:22:55.090 [info] Local completions are: [macro: (__CALLER__, __DIR__, __ENV__, __MODULE__, __STACKTRACE__, __aliases__, __block__, __cursor__)   ]
14:22:55.091 [info] Emitting Completions: [21:__CALLER__ 21:__DIR__ 21:__ENV__ 21:__MODULE__ 21:__STACKTRACE__ 3:__cursor__(args) ]
14:22:55.092 [debug] handled request client -> server textDocument/completion in 101ms
14:22:58.441 [debug] handled notification client -> server textDocument/didChange in 1ms
14:22:58.512 [debug] sent notification server -> client textDocument/publishDiagnostics
14:22:58.513 [debug] Node port message: 
14:22:58.512 [info] Plugins found 0 results in 0.009 ms

14:22:59.845 [debug] handled notification client -> server textDocument/didChange in 923µs
14:22:59.867 [info] Completion for XpPos<<47, 20>>
14:22:59.957 [info] Local completions are: [macro: (__CALLER__, __DIR__, __ENV__, __MODULE__, __STACKTRACE__, __aliases__, __block__, __cursor__)   ]
14:22:59.959 [info] Emitting Completions: [21:__CALLER__ 21:__DIR__ 21:__ENV__ 21:__MODULE__ 21:__STACKTRACE__ 3:__cursor__(args) ]
14:22:59.960 [debug] Node port message: 
14:22:59.959 [info] Plugins found 0 results in 0.013 ms

14:22:59.960 [debug] sent notification server -> client textDocument/publishDiagnostics
14:22:59.960 [debug] handled request client -> server textDocument/completion in 114ms
14:23:02.958 [debug] handled notification client -> server textDocument/didSave in 773µs
14:23:03.008 [debug] sent request server -> client window/workDoneProgress/create
14:23:03.009 [debug] Node port message: 
14:23:03.008 [info] Building petri

14:23:03.009 [debug] Node port message: 
14:23:03.008 [debug] sent request server -> client window/workDoneProgress/create

14:23:03.009 [debug] sent notification server -> client $/progress
14:23:03.009 [debug] Node port message: 
14:23:03.009 [debug] sent notification server -> client $/progress

14:23:03.010 [debug] sent notification server -> client $/progress
14:23:03.010 [debug] Node port message: 
14:23:03.010 [debug] sent notification server -> client $/progress

14:23:03.022 [debug] Node port message: Compiling 1 file (.ex)

14:23:03.032 [debug] Node port message:     warning: variable "b" is unused (if the variable is not meant to be used, prefix it with an underscore)
    â
 39 â   |> Enum.filter(fn [_a, b] -> b = n end )
    â                          ~
    â
    ââ (petri 0.1.0) lib/petri.ex:39:26: Petri.preset/2


14:23:03.033 [debug] Node port message:     warning: variable "b" is unused (there is a variable with the same name in the context, use the pin operator (^) to match on it or prefix this variable with underscore if it is not meant to be used)
    â
 39 â   |> Enum.filter(fn [_a, b] -> b = n end )
    â                                ~
    â
    ââ (petri 0.1.0) lib/petri.ex:39:32: Petri.preset/2


14:23:03.033 [debug] Node port message:     warning: variable "a" is unused (if the variable is not meant to be used, prefix it with an underscore)
    â
 46 â   |> Enum.filter(fn [a, _b] -> a = n end )
    â                      ~
    â
    ââ (petri 0.1.0) lib/petri.ex:46:22: Petri.postset/2


14:23:03.034 [debug] Node port message:     warning: variable "a" is unused (there is a variable with the same name in the context, use the pin operator (^) to match on it or prefix this variable with underscore if it is not meant to be used)
    â
 46 â   |> Enum.filter(fn [a, _b] -> a = n end )
    â                                ~
    â
    ââ (petri 0.1.0) lib/petri.ex:46:32: Petri.postset/2


14:23:03.042 [debug] sent notification server -> client $/progress
14:23:03.043 [debug] Node port message: 
14:23:03.042 [debug] sent notification server -> client $/progress

14:23:03.043 [debug] Node port message:     warning: MapSet.subset/2 is undefined or private. Did you mean:

          * subset?/2

    â
 53 â   MapSet.subset(preset(f, n), m)
    â          ~
    â
    ââ (petri 0.1.0) lib/petri.ex:53:10: Petri.is_enabled/3


14:23:03.049 [debug] Node port message: Generated petri app

14:23:03.064 [debug] Node port message: 
14:23:03.063 [info] Compile completed with status ok Produced 5 diagnostics [%Mix.Task.Compiler.Diagnostic{file: "/home/alguien/Projects/elixir/petri/lib/petri.ex", source: "/home/alguien/Projects/elixir/petri/lib/petri.ex", severity: :warning, message: "MapSet.subset/2 is undefined or private. Did you mean:\n\n      * subset?/2\n", position: {53, 10}, compiler_name: "Elixir", span: nil, details: nil, stacktrace: [{Petri, :is_enabled, 3, [file: ~c"lib/petri.ex", end_of_expression: [newlines: 1, line: 53, column: 33], closing: [line: 53, column: 32], line: 53, column: 10]}]}, %Mix.Task.Compiler.Diagnostic{file: "/home/alguien/Projects/elixir/petri/lib/petri.ex", source: "/home/alguien/Projects/elixir/petri/lib/petri.ex", severity: :warning, message: "variable \"b\" is unused (if the variable is not meant to be used, prefix it with an underscore)", position: {39, 26}, compiler_name: "Elixir", span: nil, details: nil, stacktrace: [{Petri, :preset, 2, [file: "lib/petri.ex", column: 26, line: 39]}]}, %Mix.Task.Compiler.Diagnostic{file: "/home/alguien/Projects/elixir/petri/lib/petri.ex", source: "/home/alguien/Projects/elixir/petri/lib/petri.ex", severity: :warning, message: "variable \"b\" is unused (there is a variable with the same name in the context, use the pin operator (^) to match on it or prefix this variable with underscore if it is not meant to be used)", position: {39, 32}, compiler_name: "Elixir", span: nil, details: nil, stacktrace: [{Petri, :preset, 2, [file: "lib/petri.ex", column: 32, line: 39]}]}, %Mix.Task.Compiler.Diagnostic{file: "/home/alguien/Projects/elixir/petri/lib/petri.ex", source: "/home/alguien/Projects/elixir/petri/lib/petri.ex", severity: :warning, message: "variable \"a\" is unused (if the variable is not meant to be used, prefix it with an underscore)", position: {46, 22}, compiler_name: "Elixir", span: nil, details: nil, stacktrace: [{Petri, :postset, 2, [file: "lib/petri.ex", column: 22, line: 46]}]}, %Mix.Task.Compiler.Diagnostic{file: "/home/alguien/Projects/elixir/petri/lib/petri.ex", source: "/home/alguien/Projects/elixir/petri/lib/petri.ex", severity: :warning, message: "variable \"a\" is unused (there is a variable with the same name in the context, use the pin operator (^) to match on it or prefix this variable with underscore if it is not meant to be used)", position: {46, 32}, compiler_name: "Elixir", span: nil, details: nil, stacktrace: [{Petri, :postset, 2, [file: "lib/petri.ex", column: 32, line: 46]}]}]

14:23:03.064 [debug] sent notification server -> client $/progress
14:23:03.064 [info] Compiled petri in 55 ms
14:23:03.064 [debug] Node port message: 
14:23:03.064 [info] Plugins found 0 results in 0.012 ms

14:23:03.064 [debug] sent notification server -> client textDocument/publishDiagnostics
14:23:03.065 [debug] Node port message: 
14:23:03.064 [debug] sent notification server -> client $/progress

14:23:10.616 [debug] handled notification client -> server textDocument/didSave in 847µs
14:23:10.667 [debug] Node port message: 
14:23:10.666 [info] Building petri

14:23:10.667 [debug] sent request server -> client window/workDoneProgress/create
14:23:10.667 [debug] Node port message: 
14:23:10.667 [debug] sent request server -> client window/workDoneProgress/create

14:23:10.667 [debug] sent notification server -> client $/progress
14:23:10.668 [debug] sent notification server -> client $/progress
14:23:10.668 [debug] Node port message: 
14:23:10.667 [debug] sent notification server -> client $/progress

14:23:10.668 [debug] Node port message: 
14:23:10.668 [debug] sent notification server -> client $/progress

14:23:10.673 [debug] Node port message:     warning: variable "b" is unused (if the variable is not meant to be used, prefix it with an underscore)
    â
 39 â   |> Enum.filter(fn [_a, b] -> b = n end )
    â                          ~
    â
    ââ (petri 0.1.0) lib/petri.ex:39:26: Petri.preset/2


14:23:10.674 [debug] Node port message:     warning: variable "b" is unused (there is a variable with the same name in the context, use the pin operator (^) to match on it or prefix this variable with underscore if it is not meant to be used)
    â
 39 â   |> Enum.filter(fn [_a, b] -> b = n end )
    â                                ~
    â
    ââ (petri 0.1.0) lib/petri.ex:39:32: Petri.preset/2


14:23:10.674 [debug] Node port message:     warning: variable "a" is unused (if the variable is not meant to be used, prefix it with an underscore)
    â
 46 â   |> Enum.filter(fn [a, _b] -> a = n end )
    â                      ~
    â
    ââ (petri 0.1.0) lib/petri.ex:46:22: Petri.postset/2


14:23:10.675 [debug] Node port message:     warning: variable "a" is unused (there is a variable with the same name in the context, use the pin operator (^) to match on it or prefix this variable with underscore if it is not meant to be used)
    â
 46 â   |> Enum.filter(fn [a, _b] -> a = n end )
    â                                ~
    â
    ââ (petri 0.1.0) lib/petri.ex:46:32: Petri.postset/2


14:23:10.675 [debug] Node port message:     warning: MapSet.subset/2 is undefined or private. Did you mean:

          * subset?/2

    â
 53 â   MapSet.subset(preset(f, n), m)
    â          ~
    â
    ââ (petri 0.1.0) lib/petri.ex:53:10: Petri.is_enabled/3


14:23:10.678 [debug] Node port message: 
14:23:10.678 [info] Compile completed with status noop Produced 5 diagnostics [%Mix.Task.Compiler.Diagnostic{file: "/home/alguien/Projects/elixir/petri/lib/petri.ex", source: "/home/alguien/Projects/elixir/petri/lib/petri.ex", severity: :warning, message: "variable \"b\" is unused (if the variable is not meant to be used, prefix it with an underscore)", position: {39, 26}, compiler_name: "Elixir", span: nil, details: nil, stacktrace: [{Petri, :preset, 2, [file: "lib/petri.ex", column: 26, line: 39]}]}, %Mix.Task.Compiler.Diagnostic{file: "/home/alguien/Projects/elixir/petri/lib/petri.ex", source: "/home/alguien/Projects/elixir/petri/lib/petri.ex", severity: :warning, message: "variable \"b\" is unused (there is a variable with the same name in the context, use the pin operator (^) to match on it or prefix this variable with underscore if it is not meant to be used)", position: {39, 32}, compiler_name: "Elixir", span: nil, details: nil, stacktrace: [{Petri, :preset, 2, [file: "lib/petri.ex", column: 32, line: 39]}]}, %Mix.Task.Compiler.Diagnostic{file: "/home/alguien/Projects/elixir/petri/lib/petri.ex", source: "/home/alguien/Projects/elixir/petri/lib/petri.ex", severity: :warning, message: "variable \"a\" is unused (if the variable is not meant to be used, prefix it with an underscore)", position: {46, 22}, compiler_name: "Elixir", span: nil, details: nil, stacktrace: [{Petri, :postset, 2, [file: "lib/petri.ex", column: 22, line: 46]}]}, %Mix.Task.Compiler.Diagnostic{file: "/home/alguien/Projects/elixir/petri/lib/petri.ex", source: "/home/alguien/Projects/elixir/petri/lib/petri.ex", severity: :warning, message: "variable \"a\" is unused (there is a variable with the same name in the context, use the pin operator (^) to match on it or prefix this variable with underscore if it is not meant to be used)", position: {46, 32}, compiler_name: "Elixir", span: nil, details: nil, stacktrace: [{Petri, :postset, 2, [file: "lib/petri.ex", column: 32, line: 46]}]}, %Mix.Task.Compiler.Diagnostic{file: "/home/alguien/Projects/elixir/petri/lib/petri.ex", source: "/home/alguien/Projects/elixir/petri/lib/petri.ex", severity: :warning, message: "MapSet.subset/2 is undefined or private. Did you mean:\n\n      * subset?/2\n", position: {53, 10}, compiler_name: "Elixir", span: nil, details: nil, stacktrace: [{Petri, :is_enabled, 3, [file: ~c"lib/petri.ex", end_of_expression: [newlines: 1, line: 53, column: 33], closing: [line: 53, column: 32], line: 53, column: 10]}]}]

14:23:10.678 [debug] sent notification server -> client $/progress
14:23:10.678 [info] Compiled petri in 12 ms
14:23:10.678 [debug] Node port message: 
14:23:10.678 [debug] sent notification server -> client $/progress

14:23:10.678 [debug] sent notification server -> client textDocument/publishDiagnostics
14:23:10.679 [debug] Node port message: 
14:23:10.678 [info] Plugins found 0 results in 0.009 ms

14:23:13.936 [debug] handled notification client -> server textDocument/didSave in 534µs
14:23:13.987 [debug] sent request server -> client window/workDoneProgress/create
14:23:13.988 [debug] Node port message: 
14:23:13.987 [info] Building petri

14:23:13.988 [debug] Node port message: 
14:23:13.987 [debug] sent request server -> client window/workDoneProgress/create

14:23:13.988 [debug] sent notification server -> client $/progress
14:23:13.988 [debug] Node port message: 
14:23:13.988 [debug] sent notification server -> client $/progress

14:23:13.988 [debug] sent notification server -> client $/progress
14:23:13.989 [debug] Node port message: 
14:23:13.988 [debug] sent notification server -> client $/progress

14:23:13.994 [debug] Node port message:     warning: variable "b" is unused (if the variable is not meant to be used, prefix it with an underscore)
    â
 39 â   |> Enum.filter(fn [_a, b] -> b = n end )
    â                          ~
    â
    ââ (petri 0.1.0) lib/petri.ex:39:26: Petri.preset/2


14:23:13.994 [debug] Node port message:     warning: variable "b" is unused (there is a variable with the same name in the context, use the pin operator (^) to match on it or prefix this variable with underscore if it is not meant to be used)
    â
 39 â   |> Enum.filter(fn [_a, b] -> b = n end )
    â                                ~
    â
    ââ (petri 0.1.0) lib/petri.ex:39:32: Petri.preset/2


14:23:13.994 [debug] Node port message:     warning: variable "a" is unused (if the variable is not meant to be used, prefix it with an underscore)
    â
 46 â   |> Enum.filter(fn [a, _b] -> a = n end )
    â                      ~
    â
    ââ (petri 0.1.0) lib/petri.ex:46:22: Petri.postset/2


14:23:13.995 [debug] Node port message:     warning: variable "a" is unused (there is a variable with the same name in the context, use the pin operator (^) to match on it or prefix this variable with underscore if it is not meant to be used)
    â
 46 â   |> Enum.filter(fn [a, _b] -> a = n end )
    â                                ~
    â
    ââ (petri 0.1.0) lib/petri.ex:46:32: Petri.postset/2


14:23:13.995 [debug] Node port message:     warning: MapSet.subset/2 is undefined or private. Did you mean:

          * subset?/2

    â
 53 â   MapSet.subset(preset(f, n), m)
    â          ~
    â
    ââ (petri 0.1.0) lib/petri.ex:53:10: Petri.is_enabled/3


14:23:13.999 [debug] Node port message: 
14:23:13.999 [info] Compile completed with status noop Produced 5 diagnostics [%Mix.Task.Compiler.Diagnostic{file: "/home/alguien/Projects/elixir/petri/lib/petri.ex", source: "/home/alguien/Projects/elixir/petri/lib/petri.ex", severity: :warning, message: "variable \"b\" is unused (if the variable is not meant to be used, prefix it with an underscore)", position: {39, 26}, compiler_name: "Elixir", span: nil, details: nil, stacktrace: [{Petri, :preset, 2, [file: "lib/petri.ex", column: 26, line: 39]}]}, %Mix.Task.Compiler.Diagnostic{file: "/home/alguien/Projects/elixir/petri/lib/petri.ex", source: "/home/alguien/Projects/elixir/petri/lib/petri.ex", severity: :warning, message: "variable \"b\" is unused (there is a variable with the same name in the context, use the pin operator (^) to match on it or prefix this variable with underscore if it is not meant to be used)", position: {39, 32}, compiler_name: "Elixir", span: nil, details: nil, stacktrace: [{Petri, :preset, 2, [file: "lib/petri.ex", column: 32, line: 39]}]}, %Mix.Task.Compiler.Diagnostic{file: "/home/alguien/Projects/elixir/petri/lib/petri.ex", source: "/home/alguien/Projects/elixir/petri/lib/petri.ex", severity: :warning, message: "variable \"a\" is unused (if the variable is not meant to be used, prefix it with an underscore)", position: {46, 22}, compiler_name: "Elixir", span: nil, details: nil, stacktrace: [{Petri, :postset, 2, [file: "lib/petri.ex", column: 22, line: 46]}]}, %Mix.Task.Compiler.Diagnostic{file: "/home/alguien/Projects/elixir/petri/lib/petri.ex", source: "/home/alguien/Projects/elixir/petri/lib/petri.ex", severity: :warning, message: "variable \"a\" is unused (there is a variable with the same name in the context, use the pin operator (^) to match on it or prefix this variable with underscore if it is not meant to be used)", position: {46, 32}, compiler_name: "Elixir", span: nil, details: nil, stacktrace: [{Petri, :postset, 2, [file: "lib/petri.ex", column: 32, line: 46]}]}, %Mix.Task.Compiler.Diagnostic{file: "/home/alguien/Projects/elixir/petri/lib/petri.ex", source: "/home/alguien/Projects/elixir/petri/lib/petri.ex", severity: :warning, message: "MapSet.subset/2 is undefined or private. Did you mean:\n\n      * subset?/2\n", position: {53, 10}, compiler_name: "Elixir", span: nil, details: nil, stacktrace: [{Petri, :is_enabled, 3, [file: ~c"lib/petri.ex", end_of_expression: [newlines: 1, line: 53, column: 33], closing: [line: 53, column: 32], line: 53, column: 10]}]}]

14:23:13.999 [debug] sent notification server -> client $/progress
14:23:13.999 [info] Compiled petri in 12 ms
14:23:13.999 [debug] Node port message: 
14:23:13.999 [info] Plugins found 0 results in 0.006 ms

14:23:13.999 [debug] sent notification server -> client textDocument/publishDiagnostics
14:23:13.999 [debug] Node port message: 
14:23:13.999 [debug] sent notification server -> client $/progress

14:24:43.054 [debug] handled notification client -> server textDocument/didChange in 1ms
14:24:43.106 [debug] Node port message: 
14:24:43.106 [info] Plugins found 0 results in 0.008 ms

14:24:43.108 [debug] sent notification server -> client textDocument/publishDiagnostics
14:24:43.657 [debug] handled notification client -> server textDocument/didChange in 1ms
14:24:43.663 [info] Completion for XpPos<<1, 12>>
14:24:43.666 [warning] ** (ArgumentError) cannot invoke def/2 outside module
    (elixir 1.18.3) lib/kernel.ex:6825: Kernel.assert_module_scope/3
    (elixir 1.18.3) lib/kernel.ex:5308: Kernel.define/4
    (xp_elixir_sense 2.0.0) lib/elixir_sense/core/normalized/macro/env.ex:54: anonymous fn/5 in XPElixirSense.Core.Normalized.Macro.Env.wrap_expansion/7
    (xp_elixir_sense 2.0.0) lib/elixir_sense/core/compiler.ex:2144: XPElixirSense.Core.Compiler.expand_macro_callback/7
    (xp_elixir_sense 2.0.0) lib/elixir_sense/core/compiler.ex:117: XPElixirSense.Core.Compiler.expand/3
    (xp_elixir_sense 2.0.0) lib/elixir_sense/core/compiler.ex:2444: XPElixirSense.Core.Compiler.expand_block/5
    (xp_elixir_sense 2.0.0) lib/elixir_sense/core/compiler.ex:202: XPElixirSense.Core.Compiler.do_expand/3
    (xp_elixir_sense 2.0.0) lib/elixir_sense/core/compiler.ex:117: XPElixirSense.Core.Compiler.expand/3

14:24:43.667 [warning] ** (ArgumentError) cannot invoke def/2 outside module
    (elixir 1.18.3) lib/kernel.ex:6825: Kernel.assert_module_scope/3
    (elixir 1.18.3) lib/kernel.ex:5308: Kernel.define/4
    (xp_elixir_sense 2.0.0) lib/elixir_sense/core/normalized/macro/env.ex:54: anonymous fn/5 in XPElixirSense.Core.Normalized.Macro.Env.wrap_expansion/7
    (xp_elixir_sense 2.0.0) lib/elixir_sense/core/compiler.ex:2144: XPElixirSense.Core.Compiler.expand_macro_callback/7
    (xp_elixir_sense 2.0.0) lib/elixir_sense/core/compiler.ex:117: XPElixirSense.Core.Compiler.expand/3
    (xp_elixir_sense 2.0.0) lib/elixir_sense/core/compiler.ex:2444: XPElixirSense.Core.Compiler.expand_block/5
    (xp_elixir_sense 2.0.0) lib/elixir_sense/core/compiler.ex:202: XPElixirSense.Core.Compiler.do_expand/3
    (xp_elixir_sense 2.0.0) lib/elixir_sense/core/compiler.ex:117: XPElixirSense.Core.Compiler.expand/3

14:24:43.668 [warning] ** (ArgumentError) cannot invoke def/2 outside module
    (elixir 1.18.3) lib/kernel.ex:6825: Kernel.assert_module_scope/3
    (elixir 1.18.3) lib/kernel.ex:5308: Kernel.define/4
    (xp_elixir_sense 2.0.0) lib/elixir_sense/core/normalized/macro/env.ex:54: anonymous fn/5 in XPElixirSense.Core.Normalized.Macro.Env.wrap_expansion/7
    (xp_elixir_sense 2.0.0) lib/elixir_sense/core/compiler.ex:2144: XPElixirSense.Core.Compiler.expand_macro_callback/7
    (xp_elixir_sense 2.0.0) lib/elixir_sense/core/compiler.ex:117: XPElixirSense.Core.Compiler.expand/3
    (xp_elixir_sense 2.0.0) lib/elixir_sense/core/compiler.ex:2444: XPElixirSense.Core.Compiler.expand_block/5
    (xp_elixir_sense 2.0.0) lib/elixir_sense/core/compiler.ex:202: XPElixirSense.Core.Compiler.do_expand/3
    (xp_elixir_sense 2.0.0) lib/elixir_sense/core/compiler.ex:117: XPElixirSense.Core.Compiler.expand/3

14:24:43.669 [warning] ** (ArgumentError) cannot invoke def/2 outside module
    (elixir 1.18.3) lib/kernel.ex:6825: Kernel.assert_module_scope/3
    (elixir 1.18.3) lib/kernel.ex:5308: Kernel.define/4
    (xp_elixir_sense 2.0.0) lib/elixir_sense/core/normalized/macro/env.ex:54: anonymous fn/5 in XPElixirSense.Core.Normalized.Macro.Env.wrap_expansion/7
    (xp_elixir_sense 2.0.0) lib/elixir_sense/core/compiler.ex:2144: XPElixirSense.Core.Compiler.expand_macro_callback/7
    (xp_elixir_sense 2.0.0) lib/elixir_sense/core/compiler.ex:117: XPElixirSense.Core.Compiler.expand/3
    (xp_elixir_sense 2.0.0) lib/elixir_sense/core/compiler.ex:2444: XPElixirSense.Core.Compiler.expand_block/5
    (xp_elixir_sense 2.0.0) lib/elixir_sense/core/compiler.ex:202: XPElixirSense.Core.Compiler.do_expand/3
    (xp_elixir_sense 2.0.0) lib/elixir_sense/core/compiler.ex:117: XPElixirSense.Core.Compiler.expand/3

14:24:43.670 [warning] ** (ArgumentError) cannot invoke def/2 outside module
    (elixir 1.18.3) lib/kernel.ex:6825: Kernel.assert_module_scope/3
    (elixir 1.18.3) lib/kernel.ex:5308: Kernel.define/4
    (xp_elixir_sense 2.0.0) lib/elixir_sense/core/normalized/macro/env.ex:54: anonymous fn/5 in XPElixirSense.Core.Normalized.Macro.Env.wrap_expansion/7
    (xp_elixir_sense 2.0.0) lib/elixir_sense/core/compiler.ex:2144: XPElixirSense.Core.Compiler.expand_macro_callback/7
    (xp_elixir_sense 2.0.0) lib/elixir_sense/core/compiler.ex:117: XPElixirSense.Core.Compiler.expand/3
    (xp_elixir_sense 2.0.0) lib/elixir_sense/core/compiler.ex:2444: XPElixirSense.Core.Compiler.expand_block/5
    (xp_elixir_sense 2.0.0) lib/elixir_sense/core/compiler.ex:202: XPElixirSense.Core.Compiler.do_expand/3
    (xp_elixir_sense 2.0.0) lib/elixir_sense/core/compiler.ex:117: XPElixirSense.Core.Compiler.expand/3

14:24:43.671 [warning] ** (ArgumentError) cannot invoke def/2 outside module
    (elixir 1.18.3) lib/kernel.ex:6825: Kernel.assert_module_scope/3
    (elixir 1.18.3) lib/kernel.ex:5308: Kernel.define/4
    (xp_elixir_sense 2.0.0) lib/elixir_sense/core/normalized/macro/env.ex:54: anonymous fn/5 in XPElixirSense.Core.Normalized.Macro.Env.wrap_expansion/7
    (xp_elixir_sense 2.0.0) lib/elixir_sense/core/compiler.ex:2144: XPElixirSense.Core.Compiler.expand_macro_callback/7
    (xp_elixir_sense 2.0.0) lib/elixir_sense/core/compiler.ex:117: XPElixirSense.Core.Compiler.expand/3
    (xp_elixir_sense 2.0.0) lib/elixir_sense/core/compiler.ex:2426: XPElixirSense.Core.Compiler.expand_block/5
    (xp_elixir_sense 2.0.0) lib/elixir_sense/core/compiler.ex:202: XPElixirSense.Core.Compiler.do_expand/3
    (xp_elixir_sense 2.0.0) lib/elixir_sense/core/compiler.ex:117: XPElixirSense.Core.Compiler.expand/3

14:24:43.709 [debug] sent notification server -> client textDocument/publishDiagnostics
14:24:43.709 [debug] Node port message: 
14:24:43.709 [info] Plugins found 0 results in 0.008 ms

14:24:43.718 [info] Local completions are: [behaviour: (Exception)   exception: (ErlangError)   module: (EEx, Elixir, Enum, ExUnit)   protocol: (Enumerable)   ]
14:24:43.720 [info] Emitting Completions: [9:EEx 9:Elixir 9:Enum 9:Enumerable 9:ExUnit 9:Exception ]
14:24:43.721 [debug] handled request client -> server textDocument/completion in 63ms
14:24:43.936 [debug] handled notification client -> server textDocument/didChange in 1ms
14:24:43.987 [debug] Node port message: 
14:24:43.987 [info] Plugins found 0 results in 0.011 ms

14:24:43.990 [debug] sent notification server -> client textDocument/publishDiagnostics
14:24:44.138 [debug] handled notification client -> server textDocument/didChange in 1ms
14:24:44.189 [debug] Node port message: 
14:24:44.189 [info] Plugins found 0 results in 0.01 ms

14:24:44.193 [debug] sent notification server -> client textDocument/publishDiagnostics
14:24:44.287 [debug] handled notification client -> server textDocument/didChange in 1ms
14:24:44.340 [debug] Node port message: 
14:24:44.339 [info] Plugins found 0 results in 0.009 ms

14:24:44.342 [debug] sent notification server -> client textDocument/publishDiagnostics
14:24:44.495 [debug] handled notification client -> server textDocument/didChange in 1ms
14:24:44.546 [debug] Node port message: 
14:24:44.546 [info] Plugins found 0 results in 0.007 ms

14:24:44.551 [debug] sent notification server -> client textDocument/publishDiagnostics
14:24:44.656 [debug] handled notification client -> server textDocument/didChange in 1ms
14:24:44.708 [debug] Node port message: 
14:24:44.708 [info] Plugins found 0 results in 0.008 ms

14:24:44.710 [debug] sent notification server -> client textDocument/publishDiagnostics
14:24:44.806 [debug] handled notification client -> server textDocument/didChange in 870µs
14:24:44.857 [debug] Node port message: 
14:24:44.857 [info] Plugins found 0 results in 0.009 ms

14:24:44.859 [debug] sent notification server -> client textDocument/publishDiagnostics
14:24:45.180 [debug] handled notification client -> server textDocument/didChange in 1ms
14:24:45.276 [debug] sent notification server -> client textDocument/publishDiagnostics
14:24:45.277 [debug] Node port message: 
14:24:45.277 [info] Plugins found 0 results in 0.014 ms

14:24:45.867 [debug] handled notification client -> server textDocument/didSave in 595µs
14:24:45.918 [debug] sent request server -> client window/workDoneProgress/create
14:24:45.918 [debug] Node port message: 
14:24:45.917 [info] Building petri

14:24:45.918 [debug] Node port message: 
14:24:45.918 [debug] sent request server -> client window/workDoneProgress/create

14:24:45.918 [debug] sent notification server -> client $/progress
14:24:45.918 [debug] Node port message: 
14:24:45.918 [debug] sent notification server -> client $/progress

14:24:45.918 [debug] sent notification server -> client $/progress
14:24:45.919 [debug] Node port message: 
14:24:45.918 [debug] sent notification server -> client $/progress

14:24:45.933 [debug] Node port message: Compiling 1 file (.ex)

14:24:45.941 [debug] Node port message:     warning: variable "b" is unused (if the variable is not meant to be used, prefix it with an underscore)
    â
 39 â   |> Enum.filter(fn [_a, b] -> b = n end )
    â                          ~
    â
    ââ lib/petri.ex:39:26: Example.preset/2


14:24:45.941 [debug] Node port message:     warning: variable "b" is unused (there is a variable with the same name in the context, use the pin operator (^) to match on it or prefix this variable with underscore if it is not meant to be used)
    â
 39 â   |> Enum.filter(fn [_a, b] -> b = n end )
    â                                ~
    â
    ââ lib/petri.ex:39:32: Example.preset/2


14:24:45.942 [debug] Node port message:     warning: variable "a" is unused (if the variable is not meant to be used, prefix it with an underscore)
    â
 46 â   |> Enum.filter(fn [a, _b] -> a = n end )
    â                      ~
    â
    ââ lib/petri.ex:46:22: Example.postset/2


14:24:45.943 [debug] Node port message:     warning: variable "a" is unused (there is a variable with the same name in the context, use the pin operator (^) to match on it or prefix this variable with underscore if it is not meant to be used)
    â
 46 â   |> Enum.filter(fn [a, _b] -> a = n end )
    â                                ~
    â
    ââ lib/petri.ex:46:32: Example.postset/2


14:24:45.955 [debug] sent notification server -> client $/progress
14:24:45.956 [debug] Node port message:     warning: MapSet.subset/2 is undefined or private. Did you mean:

          * subset?/2

    â
 53 â   MapSet.subset(preset(f, n), m)
    â          ~
    â
    ââ lib/petri.ex:53:10: Example.is_enabled/3


14:24:45.956 [debug] Node port message: 
14:24:45.955 [debug] sent notification server -> client $/progress

14:24:45.959 [debug] Node port message: Generated petri app

14:24:45.967 [debug] Node port message: 
14:24:45.967 [info] Compile completed with status ok Produced 5 diagnostics [%Mix.Task.Compiler.Diagnostic{file: "/home/alguien/Projects/elixir/petri/lib/petri.ex", source: "/home/alguien/Projects/elixir/petri/lib/petri.ex", severity: :warning, message: "MapSet.subset/2 is undefined or private. Did you mean:\n\n      * subset?/2\n", position: {53, 10}, compiler_name: "Elixir", span: nil, details: nil, stacktrace: [{Example, :is_enabled, 3, [file: ~c"lib/petri.ex", end_of_expression: [newlines: 1, line: 53, column: 33], closing: [line: 53, column: 32], line: 53, column: 10]}]}, %Mix.Task.Compiler.Diagnostic{file: "/home/alguien/Projects/elixir/petri/lib/petri.ex", source: "/home/alguien/Projects/elixir/petri/lib/petri.ex", severity: :warning, message: "variable \"b\" is unused (if the variable is not meant to be used, prefix it with an underscore)", position: {39, 26}, compiler_name: "Elixir", span: nil, details: nil, stacktrace: [{Example, :preset, 2, [file: "lib/petri.ex", column: 26, line: 39]}]}, %Mix.Task.Compiler.Diagnostic{file: "/home/alguien/Projects/elixir/petri/lib/petri.ex", source: "/home/alguien/Projects/elixir/petri/lib/petri.ex", severity: :warning, message: "variable \"b\" is unused (there is a variable with the same name in the context, use the pin operator (^) to match on it or prefix this variable with underscore if it is not meant to be used)", position: {39, 32}, compiler_name: "Elixir", span: nil, details: nil, stacktrace: [{Example, :preset, 2, [file: "lib/petri.ex", column: 32, line: 39]}]}, %Mix.Task.Compiler.Diagnostic{file: "/home/alguien/Projects/elixir/petri/lib/petri.ex", source: "/home/alguien/Projects/elixir/petri/lib/petri.ex", severity: :warning, message: "variable \"a\" is unused (if the variable is not meant to be used, prefix it with an underscore)", position: {46, 22}, compiler_name: "Elixir", span: nil, details: nil, stacktrace: [{Example, :postset, 2, [file: "lib/petri.ex", column: 22, line: 46]}]}, %Mix.Task.Compiler.Diagnostic{file: "/home/alguien/Projects/elixir/petri/lib/petri.ex", source: "/home/alguien/Projects/elixir/petri/lib/petri.ex", severity: :warning, message: "variable \"a\" is unused (there is a variable with the same name in the context, use the pin operator (^) to match on it or prefix this variable with underscore if it is not meant to be used)", position: {46, 32}, compiler_name: "Elixir", span: nil, details: nil, stacktrace: [{Example, :postset, 2, [file: "lib/petri.ex", column: 32, line: 46]}]}]

14:24:45.967 [debug] sent notification server -> client $/progress
14:24:45.967 [info] Compiled petri in 50 ms
14:24:45.968 [debug] Node port message: 
14:24:45.967 [info] Plugins found 0 results in 0.011 ms

14:24:45.967 [debug] sent notification server -> client $/progress

14:24:45.968 [debug] sent notification server -> client textDocument/publishDiagnostics
14:24:54.034 [debug] handled notification client -> server textDocument/didChange in 1ms
14:24:54.086 [debug] Node port message: 
14:24:54.086 [info] Plugins found 0 results in 0.007 ms

14:24:54.088 [debug] sent notification server -> client textDocument/publishDiagnostics
14:24:54.439 [debug] handled notification client -> server textDocument/didChange in 1ms
14:24:54.538 [debug] sent notification server -> client textDocument/publishDiagnostics
14:24:54.538 [debug] Node port message: 
14:24:54.538 [info] Plugins found 0 results in 0.011 ms

14:24:55.219 [debug] handled notification client -> server textDocument/didSave in 620µs
14:24:55.270 [debug] Node port message: 
14:24:55.270 [info] Building petri

14:24:55.271 [debug] sent request server -> client window/workDoneProgress/create
14:24:55.271 [debug] Node port message: 
14:24:55.271 [debug] sent request server -> client window/workDoneProgress/create

14:24:55.272 [debug] sent notification server -> client $/progress
14:24:55.272 [debug] sent notification server -> client $/progress
14:24:55.272 [debug] Node port message: 
14:24:55.272 [debug] sent notification server -> client $/progress

14:24:55.272 [debug] Node port message: 
14:24:55.272 [debug] sent notification server -> client $/progress

14:24:55.285 [debug] Node port message: Compiling 1 file (.ex)

14:24:55.290 [debug] Node port message:     warning: variable "b" is unused (if the variable is not meant to be used, prefix it with an underscore)
    â
 39 â   |> Enum.filter(fn [_a, b] -> b = n end )
    â                          ~
    â
    ââ (petri 0.1.0) lib/petri.ex:39:26: Petri.preset/2


14:24:55.290 [debug] Node port message:     warning: variable "b" is unused (there is a variable with the same name in the context, use the pin operator (^) to match on it or prefix this variable with underscore if it is not meant to be used)
    â
 39 â   |> Enum.filter(fn [_a, b] -> b = n end )
    â                                ~
    â
    ââ (petri 0.1.0) lib/petri.ex:39:32: Petri.preset/2


14:24:55.291 [debug] Node port message:     warning: variable "a" is unused (if the variable is not meant to be used, prefix it with an underscore)
    â
 46 â   |> Enum.filter(fn [a, _b] -> a = n end )
    â                      ~
    â
    ââ (petri 0.1.0) lib/petri.ex:46:22: Petri.postset/2


14:24:55.291 [debug] Node port message:     warning: variable "a" is unused (there is a variable with the same name in the context, use the pin operator (^) to match on it or prefix this variable with underscore if it is not meant to be used)
    â
 46 â   |> Enum.filter(fn [a, _b] -> a = n end )
    â                                ~
    â
    ââ (petri 0.1.0) lib/petri.ex:46:32: Petri.postset/2


14:24:55.303 [debug] sent notification server -> client $/progress
14:24:55.304 [debug] Node port message: 
14:24:55.303 [debug] sent notification server -> client $/progress

14:24:55.304 [debug] Node port message:     warning: MapSet.subset/2 is undefined or private. Did you mean:

          * subset?/2

    â
 53 â   MapSet.subset(preset(f, n), m)
    â          ~
    â
    ââ (petri 0.1.0) lib/petri.ex:53:10: Petri.is_enabled/3


14:24:55.311 [debug] Node port message: Generated petri app

14:24:55.314 [debug] Node port message: 
14:24:55.313 [info] Compile completed with status ok Produced 5 diagnostics [%Mix.Task.Compiler.Diagnostic{file: "/home/alguien/Projects/elixir/petri/lib/petri.ex", source: "/home/alguien/Projects/elixir/petri/lib/petri.ex", severity: :warning, message: "MapSet.subset/2 is undefined or private. Did you mean:\n\n      * subset?/2\n", position: {53, 10}, compiler_name: "Elixir", span: nil, details: nil, stacktrace: [{Petri, :is_enabled, 3, [file: ~c"lib/petri.ex", end_of_expression: [newlines: 1, line: 53, column: 33], closing: [line: 53, column: 32], line: 53, column: 10]}]}, %Mix.Task.Compiler.Diagnostic{file: "/home/alguien/Projects/elixir/petri/lib/petri.ex", source: "/home/alguien/Projects/elixir/petri/lib/petri.ex", severity: :warning, message: "variable \"b\" is unused (if the variable is not meant to be used, prefix it with an underscore)", position: {39, 26}, compiler_name: "Elixir", span: nil, details: nil, stacktrace: [{Petri, :preset, 2, [file: "lib/petri.ex", column: 26, line: 39]}]}, %Mix.Task.Compiler.Diagnostic{file: "/home/alguien/Projects/elixir/petri/lib/petri.ex", source: "/home/alguien/Projects/elixir/petri/lib/petri.ex", severity: :warning, message: "variable \"b\" is unused (there is a variable with the same name in the context, use the pin operator (^) to match on it or prefix this variable with underscore if it is not meant to be used)", position: {39, 32}, compiler_name: "Elixir", span: nil, details: nil, stacktrace: [{Petri, :preset, 2, [file: "lib/petri.ex", column: 32, line: 39]}]}, %Mix.Task.Compiler.Diagnostic{file: "/home/alguien/Projects/elixir/petri/lib/petri.ex", source: "/home/alguien/Projects/elixir/petri/lib/petri.ex", severity: :warning, message: "variable \"a\" is unused (if the variable is not meant to be used, prefix it with an underscore)", position: {46, 22}, compiler_name: "Elixir", span: nil, details: nil, stacktrace: [{Petri, :postset, 2, [file: "lib/petri.ex", column: 22, line: 46]}]}, %Mix.Task.Compiler.Diagnostic{file: "/home/alguien/Projects/elixir/petri/lib/petri.ex", source: "/home/alguien/Projects/elixir/petri/lib/petri.ex", severity: :warning, message: "variable \"a\" is unused (there is a variable with the same name in the context, use the pin operator (^) to match on it or prefix this variable with underscore if it is not meant to be used)", position: {46, 32}, compiler_name: "Elixir", span: nil, details: nil, stacktrace: [{Petri, :postset, 2, [file: "lib/petri.ex", column: 32, line: 46]}]}]

14:24:55.314 [debug] sent notification server -> client $/progress
14:24:55.314 [info] Compiled petri in 44 ms
14:24:55.315 [debug] Node port message: 
14:24:55.314 [info] Plugins found 0 results in 0.008 ms

14:24:55.314 [debug] sent notification server -> client $/progress

14:24:55.315 [debug] sent notification server -> client textDocument/publishDiagnostics
14:25:00.452 [debug] handled notification client -> server textDocument/didSave in 943µs
14:25:00.454 [debug] sent notification server -> client window/logMessage
14:25:00.454 [info] Shutting down
14:25:00.454 [debug] handled request client -> server shutdown in 1ms
14:25:00.465 [warning] Received an Exit notification. Halting the server in 150ms
14:25:53.822 [debug] Child {XPLoggerFileBackend, :general_log} of Supervisor Logger.Backends.Supervisor started
Pid: #PID<0.103.0>
Start Call: Logger.Backends.Watcher.start_link({{XPLoggerFileBackend, :general_log}, {XPLoggerFileBackend, :general_log}})
Restart: :transient
Shutdown: 5000
Type: :worker
14:25:53.822 [info] Child Logger.Backends.Supervisor of Supervisor Logger.Backends.Internal started
Pid: #PID<0.102.0>
Start Call: Logger.Backends.Supervisor.start_link([{XPLoggerFileBackend, :general_log}])
Restart: :permanent
Shutdown: :infinity
Type: :supervisor
14:25:53.822 [info] Child Logger.Backends.Internal of Supervisor Logger.Supervisor started
Pid: #PID<0.98.0>
Start Call: Logger.Backends.Internal.start_link([])
Restart: :permanent
Shutdown: :infinity
Type: :supervisor
14:25:53.822 [info] Application logger started at :nonode@nohost
14:25:53.822 [info] Application xp_mime started at :nonode@nohost
14:25:53.822 [info] Application xp_hpax started at :nonode@nohost
14:25:53.822 [info] Application crypto started at :nonode@nohost
14:25:53.822 [info] Application asn1 started at :nonode@nohost
14:25:53.822 [info] Application public_key started at :nonode@nohost
14:25:53.824 [debug] Child :ssl_handler of Supervisor :logger_sup started
Pid: #PID<0.108.0>
Start Call: :logger_olp.start_link(:logger_std_h_ssl_handler, :logger_h_common, %{id: :ssl_handler, module: :logger_std_h, config: %{type: :standard_io, filesync_repeat_interval: :no_repeat}, level: :debug, filters: [], formatter: {:ssl_logger, %{}}, filter_default: :stop}, %{})
Restart: :temporary
Shutdown: 2000
Type: :worker
14:25:53.827 [info] Child :ssl_pem_cache of Supervisor :ssl_admin_sup started
Pid: #PID<0.112.0>
Start Call: :ssl_pem_cache.start_link([])
Restart: :permanent
Shutdown: 4000
Type: :worker
14:25:53.829 [info] Child :ssl_manager of Supervisor :ssl_admin_sup started
Pid: #PID<0.113.0>
Start Call: :ssl_manager.start_link([])
Restart: :permanent
Shutdown: 4000
Type: :worker
14:25:53.830 [info] Child :tls_client_ticket_store of Supervisor :ssl_admin_sup started
Pid: #PID<0.114.0>
Start Call: :tls_client_ticket_store.start_link(1000, 7200)
Restart: :permanent
Shutdown: 4000
Type: :worker
14:25:53.830 [info] Child :ssl_admin_sup of Supervisor :ssl_sup started
Pid: #PID<0.111.0>
Start Call: :ssl_admin_sup.start_link()
Restart: :permanent
Shutdown: 4000
Type: :supervisor
14:25:53.832 [info] Child :tls_connection_sup of Supervisor :tls_sup started
Pid: #PID<0.117.0>
Start Call: :tls_connection_sup.start_link()
Restart: :permanent
Shutdown: 4000
Type: :supervisor
14:25:53.833 [info] Child :ssl_listen_tracker_sup of Supervisor :tls_server_sup started
Pid: #PID<0.119.0>
Start Call: :ssl_listen_tracker_sup.start_link()
Restart: :permanent
Shutdown: 4000
Type: :supervisor
14:25:53.833 [info] Child :tls_server_session_ticket of Supervisor :tls_server_sup started
Pid: #PID<0.120.0>
Start Call: :tls_server_session_ticket_sup.start_link()
Restart: :permanent
Shutdown: 4000
Type: :supervisor
14:25:53.834 [info] Child :ssl_server_session_cache_sup of Supervisor :tls_server_sup started
Pid: #PID<0.121.0>
Start Call: :ssl_server_session_cache_sup.start_link()
Restart: :permanent
Shutdown: 4000
Type: :supervisor
14:25:53.835 [info] Child :ssl_upgrade_server_session_cache_sup of Supervisor :tls_server_sup started
Pid: #PID<0.122.0>
Start Call: :ssl_upgrade_server_session_cache_sup.start_link()
Restart: :permanent
Shutdown: 4000
Type: :supervisor
14:25:53.835 [info] Child :tls_server_sup of Supervisor :tls_sup started
Pid: #PID<0.118.0>
Start Call: :tls_server_sup.start_link()
Restart: :permanent
Shutdown: 4000
Type: :supervisor
14:25:53.835 [info] Child :tls_sup of Supervisor :ssl_connection_sup started
Pid: #PID<0.116.0>
Start Call: :tls_sup.start_link()
Restart: :permanent
Shutdown: 4000
Type: :supervisor
14:25:53.836 [info] Child :dtls_connection_sup of Supervisor :dtls_sup started
Pid: #PID<0.124.0>
Start Call: :dtls_connection_sup.start_link()
Restart: :permanent
Shutdown: 4000
Type: :supervisor
14:25:53.837 [info] Child :dtls_listener_sup of Supervisor :dtls_server_sup started
Pid: #PID<0.126.0>
Start Call: :dtls_listener_sup.start_link()
Restart: :permanent
Shutdown: 4000
Type: :supervisor
14:25:53.837 [info] Child :dtls_server_session_cache_sup of Supervisor :dtls_server_sup started
Pid: #PID<0.127.0>
Start Call: :dtls_server_session_cache_sup.start_link()
Restart: :permanent
Shutdown: 4000
Type: :supervisor
14:25:53.837 [info] Child :dtls_server_sup of Supervisor :dtls_sup started
Pid: #PID<0.125.0>
Start Call: :dtls_server_sup.start_link()
Restart: :permanent
Shutdown: 4000
Type: :supervisor
14:25:53.838 [info] Child :dtls_sup of Supervisor :ssl_connection_sup started
Pid: #PID<0.123.0>
Start Call: :dtls_sup.start_link()
Restart: :permanent
Shutdown: 4000
Type: :supervisor
14:25:53.838 [info] Child :ssl_connection_sup of Supervisor :ssl_sup started
Pid: #PID<0.115.0>
Start Call: :ssl_connection_sup.start_link()
Restart: :permanent
Shutdown: 4000
Type: :supervisor
14:25:53.838 [info] Application ssl started at :nonode@nohost
14:25:53.838 [info] Application xp_mint started at :nonode@nohost
14:25:53.839 [info] Application xp_nimble_options started at :nonode@nohost
14:25:53.841 [info] Child XPNimblePool.TaskSupervisor of Supervisor #PID<0.133.0> (Supervisor.Default) started
Pid: #PID<0.134.0>
Start Call: Task.Supervisor.start_link([name: XPNimblePool.TaskSupervisor])
Restart: :permanent
Shutdown: :infinity
Type: :supervisor
14:25:53.841 [info] Application xp_nimble_pool started at :nonode@nohost
14:25:53.843 [info] Child :telemetry_handler_table of Supervisor :telemetry_sup started
Pid: #PID<0.138.0>
Start Call: :telemetry_handler_table.start_link()
Restart: :permanent
Shutdown: 5000
Type: :worker
14:25:53.843 [info] Application xp_telemetry started at :nonode@nohost
14:25:53.843 [info] Application xp_finch started at :nonode@nohost
14:25:53.859 [info] Child XPReq.Finch.PIDPartition0 of Supervisor XPReq.Finch started
Pid: #PID<0.144.0>
Start Call: Registry.Partition.start_link(XPReq.Finch.PIDPartition0, {:duplicate, XPReq.Finch, 0, 1, XPReq.Finch.KeyPartition0, XPReq.Finch.PIDPartition0, [], false})
Restart: :permanent
Shutdown: 5000
Type: :worker
14:25:53.859 [info] Child XPReq.Finch of Supervisor XPReq.Finch.Supervisor started
Pid: #PID<0.143.0>
Start Call: Registry.start_link([keys: :duplicate, name: XPReq.Finch, meta: [config: %{pools: %{}, registry_name: XPReq.Finch, supervisor_name: XPReq.Finch.PoolSupervisor, manager_name: XPReq.Finch.PoolManager, default_pool_config: %{count: 1, size: 50, mod: XPFinch.HTTP1.Pool, conn_opts: [protocols: [:http1], transport_opts: [keepalive: true, nodelay: true, timeout: 5000], ssl_key_log_file_device: nil], pool_max_idle_time: :infinity, conn_max_idle_time: :infinity, start_pool_metrics?: false}}]])
Restart: :permanent
Shutdown: :infinity
Type: :supervisor
14:25:53.859 [info] Child XPReq.Finch.PoolSupervisor of Supervisor XPReq.Finch.Supervisor started
Pid: #PID<0.145.0>
Start Call: DynamicSupervisor.start_link([name: XPReq.Finch.PoolSupervisor, strategy: :one_for_one])
Restart: :permanent
Shutdown: :infinity
Type: :supervisor
14:25:53.859 [info] Child XPFinch.PoolManager of Supervisor XPReq.Finch.Supervisor started
Pid: #PID<0.146.0>
Start Call: XPFinch.PoolManager.start_link(%{pools: %{}, registry_name: XPReq.Finch, supervisor_name: XPReq.Finch.PoolSupervisor, manager_name: XPReq.Finch.PoolManager, default_pool_config: %{count: 1, size: 50, mod: XPFinch.HTTP1.Pool, conn_opts: [protocols: [:http1], transport_opts: [keepalive: true, nodelay: true, timeout: 5000], ssl_key_log_file_device: nil], pool_max_idle_time: :infinity, conn_max_idle_time: :infinity, start_pool_metrics?: false}})
Restart: :permanent
Shutdown: 5000
Type: :worker
14:25:53.860 [info] Child XPReq.Finch of Supervisor #PID<0.141.0> (Supervisor.Default) started
Pid: #PID<0.142.0>
Start Call: XPFinch.start_link([name: XPReq.Finch, pools: %{default: [protocols: [:http1]]}])
Restart: :permanent
Shutdown: 5000
Type: :worker
14:25:53.860 [info] Child XPReq.FinchSupervisor of Supervisor #PID<0.141.0> (Supervisor.Default) started
Pid: #PID<0.147.0>
Start Call: DynamicSupervisor.start_link([strategy: :one_for_one, name: XPReq.FinchSupervisor])
Restart: :permanent
Shutdown: :infinity
Type: :supervisor
14:25:53.860 [info] Child XPReq.Test.Ownership of Supervisor #PID<0.141.0> (Supervisor.Default) started
Pid: #PID<0.148.0>
Start Call: XPReq.Test.Ownership.start_link([name: XPReq.Test.Ownership])
Restart: :permanent
Shutdown: 5000
Type: :worker
14:25:53.860 [info] Application xp_req started at :nonode@nohost
14:25:53.860 [info] Application burrito started at :nonode@nohost
14:25:53.863 [info] Child XPBriefly.Entry of Supervisor XPBriefly.Supervisor started
Pid: #PID<0.152.0>
Start Call: XPBriefly.Entry.start_link([])
Restart: :permanent
Shutdown: 5000
Type: :worker
14:25:53.863 [info] Application xp_briefly started at :nonode@nohost
14:25:53.863 [info] Application xp_schematic started at :nonode@nohost
14:25:53.863 [info] Application xp_typed_struct started at :nonode@nohost
14:25:53.863 [info] Application xp_gen_lsp started at :nonode@nohost
14:25:53.870 [info] Child XPSnowflake.Generator of Supervisor #PID<0.155.0> (Supervisor.Default) started
Pid: #PID<0.156.0>
Start Call: XPSnowflake.Generator.start_link(0, 1023)
Restart: :permanent
Shutdown: 5000
Type: :worker
14:25:53.871 [info] Application xp_snowflake started at :nonode@nohost
14:25:53.871 [info] Application xp_sourceror started at :nonode@nohost
14:25:53.871 [info] Application xp_spitfire started at :nonode@nohost
14:25:53.871 [info] Application xp_forge started at :nonode@nohost
14:25:53.871 [info] Application xp_logger_file_backend started at :nonode@nohost
14:25:53.875 [info] Child :ttb_autostart of Supervisor :runtime_tools_sup started
Pid: #PID<0.160.0>
Start Call: :ttb_autostart.start_link()
Restart: :temporary
Shutdown: 3000
Type: :worker
14:25:53.875 [info] Application runtime_tools started at :nonode@nohost
14:25:53.875 [info] Application et started at :nonode@nohost
14:25:53.875 [info] Application observer started at :nonode@nohost
14:25:53.875 [info] Application xp_path_glob started at :nonode@nohost
14:25:53.885 [info] Starting NodePortMapper on nonode@nohost
14:25:53.885 [info] Child XPForge.NodePortMapper of Supervisor XPExpert.Supervisor started
Pid: #PID<0.164.0>
Start Call: XPForge.NodePortMapper.start_link([])
Restart: :permanent
Shutdown: 5000
Type: :worker
14:25:53.887 [info] Child XPForge.Document.Store of Supervisor XPExpert.Supervisor started
Pid: #PID<0.165.0>
Start Call: XPForge.Document.Store.start_link([derive: [analysis: &XPForge.Ast.analyze/1]])
Restart: :permanent
Shutdown: 5000
Type: :worker
14:25:53.888 [info] Child XPExpert.ProjectSupervisor of Supervisor XPExpert.Supervisor started
Pid: #PID<0.166.0>
Start Call: DynamicSupervisor.start_link([name: XPExpert.ProjectSupervisor, strategy: :one_for_one])
Restart: :permanent
Shutdown: :infinity
Type: :supervisor
14:25:53.888 [info] Child XPExpert.DynamicSupervisor of Supervisor XPExpert.Supervisor started
Pid: #PID<0.167.0>
Start Call: DynamicSupervisor.start_link([name: XPExpert.DynamicSupervisor])
Restart: :permanent
Shutdown: :infinity
Type: :supervisor
14:25:53.889 [info] Child XPGenLSP.Assigns of Supervisor XPExpert.Supervisor started
Pid: #PID<0.168.0>
Start Call: XPGenLSP.Assigns.start_link([name: XPExpert.Assigns])
Restart: :permanent
Shutdown: 5000
Type: :worker
14:25:53.889 [info] Child :expert_task_queue of Supervisor XPExpert.Supervisor started
Pid: #PID<0.169.0>
Start Call: Task.Supervisor.start_link([name: :expert_task_queue])
Restart: :permanent
Shutdown: :infinity
Type: :supervisor
14:25:53.890 [info] Child XPGenLSP.Buffer of Supervisor XPExpert.Supervisor started
Pid: #PID<0.170.0>
Start Call: XPGenLSP.Buffer.start_link([name: XPExpert.Buffer])
Restart: :permanent
Shutdown: 5000
Type: :worker
14:25:53.890 [info] Child XPExpert.ActiveProjects of Supervisor XPExpert.Supervisor started
Pid: #PID<0.171.0>
Start Call: XPExpert.ActiveProjects.start_link()
Restart: :permanent
Shutdown: 5000
Type: :worker
14:25:53.891 [debug] [name: XPExpert, buffer: XPExpert.Buffer, task_supervisor: :expert_task_queue, dynamic_supervisor: XPExpert.DynamicSupervisor, assigns: XPExpert.Assigns]
14:25:53.895 [info] Child XPExpert of Supervisor XPExpert.Supervisor started
Pid: #PID<0.172.0>
Start Call: XPExpert.start_link([name: XPExpert, buffer: XPExpert.Buffer, task_supervisor: :expert_task_queue, dynamic_supervisor: XPExpert.DynamicSupervisor, assigns: XPExpert.Assigns])
Restart: :permanent
Shutdown: 500
Type: :worker
14:25:53.895 [info] Application xp_expert started at :nonode@nohost
14:25:54.007 [debug] handled request client -> server initialize in 102ms
14:25:54.011 [info] Server initialized, registering capabilities
14:25:54.013 [debug] sent request server -> client client/registerCapability
14:25:54.022 [info] [Project file:///home/alguien/Projects/elixir/petri] Starting project
14:25:54.022 [debug] handled notification client -> server initialized in 13ms
14:25:54.023 [debug] sent notification server -> client window/logMessage
14:25:54.033 [info] Child {XPExpert.EngineSupervisor, "petri"} of Supervisor :"petri::supervisor" started
Pid: #PID<0.178.0>
Start Call: XPExpert.EngineSupervisor.start_link(%XPForge.Project{root_uri: "file:///home/alguien/Projects/elixir/petri", mix_exs_uri: "file:///home/alguien/Projects/elixir/petri/mix.exs", mix_project?: true, mix_env: nil, mix_target: nil, env_variables: %{}, project_module: nil, entropy: 8224})
Restart: :permanent
Shutdown: 5000
Type: :worker
14:25:54.035 [info] Opened file:///home/alguien/Projects/elixir/petri/test/petri_test.exs
14:25:54.035 [debug] handled notification client -> server textDocument/didOpen in 12ms
14:25:54.036 [debug] sent request server -> client window/workDoneProgress/create
14:25:54.038 [debug] sent notification server -> client $/progress
14:25:54.045 [info] Child XPForge.EPMD of Supervisor :net_sup started
Pid: #PID<0.181.0>
Start Call: XPForge.EPMD.start_link()
Restart: :permanent
Shutdown: 2000
Type: :worker
14:25:54.047 [info] Child :auth of Supervisor :net_sup started
Pid: #PID<0.182.0>
Start Call: :auth.start_link()
Restart: :permanent
Shutdown: 2000
Type: :worker
14:25:54.050 [info] Child :net_kernel of Supervisor :net_sup started
Pid: #PID<0.183.0>
Start Call: :net_kernel.start_link(%{name: :"expert-manager-petri-8224@127.0.0.1", supervisor: :net_sup_dynamic, net_tickintensity: 4, net_ticktime: 60, name_domain: :longnames, clean_halt: false})
Restart: :permanent
Shutdown: 2000
Type: :worker
14:25:54.050 [debug] Child :net_sup_dynamic of Supervisor :kernel_sup started
Pid: #PID<0.180.0>
Start Call: :erl_distribution.start_link(%{name: :"expert-manager-petri-8224@127.0.0.1", supervisor: :net_sup_dynamic, net_tickintensity: 4, net_ticktime: 60, name_domain: :longnames, clean_halt: false})
Restart: :permanent
Shutdown: 1000
Type: :supervisor
14:25:54.055 [info] [Project file:///home/alguien/Projects/elixir/petri] Found elixir executable at /usr/bin/elixir
14:25:54.055 [debug] sent notification server -> client window/logMessage
14:25:54.055 [info] [Project file:///home/alguien/Projects/elixir/petri] Finding or building engine
14:25:54.055 [debug] sent notification server -> client window/logMessage
14:25:54.055 [debug] sent request server -> client window/workDoneProgress/create
14:25:54.056 [debug] sent notification server -> client $/progress
14:25:55.519 [debug] handled notification client -> server textDocument/didChange in 9ms
14:25:55.854 [debug] Building engine: Namespacing 4 files:
  New: 4
  Changed: 0
  Deleted: 4


14:25:55.857 [debug] Building engine: Rewriting 0 app files

14:25:55.861 [debug] Building engine: Rewriting .beam files

14:25:55.862 [debug] Building engine:  Found 0 protocols

14:25:55.862 [debug] Building engine:  Found 0 app beam files

14:25:55.862 [debug] Building engine: Finished namespacing .beam files

14:25:55.863 [debug] Building engine: Rewriting 0 scripts

14:25:55.864 [debug] Building engine: Rebuilding 0 boot files

14:25:55.865 [debug] Building engine: Rewriting 0 config scripts.

14:25:55.867 [info] Engine build available at: /home/alguien/.local/share/Expert/0.1.0-59489c7/elixir-1.18.3-erts-15.2.7/f831d17565b699184bd04f88e3bdce7b/_build/dev_ns
14:25:55.935 [info] ebin paths:
["/home/alguien/.local/share/Expert/0.1.0-59489c7/elixir-1.18.3-erts-15.2.7/f831d17565b699184bd04f88e3bdce7b/_build/dev_ns/lib/patch/ebin",
 "/home/alguien/.local/share/Expert/0.1.0-59489c7/elixir-1.18.3-erts-15.2.7/f831d17565b699184bd04f88e3bdce7b/_build/dev_ns/lib/xp_briefly/ebin",
 "/home/alguien/.local/share/Expert/0.1.0-59489c7/elixir-1.18.3-erts-15.2.7/f831d17565b699184bd04f88e3bdce7b/_build/dev_ns/lib/xp_bunt/ebin",
 "/home/alguien/.local/share/Expert/0.1.0-59489c7/elixir-1.18.3-erts-15.2.7/f831d17565b699184bd04f88e3bdce7b/_build/dev_ns/lib/xp_credo/ebin",
 "/home/alguien/.local/share/Expert/0.1.0-59489c7/elixir-1.18.3-erts-15.2.7/f831d17565b699184bd04f88e3bdce7b/_build/dev_ns/lib/xp_deps_nix/ebin",
 "/home/alguien/.local/share/Expert/0.1.0-59489c7/elixir-1.18.3-erts-15.2.7/f831d17565b699184bd04f88e3bdce7b/_build/dev_ns/lib/xp_elixir_sense/ebin",
 "/home/alguien/.local/share/Expert/0.1.0-59489c7/elixir-1.18.3-erts-15.2.7/f831d17565b699184bd04f88e3bdce7b/_build/dev_ns/lib/xp_engine/ebin",
 "/home/alguien/.local/share/Expert/0.1.0-59489c7/elixir-1.18.3-erts-15.2.7/f831d17565b699184bd04f88e3bdce7b/_build/dev_ns/lib/xp_file_system/ebin",
 "/home/alguien/.local/share/Expert/0.1.0-59489c7/elixir-1.18.3-erts-15.2.7/f831d17565b699184bd04f88e3bdce7b/_build/dev_ns/lib/xp_forge/ebin",
 "/home/alguien/.local/share/Expert/0.1.0-59489c7/elixir-1.18.3-erts-15.2.7/f831d17565b699184bd04f88e3bdce7b/_build/dev_ns/lib/xp_gen_lsp/ebin",
 "/home/alguien/.local/share/Expert/0.1.0-59489c7/elixir-1.18.3-erts-15.2.7/f831d17565b699184bd04f88e3bdce7b/_build/dev_ns/lib/xp_hpax/ebin",
 "/home/alguien/.local/share/Expert/0.1.0-59489c7/elixir-1.18.3-erts-15.2.7/f831d17565b699184bd04f88e3bdce7b/_build/dev_ns/lib/xp_jason/ebin",
 "/home/alguien/.local/share/Expert/0.1.0-59489c7/elixir-1.18.3-erts-15.2.7/f831d17565b699184bd04f88e3bdce7b/_build/dev_ns/lib/xp_mint/ebin",
 "/home/alguien/.local/share/Expert/0.1.0-59489c7/elixir-1.18.3-erts-15.2.7/f831d17565b699184bd04f88e3bdce7b/_build/dev_ns/lib/xp_nimble_options/ebin",
 "/home/alguien/.local/share/Expert/0.1.0-59489c7/elixir-1.18.3-erts-15.2.7/f831d17565b699184bd04f88e3bdce7b/_build/dev_ns/lib/xp_nimble_parsec/ebin",
 "/home/alguien/.local/share/Expert/0.1.0-59489c7/elixir-1.18.3-erts-15.2.7/f831d17565b699184bd04f88e3bdce7b/_build/dev_ns/lib/xp_path_glob/ebin",
 "/home/alguien/.local/share/Expert/0.1.0-59489c7/elixir-1.18.3-erts-15.2.7/f831d17565b699184bd04f88e3bdce7b/_build/dev_ns/lib/xp_refactorex/ebin",
 "/home/alguien/.local/share/Expert/0.1.0-59489c7/elixir-1.18.3-erts-15.2.7/f831d17565b699184bd04f88e3bdce7b/_build/dev_ns/lib/xp_schematic/ebin",
 "/home/alguien/.local/share/Expert/0.1.0-59489c7/elixir-1.18.3-erts-15.2.7/f831d17565b699184bd04f88e3bdce7b/_build/dev_ns/lib/xp_snowflake/ebin",
 "/home/alguien/.local/share/Expert/0.1.0-59489c7/elixir-1.18.3-erts-15.2.7/f831d17565b699184bd04f88e3bdce7b/_build/dev_ns/lib/xp_sourceror/ebin",
 "/home/alguien/.local/share/Expert/0.1.0-59489c7/elixir-1.18.3-erts-15.2.7/f831d17565b699184bd04f88e3bdce7b/_build/dev_ns/lib/xp_spitfire/ebin",
 "/home/alguien/.local/share/Expert/0.1.0-59489c7/elixir-1.18.3-erts-15.2.7/f831d17565b699184bd04f88e3bdce7b/_build/dev_ns/lib/xp_telemetry/ebin",
 "/home/alguien/.local/share/Expert/0.1.0-59489c7/elixir-1.18.3-erts-15.2.7/f831d17565b699184bd04f88e3bdce7b/_build/dev_ns/lib/xp_typed_struct/ebin"]
14:25:55.989 [debug] sent notification server -> client $/progress
14:25:55.991 [debug] sent notification server -> client $/progress
14:25:56.415 [debug] sent notification server -> client $/progress
14:25:56.419 [debug] Node port message: ok

14:25:56.693 [debug] Node port message: 
14:25:56.684 [notice] Application mix exited: :stopped

14:25:56.714 [debug] Node port message:     warning: redefining module Petri.MixProject (current version defined in memory)
    â
  1 â defmodule Petri.MixProject do
    â ~~~~~~~~~~~~~~~~~~~~~~~~~~~~~
    â
    ââ /home/alguien/Projects/elixir/petri/mix.exs:1: Petri.MixProject (module)


14:25:56.725 [debug] sent notification server -> client $/progress
14:25:56.725 [debug] sent notification server -> client $/progress
14:25:56.730 [debug] sent notification server -> client $/progress
14:25:56.877 [debug] sent notification server -> client $/progress
14:25:56.877 [debug] sent notification server -> client $/progress
14:25:56.877 [debug] sent notification server -> client $/progress
14:25:56.877 [debug] sent notification server -> client $/progress
14:25:56.877 [debug] sent notification server -> client $/progress
14:25:56.877 [debug] sent notification server -> client $/progress
14:25:56.877 [debug] sent notification server -> client $/progress
14:25:56.877 [debug] sent notification server -> client $/progress
14:25:56.878 [debug] sent notification server -> client $/progress
14:25:56.878 [debug] sent notification server -> client $/progress
14:25:56.878 [debug] sent notification server -> client $/progress
14:25:56.878 [debug] sent notification server -> client $/progress
14:25:56.878 [debug] sent notification server -> client $/progress
14:25:56.878 [debug] sent notification server -> client $/progress
14:25:56.878 [debug] sent notification server -> client $/progress
14:25:56.878 [debug] sent notification server -> client $/progress
14:25:56.878 [debug] sent notification server -> client $/progress
14:25:56.878 [debug] sent notification server -> client $/progress
14:25:56.878 [debug] sent notification server -> client $/progress
14:25:56.878 [debug] sent notification server -> client $/progress
14:25:56.879 [debug] sent notification server -> client $/progress
14:25:56.879 [info] Child {XPExpert.Project.Node, "petri"} of Supervisor :"petri::supervisor" started
Pid: #PID<0.179.0>
Start Call: XPExpert.Project.Node.start_link(%XPForge.Project{root_uri: "file:///home/alguien/Projects/elixir/petri", mix_exs_uri: "file:///home/alguien/Projects/elixir/petri/mix.exs", mix_project?: true, mix_env: nil, mix_target: nil, env_variables: %{}, project_module: nil, entropy: 8224})
Restart: :permanent
Shutdown: 5000
Type: :worker
14:25:56.881 [info] Child {XPExpert.Project.Diagnostics, "petri"} of Supervisor :"petri::supervisor" started
Pid: #PID<0.214.0>
Start Call: XPExpert.Project.Diagnostics.start_link(%XPForge.Project{root_uri: "file:///home/alguien/Projects/elixir/petri", mix_exs_uri: "file:///home/alguien/Projects/elixir/petri/mix.exs", mix_project?: true, mix_env: nil, mix_target: nil, env_variables: %{}, project_module: nil, entropy: 8224})
Restart: :permanent
Shutdown: 5000
Type: :worker
14:25:56.883 [info] Child {XPExpert.Project.Intelligence, "petri"} of Supervisor :"petri::supervisor" started
Pid: #PID<0.215.0>
Start Call: XPExpert.Project.Intelligence.start_link(%XPForge.Project{root_uri: "file:///home/alguien/Projects/elixir/petri", mix_exs_uri: "file:///home/alguien/Projects/elixir/petri/mix.exs", mix_project?: true, mix_env: nil, mix_target: nil, env_variables: %{}, project_module: nil, entropy: 8224})
Restart: :permanent
Shutdown: 5000
Type: :worker
14:25:56.886 [info] Child XPExpert.Project.SearchListener of Supervisor :"petri::supervisor" started
Pid: #PID<0.216.0>
Start Call: XPExpert.Project.SearchListener.start_link(%XPForge.Project{root_uri: "file:///home/alguien/Projects/elixir/petri", mix_exs_uri: "file:///home/alguien/Projects/elixir/petri/mix.exs", mix_project?: true, mix_env: nil, mix_target: nil, env_variables: %{}, project_module: nil, entropy: 8224})
Restart: :permanent
Shutdown: 5000
Type: :worker
14:25:56.886 [info] Project node started for petri
14:25:56.886 [debug] sent notification server -> client window/logMessage
14:25:56.886 [info] [Project file:///home/alguien/Projects/elixir/petri] Engine initialized for project petri
14:25:56.886 [debug] sent notification server -> client window/logMessage
14:25:56.942 [debug] Node port message: 
14:25:56.942 [info] Building petri

14:25:56.942 [debug] sent request server -> client window/workDoneProgress/create
14:25:56.943 [debug] Node port message: 
14:25:56.942 [debug] sent request server -> client window/workDoneProgress/create

14:25:56.943 [debug] sent notification server -> client $/progress
14:25:56.943 [debug] Node port message: 
14:25:56.943 [debug] sent notification server -> client $/progress

14:25:57.004 [debug] sent notification server -> client $/progress
14:25:57.005 [debug] Node port message: 
14:25:57.004 [debug] sent notification server -> client $/progress

14:25:57.773 [debug] handled notification client -> server textDocument/didChange in 10ms
14:25:58.433 [debug] Node port message: * creating /home/alguien/.mix/archives/hex-2.3.2

14:25:58.433 [debug] sent notification server -> client $/progress
14:25:58.433 [debug] Node port message: 
14:25:58.433 [debug] sent notification server -> client $/progress

14:25:58.699 [debug] handled notification client -> server textDocument/didSave in 4ms
14:25:58.700 [debug] sent notification server -> client window/logMessage
14:25:58.700 [info] Shutting down
14:25:58.701 [debug] handled request client -> server shutdown in 1ms
14:25:58.706 [warning] Received an Exit notification. Halting the server in 150ms
14:25:58.708 [debug] Child :timer_server of Supervisor :kernel_sup started
Pid: #PID<0.222.0>
Start Call: :timer.start_link()
Restart: :permanent
Shutdown: 1000
Type: :worker
14:25:58.709 [debug] handled notification client -> server exit in 3ms
14:26:19.350 [debug] Child {XPLoggerFileBackend, :general_log} of Supervisor Logger.Backends.Supervisor started
Pid: #PID<0.103.0>
Start Call: Logger.Backends.Watcher.start_link({{XPLoggerFileBackend, :general_log}, {XPLoggerFileBackend, :general_log}})
Restart: :transient
Shutdown: 5000
Type: :worker
14:26:19.350 [info] Child Logger.Backends.Supervisor of Supervisor Logger.Backends.Internal started
Pid: #PID<0.102.0>
Start Call: Logger.Backends.Supervisor.start_link([{XPLoggerFileBackend, :general_log}])
Restart: :permanent
Shutdown: :infinity
Type: :supervisor
14:26:19.350 [info] Child Logger.Backends.Internal of Supervisor Logger.Supervisor started
Pid: #PID<0.98.0>
Start Call: Logger.Backends.Internal.start_link([])
Restart: :permanent
Shutdown: :infinity
Type: :supervisor
14:26:19.351 [info] Application logger started at :nonode@nohost
14:26:19.351 [info] Application xp_mime started at :nonode@nohost
14:26:19.351 [info] Application xp_hpax started at :nonode@nohost
14:26:19.351 [info] Application crypto started at :nonode@nohost
14:26:19.351 [info] Application asn1 started at :nonode@nohost
14:26:19.351 [info] Application public_key started at :nonode@nohost
14:26:19.353 [debug] Child :ssl_handler of Supervisor :logger_sup started
Pid: #PID<0.108.0>
Start Call: :logger_olp.start_link(:logger_std_h_ssl_handler, :logger_h_common, %{id: :ssl_handler, module: :logger_std_h, config: %{type: :standard_io, filesync_repeat_interval: :no_repeat}, level: :debug, filter_default: :stop, filters: [], formatter: {:ssl_logger, %{}}}, %{})
Restart: :temporary
Shutdown: 2000
Type: :worker
14:26:19.357 [info] Child :ssl_pem_cache of Supervisor :ssl_admin_sup started
Pid: #PID<0.112.0>
Start Call: :ssl_pem_cache.start_link([])
Restart: :permanent
Shutdown: 4000
Type: :worker
14:26:19.359 [info] Child :ssl_manager of Supervisor :ssl_admin_sup started
Pid: #PID<0.113.0>
Start Call: :ssl_manager.start_link([])
Restart: :permanent
Shutdown: 4000
Type: :worker
14:26:19.360 [info] Child :tls_client_ticket_store of Supervisor :ssl_admin_sup started
Pid: #PID<0.114.0>
Start Call: :tls_client_ticket_store.start_link(1000, 7200)
Restart: :permanent
Shutdown: 4000
Type: :worker
14:26:19.360 [info] Child :ssl_admin_sup of Supervisor :ssl_sup started
Pid: #PID<0.111.0>
Start Call: :ssl_admin_sup.start_link()
Restart: :permanent
Shutdown: 4000
Type: :supervisor
14:26:19.362 [info] Child :tls_connection_sup of Supervisor :tls_sup started
Pid: #PID<0.117.0>
Start Call: :tls_connection_sup.start_link()
Restart: :permanent
Shutdown: 4000
Type: :supervisor
14:26:19.364 [info] Child :ssl_listen_tracker_sup of Supervisor :tls_server_sup started
Pid: #PID<0.119.0>
Start Call: :ssl_listen_tracker_sup.start_link()
Restart: :permanent
Shutdown: 4000
Type: :supervisor
14:26:19.364 [info] Child :tls_server_session_ticket of Supervisor :tls_server_sup started
Pid: #PID<0.120.0>
Start Call: :tls_server_session_ticket_sup.start_link()
Restart: :permanent
Shutdown: 4000
Type: :supervisor
14:26:19.365 [info] Child :ssl_server_session_cache_sup of Supervisor :tls_server_sup started
Pid: #PID<0.121.0>
Start Call: :ssl_server_session_cache_sup.start_link()
Restart: :permanent
Shutdown: 4000
Type: :supervisor
14:26:19.366 [info] Child :ssl_upgrade_server_session_cache_sup of Supervisor :tls_server_sup started
Pid: #PID<0.122.0>
Start Call: :ssl_upgrade_server_session_cache_sup.start_link()
Restart: :permanent
Shutdown: 4000
Type: :supervisor
14:26:19.366 [info] Child :tls_server_sup of Supervisor :tls_sup started
Pid: #PID<0.118.0>
Start Call: :tls_server_sup.start_link()
Restart: :permanent
Shutdown: 4000
Type: :supervisor
14:26:19.366 [info] Child :tls_sup of Supervisor :ssl_connection_sup started
Pid: #PID<0.116.0>
Start Call: :tls_sup.start_link()
Restart: :permanent
Shutdown: 4000
Type: :supervisor
14:26:19.368 [info] Child :dtls_connection_sup of Supervisor :dtls_sup started
Pid: #PID<0.124.0>
Start Call: :dtls_connection_sup.start_link()
Restart: :permanent
Shutdown: 4000
Type: :supervisor
14:26:19.369 [info] Child :dtls_listener_sup of Supervisor :dtls_server_sup started
Pid: #PID<0.126.0>
Start Call: :dtls_listener_sup.start_link()
Restart: :permanent
Shutdown: 4000
Type: :supervisor
14:26:19.369 [info] Child :dtls_server_session_cache_sup of Supervisor :dtls_server_sup started
Pid: #PID<0.127.0>
Start Call: :dtls_server_session_cache_sup.start_link()
Restart: :permanent
Shutdown: 4000
Type: :supervisor
14:26:19.370 [info] Child :dtls_server_sup of Supervisor :dtls_sup started
Pid: #PID<0.125.0>
Start Call: :dtls_server_sup.start_link()
Restart: :permanent
Shutdown: 4000
Type: :supervisor
14:26:19.370 [info] Child :dtls_sup of Supervisor :ssl_connection_sup started
Pid: #PID<0.123.0>
Start Call: :dtls_sup.start_link()
Restart: :permanent
Shutdown: 4000
Type: :supervisor
14:26:19.370 [info] Child :ssl_connection_sup of Supervisor :ssl_sup started
Pid: #PID<0.115.0>
Start Call: :ssl_connection_sup.start_link()
Restart: :permanent
Shutdown: 4000
Type: :supervisor
14:26:19.370 [info] Application ssl started at :nonode@nohost
14:26:19.371 [info] Application xp_mint started at :nonode@nohost
14:26:19.371 [info] Application xp_nimble_options started at :nonode@nohost
14:26:19.374 [info] Child XPNimblePool.TaskSupervisor of Supervisor #PID<0.133.0> (Supervisor.Default) started
Pid: #PID<0.134.0>
Start Call: Task.Supervisor.start_link([name: XPNimblePool.TaskSupervisor])
Restart: :permanent
Shutdown: :infinity
Type: :supervisor
14:26:19.374 [info] Application xp_nimble_pool started at :nonode@nohost
14:26:19.376 [info] Child :telemetry_handler_table of Supervisor :telemetry_sup started
Pid: #PID<0.138.0>
Start Call: :telemetry_handler_table.start_link()
Restart: :permanent
Shutdown: 5000
Type: :worker
14:26:19.376 [info] Application xp_telemetry started at :nonode@nohost
14:26:19.376 [info] Application xp_finch started at :nonode@nohost
14:26:19.393 [info] Child XPReq.Finch.PIDPartition0 of Supervisor XPReq.Finch started
Pid: #PID<0.144.0>
Start Call: Registry.Partition.start_link(XPReq.Finch.PIDPartition0, {:duplicate, XPReq.Finch, 0, 1, XPReq.Finch.KeyPartition0, XPReq.Finch.PIDPartition0, [], false})
Restart: :permanent
Shutdown: 5000
Type: :worker
14:26:19.393 [info] Child XPReq.Finch of Supervisor XPReq.Finch.Supervisor started
Pid: #PID<0.143.0>
Start Call: Registry.start_link([keys: :duplicate, name: XPReq.Finch, meta: [config: %{pools: %{}, registry_name: XPReq.Finch, supervisor_name: XPReq.Finch.PoolSupervisor, manager_name: XPReq.Finch.PoolManager, default_pool_config: %{count: 1, size: 50, mod: XPFinch.HTTP1.Pool, conn_opts: [protocols: [:http1], transport_opts: [keepalive: true, nodelay: true, timeout: 5000], ssl_key_log_file_device: nil], pool_max_idle_time: :infinity, conn_max_idle_time: :infinity, start_pool_metrics?: false}}]])
Restart: :permanent
Shutdown: :infinity
Type: :supervisor
14:26:19.393 [info] Child XPReq.Finch.PoolSupervisor of Supervisor XPReq.Finch.Supervisor started
Pid: #PID<0.145.0>
Start Call: DynamicSupervisor.start_link([name: XPReq.Finch.PoolSupervisor, strategy: :one_for_one])
Restart: :permanent
Shutdown: :infinity
Type: :supervisor
14:26:19.393 [info] Child XPFinch.PoolManager of Supervisor XPReq.Finch.Supervisor started
Pid: #PID<0.146.0>
Start Call: XPFinch.PoolManager.start_link(%{pools: %{}, registry_name: XPReq.Finch, supervisor_name: XPReq.Finch.PoolSupervisor, manager_name: XPReq.Finch.PoolManager, default_pool_config: %{count: 1, size: 50, mod: XPFinch.HTTP1.Pool, conn_opts: [protocols: [:http1], transport_opts: [keepalive: true, nodelay: true, timeout: 5000], ssl_key_log_file_device: nil], pool_max_idle_time: :infinity, conn_max_idle_time: :infinity, start_pool_metrics?: false}})
Restart: :permanent
Shutdown: 5000
Type: :worker
14:26:19.393 [info] Child XPReq.Finch of Supervisor #PID<0.141.0> (Supervisor.Default) started
Pid: #PID<0.142.0>
Start Call: XPFinch.start_link([name: XPReq.Finch, pools: %{default: [protocols: [:http1]]}])
Restart: :permanent
Shutdown: 5000
Type: :worker
14:26:19.394 [info] Child XPReq.FinchSupervisor of Supervisor #PID<0.141.0> (Supervisor.Default) started
Pid: #PID<0.147.0>
Start Call: DynamicSupervisor.start_link([strategy: :one_for_one, name: XPReq.FinchSupervisor])
Restart: :permanent
Shutdown: :infinity
Type: :supervisor
14:26:19.394 [info] Child XPReq.Test.Ownership of Supervisor #PID<0.141.0> (Supervisor.Default) started
Pid: #PID<0.148.0>
Start Call: XPReq.Test.Ownership.start_link([name: XPReq.Test.Ownership])
Restart: :permanent
Shutdown: 5000
Type: :worker
14:26:19.394 [info] Application xp_req started at :nonode@nohost
14:26:19.394 [info] Application burrito started at :nonode@nohost
14:26:19.397 [info] Child XPBriefly.Entry of Supervisor XPBriefly.Supervisor started
Pid: #PID<0.152.0>
Start Call: XPBriefly.Entry.start_link([])
Restart: :permanent
Shutdown: 5000
Type: :worker
14:26:19.397 [info] Application xp_briefly started at :nonode@nohost
14:26:19.397 [info] Application xp_schematic started at :nonode@nohost
14:26:19.397 [info] Application xp_typed_struct started at :nonode@nohost
14:26:19.397 [info] Application xp_gen_lsp started at :nonode@nohost
14:26:19.404 [info] Child XPSnowflake.Generator of Supervisor #PID<0.155.0> (Supervisor.Default) started
Pid: #PID<0.156.0>
Start Call: XPSnowflake.Generator.start_link(0, 1023)
Restart: :permanent
Shutdown: 5000
Type: :worker
14:26:19.404 [info] Application xp_snowflake started at :nonode@nohost
14:26:19.404 [info] Application xp_sourceror started at :nonode@nohost
14:26:19.404 [info] Application xp_spitfire started at :nonode@nohost
14:26:19.404 [info] Application xp_forge started at :nonode@nohost
14:26:19.404 [info] Application xp_logger_file_backend started at :nonode@nohost
14:26:19.408 [info] Child :ttb_autostart of Supervisor :runtime_tools_sup started
Pid: #PID<0.160.0>
Start Call: :ttb_autostart.start_link()
Restart: :temporary
Shutdown: 3000
Type: :worker
14:26:19.408 [info] Application runtime_tools started at :nonode@nohost
14:26:19.408 [info] Application et started at :nonode@nohost
14:26:19.408 [info] Application observer started at :nonode@nohost
14:26:19.408 [info] Application xp_path_glob started at :nonode@nohost
14:26:19.418 [info] Starting NodePortMapper on nonode@nohost
14:26:19.418 [info] Child XPForge.NodePortMapper of Supervisor XPExpert.Supervisor started
Pid: #PID<0.164.0>
Start Call: XPForge.NodePortMapper.start_link([])
Restart: :permanent
Shutdown: 5000
Type: :worker
14:26:19.419 [info] Child XPForge.Document.Store of Supervisor XPExpert.Supervisor started
Pid: #PID<0.165.0>
Start Call: XPForge.Document.Store.start_link([derive: [analysis: &XPForge.Ast.analyze/1]])
Restart: :permanent
Shutdown: 5000
Type: :worker
14:26:19.420 [info] Child XPExpert.ProjectSupervisor of Supervisor XPExpert.Supervisor started
Pid: #PID<0.166.0>
Start Call: DynamicSupervisor.start_link([name: XPExpert.ProjectSupervisor, strategy: :one_for_one])
Restart: :permanent
Shutdown: :infinity
Type: :supervisor
14:26:19.420 [info] Child XPExpert.DynamicSupervisor of Supervisor XPExpert.Supervisor started
Pid: #PID<0.167.0>
Start Call: DynamicSupervisor.start_link([name: XPExpert.DynamicSupervisor])
Restart: :permanent
Shutdown: :infinity
Type: :supervisor
14:26:19.421 [info] Child XPGenLSP.Assigns of Supervisor XPExpert.Supervisor started
Pid: #PID<0.168.0>
Start Call: XPGenLSP.Assigns.start_link([name: XPExpert.Assigns])
Restart: :permanent
Shutdown: 5000
Type: :worker
14:26:19.421 [info] Child :expert_task_queue of Supervisor XPExpert.Supervisor started
Pid: #PID<0.169.0>
Start Call: Task.Supervisor.start_link([name: :expert_task_queue])
Restart: :permanent
Shutdown: :infinity
Type: :supervisor
14:26:19.422 [info] Child XPGenLSP.Buffer of Supervisor XPExpert.Supervisor started
Pid: #PID<0.170.0>
Start Call: XPGenLSP.Buffer.start_link([name: XPExpert.Buffer])
Restart: :permanent
Shutdown: 5000
Type: :worker
14:26:19.422 [info] Child XPExpert.ActiveProjects of Supervisor XPExpert.Supervisor started
Pid: #PID<0.171.0>
Start Call: XPExpert.ActiveProjects.start_link()
Restart: :permanent
Shutdown: 5000
Type: :worker
14:26:19.422 [debug] [name: XPExpert, buffer: XPExpert.Buffer, task_supervisor: :expert_task_queue, dynamic_supervisor: XPExpert.DynamicSupervisor, assigns: XPExpert.Assigns]
14:26:19.426 [info] Child XPExpert of Supervisor XPExpert.Supervisor started
Pid: #PID<0.172.0>
Start Call: XPExpert.start_link([name: XPExpert, buffer: XPExpert.Buffer, task_supervisor: :expert_task_queue, dynamic_supervisor: XPExpert.DynamicSupervisor, assigns: XPExpert.Assigns])
Restart: :permanent
Shutdown: 500
Type: :worker
14:26:19.426 [info] Application xp_expert started at :nonode@nohost
14:26:19.539 [debug] handled request client -> server initialize in 103ms
14:26:19.544 [info] Server initialized, registering capabilities
14:26:19.546 [debug] sent request server -> client client/registerCapability
14:26:19.556 [info] [Project file:///home/alguien/Projects/elixir/petri] Starting project
14:26:19.556 [debug] handled notification client -> server initialized in 14ms
14:26:19.557 [debug] sent notification server -> client window/logMessage
14:26:19.567 [info] Opened file:///home/alguien/Projects/elixir/petri/lib/petri.ex
14:26:19.567 [debug] handled notification client -> server textDocument/didOpen in 10ms
14:26:19.568 [info] Child {XPExpert.EngineSupervisor, "petri"} of Supervisor :"petri::supervisor" started
Pid: #PID<0.178.0>
Start Call: XPExpert.EngineSupervisor.start_link(%XPForge.Project{root_uri: "file:///home/alguien/Projects/elixir/petri", mix_exs_uri: "file:///home/alguien/Projects/elixir/petri/mix.exs", mix_project?: true, mix_env: nil, mix_target: nil, env_variables: %{}, project_module: nil, entropy: 10575})
Restart: :permanent
Shutdown: 5000
Type: :worker
14:26:19.570 [debug] sent request server -> client window/workDoneProgress/create
14:26:19.573 [debug] sent notification server -> client $/progress
14:26:19.579 [info] Child XPForge.EPMD of Supervisor :net_sup started
Pid: #PID<0.181.0>
Start Call: XPForge.EPMD.start_link()
Restart: :permanent
Shutdown: 2000
Type: :worker
14:26:19.580 [info] Child :auth of Supervisor :net_sup started
Pid: #PID<0.182.0>
Start Call: :auth.start_link()
Restart: :permanent
Shutdown: 2000
Type: :worker
14:26:19.582 [info] Child :net_kernel of Supervisor :net_sup started
Pid: #PID<0.183.0>
Start Call: :net_kernel.start_link(%{name: :"expert-manager-petri-10575@127.0.0.1", supervisor: :net_sup_dynamic, net_tickintensity: 4, net_ticktime: 60, name_domain: :longnames, clean_halt: false})
Restart: :permanent
Shutdown: 2000
Type: :worker
14:26:19.583 [debug] Child :net_sup_dynamic of Supervisor :kernel_sup started
Pid: #PID<0.180.0>
Start Call: :erl_distribution.start_link(%{name: :"expert-manager-petri-10575@127.0.0.1", supervisor: :net_sup_dynamic, net_tickintensity: 4, net_ticktime: 60, name_domain: :longnames, clean_halt: false})
Restart: :permanent
Shutdown: 1000
Type: :supervisor
14:26:19.586 [info] [Project file:///home/alguien/Projects/elixir/petri] Found elixir executable at /usr/bin/elixir
14:26:19.586 [debug] sent notification server -> client window/logMessage
14:26:19.587 [info] [Project file:///home/alguien/Projects/elixir/petri] Finding or building engine
14:26:19.587 [debug] sent notification server -> client window/logMessage
14:26:19.587 [debug] sent request server -> client window/workDoneProgress/create
14:26:19.587 [debug] sent notification server -> client $/progress
14:26:21.303 [debug] Building engine: Namespacing 4 files:
  New: 4
  Changed: 0
  Deleted: 4


14:26:21.306 [debug] Building engine: Rewriting 0 app files

14:26:21.307 [debug] Building engine: Rewriting .beam files

14:26:21.308 [debug] Building engine:  Found 0 protocols
 Found 0 app beam files

14:26:21.308 [debug] Building engine: Finished namespacing .beam files

14:26:21.309 [debug] Building engine: Rewriting 0 scripts

14:26:21.310 [debug] Building engine: Rebuilding 0 boot files

14:26:21.311 [debug] Building engine: Rewriting 0 config scripts.

14:26:21.314 [info] Engine build available at: /home/alguien/.local/share/Expert/0.1.0-59489c7/elixir-1.18.3-erts-15.2.7/f831d17565b699184bd04f88e3bdce7b/_build/dev_ns
14:26:21.371 [info] ebin paths:
["/home/alguien/.local/share/Expert/0.1.0-59489c7/elixir-1.18.3-erts-15.2.7/f831d17565b699184bd04f88e3bdce7b/_build/dev_ns/lib/patch/ebin",
 "/home/alguien/.local/share/Expert/0.1.0-59489c7/elixir-1.18.3-erts-15.2.7/f831d17565b699184bd04f88e3bdce7b/_build/dev_ns/lib/xp_briefly/ebin",
 "/home/alguien/.local/share/Expert/0.1.0-59489c7/elixir-1.18.3-erts-15.2.7/f831d17565b699184bd04f88e3bdce7b/_build/dev_ns/lib/xp_bunt/ebin",
 "/home/alguien/.local/share/Expert/0.1.0-59489c7/elixir-1.18.3-erts-15.2.7/f831d17565b699184bd04f88e3bdce7b/_build/dev_ns/lib/xp_credo/ebin",
 "/home/alguien/.local/share/Expert/0.1.0-59489c7/elixir-1.18.3-erts-15.2.7/f831d17565b699184bd04f88e3bdce7b/_build/dev_ns/lib/xp_deps_nix/ebin",
 "/home/alguien/.local/share/Expert/0.1.0-59489c7/elixir-1.18.3-erts-15.2.7/f831d17565b699184bd04f88e3bdce7b/_build/dev_ns/lib/xp_elixir_sense/ebin",
 "/home/alguien/.local/share/Expert/0.1.0-59489c7/elixir-1.18.3-erts-15.2.7/f831d17565b699184bd04f88e3bdce7b/_build/dev_ns/lib/xp_engine/ebin",
 "/home/alguien/.local/share/Expert/0.1.0-59489c7/elixir-1.18.3-erts-15.2.7/f831d17565b699184bd04f88e3bdce7b/_build/dev_ns/lib/xp_file_system/ebin",
 "/home/alguien/.local/share/Expert/0.1.0-59489c7/elixir-1.18.3-erts-15.2.7/f831d17565b699184bd04f88e3bdce7b/_build/dev_ns/lib/xp_forge/ebin",
 "/home/alguien/.local/share/Expert/0.1.0-59489c7/elixir-1.18.3-erts-15.2.7/f831d17565b699184bd04f88e3bdce7b/_build/dev_ns/lib/xp_gen_lsp/ebin",
 "/home/alguien/.local/share/Expert/0.1.0-59489c7/elixir-1.18.3-erts-15.2.7/f831d17565b699184bd04f88e3bdce7b/_build/dev_ns/lib/xp_hpax/ebin",
 "/home/alguien/.local/share/Expert/0.1.0-59489c7/elixir-1.18.3-erts-15.2.7/f831d17565b699184bd04f88e3bdce7b/_build/dev_ns/lib/xp_jason/ebin",
 "/home/alguien/.local/share/Expert/0.1.0-59489c7/elixir-1.18.3-erts-15.2.7/f831d17565b699184bd04f88e3bdce7b/_build/dev_ns/lib/xp_mint/ebin",
 "/home/alguien/.local/share/Expert/0.1.0-59489c7/elixir-1.18.3-erts-15.2.7/f831d17565b699184bd04f88e3bdce7b/_build/dev_ns/lib/xp_nimble_options/ebin",
 "/home/alguien/.local/share/Expert/0.1.0-59489c7/elixir-1.18.3-erts-15.2.7/f831d17565b699184bd04f88e3bdce7b/_build/dev_ns/lib/xp_nimble_parsec/ebin",
 "/home/alguien/.local/share/Expert/0.1.0-59489c7/elixir-1.18.3-erts-15.2.7/f831d17565b699184bd04f88e3bdce7b/_build/dev_ns/lib/xp_path_glob/ebin",
 "/home/alguien/.local/share/Expert/0.1.0-59489c7/elixir-1.18.3-erts-15.2.7/f831d17565b699184bd04f88e3bdce7b/_build/dev_ns/lib/xp_refactorex/ebin",
 "/home/alguien/.local/share/Expert/0.1.0-59489c7/elixir-1.18.3-erts-15.2.7/f831d17565b699184bd04f88e3bdce7b/_build/dev_ns/lib/xp_schematic/ebin",
 "/home/alguien/.local/share/Expert/0.1.0-59489c7/elixir-1.18.3-erts-15.2.7/f831d17565b699184bd04f88e3bdce7b/_build/dev_ns/lib/xp_snowflake/ebin",
 "/home/alguien/.local/share/Expert/0.1.0-59489c7/elixir-1.18.3-erts-15.2.7/f831d17565b699184bd04f88e3bdce7b/_build/dev_ns/lib/xp_sourceror/ebin",
 "/home/alguien/.local/share/Expert/0.1.0-59489c7/elixir-1.18.3-erts-15.2.7/f831d17565b699184bd04f88e3bdce7b/_build/dev_ns/lib/xp_spitfire/ebin",
 "/home/alguien/.local/share/Expert/0.1.0-59489c7/elixir-1.18.3-erts-15.2.7/f831d17565b699184bd04f88e3bdce7b/_build/dev_ns/lib/xp_telemetry/ebin",
 "/home/alguien/.local/share/Expert/0.1.0-59489c7/elixir-1.18.3-erts-15.2.7/f831d17565b699184bd04f88e3bdce7b/_build/dev_ns/lib/xp_typed_struct/ebin"]
14:26:21.420 [debug] sent notification server -> client $/progress
14:26:21.421 [debug] sent notification server -> client $/progress
14:26:21.837 [debug] sent notification server -> client $/progress
14:26:21.841 [debug] Node port message: ok

14:26:22.138 [debug] Node port message: 
14:26:22.127 [notice] Application mix exited: :stopped

14:26:22.158 [debug] Node port message:     warning: redefining module Petri.MixProject (current version defined in memory)
    â
  1 â defmodule Petri.MixProject do
    â ~~~~~~~~~~~~~~~~~~~~~~~~~~~~~
    â
    ââ /home/alguien/Projects/elixir/petri/mix.exs:1: Petri.MixProject (module)


14:26:22.172 [debug] sent notification server -> client $/progress
14:26:22.172 [debug] sent notification server -> client $/progress
14:26:22.178 [debug] sent notification server -> client $/progress
14:26:22.301 [debug] sent notification server -> client $/progress
14:26:22.301 [debug] sent notification server -> client $/progress
14:26:22.301 [debug] sent notification server -> client $/progress
14:26:22.301 [debug] sent notification server -> client $/progress
14:26:22.301 [debug] sent notification server -> client $/progress
14:26:22.301 [debug] sent notification server -> client $/progress
14:26:22.302 [debug] sent notification server -> client $/progress
14:26:22.302 [debug] sent notification server -> client $/progress
14:26:22.302 [debug] sent notification server -> client $/progress
14:26:22.302 [debug] sent notification server -> client $/progress
14:26:22.302 [debug] sent notification server -> client $/progress
14:26:22.302 [debug] sent notification server -> client $/progress
14:26:22.302 [debug] sent notification server -> client $/progress
14:26:22.302 [debug] sent notification server -> client $/progress
14:26:22.302 [debug] sent notification server -> client $/progress
14:26:22.302 [debug] sent notification server -> client $/progress
14:26:22.302 [debug] sent notification server -> client $/progress
14:26:22.302 [debug] sent notification server -> client $/progress
14:26:22.302 [debug] sent notification server -> client $/progress
14:26:22.302 [debug] sent notification server -> client $/progress
14:26:22.303 [debug] sent notification server -> client $/progress
14:26:22.303 [info] Child {XPExpert.Project.Node, "petri"} of Supervisor :"petri::supervisor" started
Pid: #PID<0.179.0>
Start Call: XPExpert.Project.Node.start_link(%XPForge.Project{root_uri: "file:///home/alguien/Projects/elixir/petri", mix_exs_uri: "file:///home/alguien/Projects/elixir/petri/mix.exs", mix_project?: true, mix_env: nil, mix_target: nil, env_variables: %{}, project_module: nil, entropy: 10575})
Restart: :permanent
Shutdown: 5000
Type: :worker
14:26:22.305 [info] Child {XPExpert.Project.Diagnostics, "petri"} of Supervisor :"petri::supervisor" started
Pid: #PID<0.214.0>
Start Call: XPExpert.Project.Diagnostics.start_link(%XPForge.Project{root_uri: "file:///home/alguien/Projects/elixir/petri", mix_exs_uri: "file:///home/alguien/Projects/elixir/petri/mix.exs", mix_project?: true, mix_env: nil, mix_target: nil, env_variables: %{}, project_module: nil, entropy: 10575})
Restart: :permanent
Shutdown: 5000
Type: :worker
14:26:22.307 [info] Child {XPExpert.Project.Intelligence, "petri"} of Supervisor :"petri::supervisor" started
Pid: #PID<0.215.0>
Start Call: XPExpert.Project.Intelligence.start_link(%XPForge.Project{root_uri: "file:///home/alguien/Projects/elixir/petri", mix_exs_uri: "file:///home/alguien/Projects/elixir/petri/mix.exs", mix_project?: true, mix_env: nil, mix_target: nil, env_variables: %{}, project_module: nil, entropy: 10575})
Restart: :permanent
Shutdown: 5000
Type: :worker
14:26:22.308 [info] Child XPExpert.Project.SearchListener of Supervisor :"petri::supervisor" started
Pid: #PID<0.216.0>
Start Call: XPExpert.Project.SearchListener.start_link(%XPForge.Project{root_uri: "file:///home/alguien/Projects/elixir/petri", mix_exs_uri: "file:///home/alguien/Projects/elixir/petri/mix.exs", mix_project?: true, mix_env: nil, mix_target: nil, env_variables: %{}, project_module: nil, entropy: 10575})
Restart: :permanent
Shutdown: 5000
Type: :worker
14:26:22.309 [info] Project node started for petri
14:26:22.309 [debug] sent notification server -> client window/logMessage
14:26:22.309 [info] [Project file:///home/alguien/Projects/elixir/petri] Engine initialized for project petri
14:26:22.309 [debug] sent notification server -> client window/logMessage
14:26:22.364 [debug] Node port message: 
14:26:22.364 [info] Building petri

14:26:22.364 [debug] sent request server -> client window/workDoneProgress/create
14:26:22.364 [debug] Node port message: 
14:26:22.364 [debug] sent request server -> client window/workDoneProgress/create

14:26:23.326 [debug] sent notification server -> client $/progress
14:26:23.331 [debug] Node port message: 
14:26:23.326 [debug] sent notification server -> client $/progress

14:26:23.429 [debug] sent notification server -> client $/progress
14:26:23.430 [debug] Node port message: 
14:26:23.429 [debug] sent notification server -> client $/progress

14:26:24.546 [debug] Node port message: * creating /home/alguien/.mix/archives/hex-2.3.2

14:26:24.548 [debug] sent notification server -> client $/progress
14:26:24.549 [debug] Node port message: 
14:26:24.548 [debug] sent notification server -> client $/progress

14:26:25.321 [debug] Node port message: * creating /home/alguien/.mix/elixir/1-18/rebar3

14:26:25.321 [debug] sent notification server -> client $/progress
14:26:25.321 [debug] Node port message: 
14:26:25.321 [debug] sent notification server -> client $/progress

14:26:25.348 [debug] Node port message: All dependencies are up to date

14:26:25.349 [debug] sent notification server -> client $/progress
14:26:25.349 [debug] Node port message: 
14:26:25.349 [debug] sent notification server -> client $/progress

14:26:25.353 [debug] sent notification server -> client $/progress
14:26:25.353 [debug] Node port message: 
14:26:25.353 [debug] sent notification server -> client $/progress

14:26:25.358 [debug] Node port message: 
14:26:25.358 [info] Loaded []

14:26:25.358 [debug] sent notification server -> client $/progress
14:26:25.360 [debug] Node port message: 
14:26:25.358 [debug] sent notification server -> client $/progress

14:26:25.406 [debug] Node port message:     warning: variable "b" is unused (if the variable is not meant to be used, prefix it with an underscore)
    â
 39 â   |> Enum.filter(fn [_a, b] -> b = n end )
    â                          ~
    â
    ââ lib/petri.ex:39:26: Petri.preset/2


14:26:25.407 [debug] Node port message:     warning: variable "b" is unused (there is a variable with the same name in the context, use the pin operator (^) to match on it or prefix this variable with underscore if it is not meant to be used)
    â
 39 â   |> Enum.filter(fn [_a, b] -> b = n end )
    â                                ~
    â
    ââ lib/petri.ex:39:32: Petri.preset/2


14:26:25.407 [debug] Node port message:     warning: variable "a" is unused (if the variable is not meant to be used, prefix it with an underscore)
    â
 46 â   |> Enum.filter(fn [a, _b] -> a = n end )
    â                      ~
    â
    ââ lib/petri.ex:46:22: Petri.postset/2


14:26:25.408 [debug] Node port message:     warning: variable "a" is unused (there is a variable with the same name in the context, use the pin operator (^) to match on it or prefix this variable with underscore if it is not meant to be used)
    â
 46 â   |> Enum.filter(fn [a, _b] -> a = n end )
    â                                ~
    â
    ââ lib/petri.ex:46:32: Petri.postset/2


14:26:25.408 [debug] Node port message:     warning: MapSet.subset/2 is undefined or private. Did you mean:

          * subset?/2

    â
 53 â   MapSet.subset(preset(f, n), m)
    â          ~
    â
    ââ lib/petri.ex:53:10: Petri.is_enabled/3


14:26:25.423 [debug] Node port message: 
14:26:25.423 [info] Compile completed with status noop Produced 5 diagnostics [%Mix.Task.Compiler.Diagnostic{file: "/home/alguien/Projects/elixir/petri/lib/petri.ex", source: "/home/alguien/Projects/elixir/petri/lib/petri.ex", severity: :warning, message: "variable \"b\" is unused (if the variable is not meant to be used, prefix it with an underscore)", position: {39, 26}, compiler_name: "Elixir", span: nil, details: nil, stacktrace: [{Petri, :preset, 2, [file: "lib/petri.ex", column: 26, line: 39]}]}, %Mix.Task.Compiler.Diagnostic{file: "/home/alguien/Projects/elixir/petri/lib/petri.ex", source: "/home/alguien/Projects/elixir/petri/lib/petri.ex", severity: :warning, message: "variable \"b\" is unused (there is a variable with the same name in the context, use the pin operator (^) to match on it or prefix this variable with underscore if it is not meant to be used)", position: {39, 32}, compiler_name: "Elixir", span: nil, details: nil, stacktrace: [{Petri, :preset, 2, [file: "lib/petri.ex", column: 32, line: 39]}]}, %Mix.Task.Compiler.Diagnostic{file: "/home/alguien/Projects/elixir/petri/lib/petri.ex", source: "/home/alguien/Projects/elixir/petri/lib/petri.ex", severity: :warning, message: "variable \"a\" is unused (if the variable is not meant to be used, prefix it with an underscore)", position: {46, 22}, compiler_name: "Elixir", span: nil, details: nil, stacktrace: [{Petri, :postset, 2, [file: "lib/petri.ex", column: 22, line: 46]}]}, %Mix.Task.Compiler.Diagnostic{file: "/home/alguien/Projects/elixir/petri/lib/petri.ex", source: "/home/alguien/Projects/elixir/petri/lib/petri.ex", severity: :warning, message: "variable \"a\" is unused (there is a variable with the same name in the context, use the pin operator (^) to match on it or prefix this variable with underscore if it is not meant to be used)", position: {46, 32}, compiler_name: "Elixir", span: nil, details: nil, stacktrace: [{Petri, :postset, 2, [file: "lib/petri.ex", column: 32, line: 46]}]}, %Mix.Task.Compiler.Diagnostic{file: "/home/alguien/Projects/elixir/petri/lib/petri.ex", source: "/home/alguien/Projects/elixir/petri/lib/petri.ex", severity: :warning, message: "MapSet.subset/2 is undefined or private. Did you mean:\n\n      * subset?/2\n", position: {53, 10}, compiler_name: "Elixir", span: nil, details: nil, stacktrace: [{Petri, :is_enabled, 3, [file: ~c"lib/petri.ex", end_of_expression: [newlines: 1, line: 53, column: 33], closing: [line: 53, column: 32], line: 53, column: 10]}]}]

14:26:25.429 [debug] sent notification server -> client $/progress
14:26:25.430 [debug] Node port message: 
14:26:25.429 [debug] sent notification server -> client $/progress

14:26:25.434 [info] Compiled petri in 3.1 seconds
14:26:25.441 [debug] sent notification server -> client textDocument/publishDiagnostics
14:26:25.449 [debug] Node port message: 
14:26:25.448 [info] Plugins found 0 results in 0.022 ms

14:26:25.472 [debug] sent request server -> client window/workDoneProgress/create
14:26:25.473 [debug] Node port message: 
14:26:25.472 [debug] sent request server -> client window/workDoneProgress/create

14:26:25.473 [debug] sent notification server -> client $/progress
14:26:25.474 [debug] Node port message: 
14:26:25.473 [debug] sent notification server -> client $/progress

14:26:25.474 [debug] sent notification server -> client $/progress
14:26:25.475 [debug] Node port message: 
14:26:25.475 [notice] disk_log: repairing ~c"/home/alguien/Projects/elixir/petri/.expert/indexes/ets/27.3.4.1/1.18.3/3/updates.wal" ...


14:26:25.475 [debug] Node port message: 
14:26:25.474 [debug] sent notification server -> client $/progress

14:26:25.548 [debug] Node port message: 
14:26:25.548 [info] backend reports stale

14:26:25.569 [debug] sent request server -> client window/workDoneProgress/create
14:26:25.569 [debug] Node port message: 
14:26:25.569 [debug] sent request server -> client window/workDoneProgress/create

14:26:25.570 [debug] sent notification server -> client $/progress
14:26:25.570 [debug] Node port message: 
14:26:25.570 [debug] sent notification server -> client $/progress

14:26:25.572 [debug] sent notification server -> client $/progress
14:26:25.573 [debug] Node port message: 
14:26:25.572 [debug] sent notification server -> client $/progress

14:26:25.746 [debug] sent notification server -> client $/progress
14:26:25.747 [debug] Node port message: 
14:26:25.746 [debug] sent notification server -> client $/progress

14:26:40.044 [debug] handled notification client -> server textDocument/didChange in 7ms
14:26:40.129 [debug] sent notification server -> client textDocument/publishDiagnostics
14:26:40.129 [debug] Node port message: 
14:26:40.129 [info] Plugins found 0 results in 0.008 ms

14:26:40.997 [debug] handled notification client -> server textDocument/didSave in 3ms
14:26:41.048 [debug] Node port message: 
14:26:41.048 [info] Building petri

14:26:41.048 [debug] sent request server -> client window/workDoneProgress/create
14:26:41.049 [debug] Node port message: 
14:26:41.048 [debug] sent request server -> client window/workDoneProgress/create

14:26:41.050 [debug] sent notification server -> client $/progress
14:26:41.050 [debug] sent notification server -> client $/progress
14:26:41.050 [debug] Node port message: 
14:26:41.050 [debug] sent notification server -> client $/progress

14:26:41.050 [debug] Node port message: 
14:26:41.050 [debug] sent notification server -> client $/progress

14:26:41.057 [debug] Node port message: Compiling 1 file (.ex)

14:26:41.068 [debug] Node port message:     warning: variable "b" is unused (if the variable is not meant to be used, prefix it with an underscore)
    â
 39 â   |> Enum.filter(fn [_a, b] -> b = n end )
    â                          ~
    â
    ââ (petri 0.1.0) lib/petri.ex:39:26: Petri.preset/2


14:26:41.068 [debug] Node port message:     warning: variable "b" is unused (there is a variable with the same name in the context, use the pin operator (^) to match on it or prefix this variable with underscore if it is not meant to be used)
    â
 39 â   |> Enum.filter(fn [_a, b] -> b = n end )
    â                                ~
    â
    ââ (petri 0.1.0) lib/petri.ex:39:32: Petri.preset/2


14:26:41.069 [debug] Node port message:     warning: variable "a" is unused (if the variable is not meant to be used, prefix it with an underscore)
    â
 46 â   |> Enum.filter(fn [a, _b] -> a = n end )
    â                      ~
    â
    ââ (petri 0.1.0) lib/petri.ex:46:22: Petri.postset/2


14:26:41.069 [debug] Node port message:     warning: variable "a" is unused (there is a variable with the same name in the context, use the pin operator (^) to match on it or prefix this variable with underscore if it is not meant to be used)
    â
 46 â   |> Enum.filter(fn [a, _b] -> a = n end )
    â                                ~
    â
    ââ (petri 0.1.0) lib/petri.ex:46:32: Petri.postset/2


14:26:41.081 [debug] sent notification server -> client $/progress
14:26:41.081 [debug] Node port message: 
14:26:41.081 [debug] sent notification server -> client $/progress

14:26:41.091 [debug] Node port message: Generated petri app

14:26:41.104 [debug] Node port message: 
14:26:41.104 [info] Compile completed with status ok Produced 4 diagnostics [%Mix.Task.Compiler.Diagnostic{file: "/home/alguien/Projects/elixir/petri/lib/petri.ex", source: "/home/alguien/Projects/elixir/petri/lib/petri.ex", severity: :warning, message: "variable \"b\" is unused (if the variable is not meant to be used, prefix it with an underscore)", position: {39, 26}, compiler_name: "Elixir", span: nil, details: nil, stacktrace: [{Petri, :preset, 2, [file: "lib/petri.ex", column: 26, line: 39]}]}, %Mix.Task.Compiler.Diagnostic{file: "/home/alguien/Projects/elixir/petri/lib/petri.ex", source: "/home/alguien/Projects/elixir/petri/lib/petri.ex", severity: :warning, message: "variable \"b\" is unused (there is a variable with the same name in the context, use the pin operator (^) to match on it or prefix this variable with underscore if it is not meant to be used)", position: {39, 32}, compiler_name: "Elixir", span: nil, details: nil, stacktrace: [{Petri, :preset, 2, [file: "lib/petri.ex", column: 32, line: 39]}]}, %Mix.Task.Compiler.Diagnostic{file: "/home/alguien/Projects/elixir/petri/lib/petri.ex", source: "/home/alguien/Projects/elixir/petri/lib/petri.ex", severity: :warning, message: "variable \"a\" is unused (if the variable is not meant to be used, prefix it with an underscore)", position: {46, 22}, compiler_name: "Elixir", span: nil, details: nil, stacktrace: [{Petri, :postset, 2, [file: "lib/petri.ex", column: 22, line: 46]}]}, %Mix.Task.Compiler.Diagnostic{file: "/home/alguien/Projects/elixir/petri/lib/petri.ex", source: "/home/alguien/Projects/elixir/petri/lib/petri.ex", severity: :warning, message: "variable \"a\" is unused (there is a variable with the same name in the context, use the pin operator (^) to match on it or prefix this variable with underscore if it is not meant to be used)", position: {46, 32}, compiler_name: "Elixir", span: nil, details: nil, stacktrace: [{Petri, :postset, 2, [file: "lib/petri.ex", column: 32, line: 46]}]}]

14:26:41.104 [debug] sent notification server -> client $/progress
14:26:41.105 [info] Compiled petri in 57 ms
14:26:41.105 [debug] Node port message: 
14:26:41.104 [debug] sent notification server -> client $/progress

14:26:41.105 [debug] sent notification server -> client textDocument/publishDiagnostics
14:26:41.105 [debug] Node port message: 
14:26:41.105 [info] Plugins found 0 results in 0.016 ms

14:26:53.051 [debug] handled notification client -> server textDocument/didSave in 786µs
14:26:53.102 [debug] Node port message: 
14:26:53.102 [info] Building petri

14:26:53.102 [debug] sent request server -> client window/workDoneProgress/create
14:26:53.102 [debug] Node port message: 
14:26:53.102 [debug] sent request server -> client window/workDoneProgress/create

14:26:53.103 [debug] sent notification server -> client $/progress
14:26:53.103 [debug] Node port message: 
14:26:53.103 [debug] sent notification server -> client $/progress

14:26:53.103 [debug] sent notification server -> client $/progress
14:26:53.104 [debug] Node port message: 
14:26:53.103 [debug] sent notification server -> client $/progress

14:26:53.109 [debug] Node port message:     warning: variable "b" is unused (if the variable is not meant to be used, prefix it with an underscore)
    â
 39 â   |> Enum.filter(fn [_a, b] -> b = n end )
    â                          ~
    â
    ââ (petri 0.1.0) lib/petri.ex:39:26: Petri.preset/2


14:26:53.110 [debug] Node port message:     warning: variable "b" is unused (there is a variable with the same name in the context, use the pin operator (^) to match on it or prefix this variable with underscore if it is not meant to be used)
    â
 39 â   |> Enum.filter(fn [_a, b] -> b = n end )
    â                                ~
    â
    ââ (petri 0.1.0) lib/petri.ex:39:32: Petri.preset/2


14:26:53.110 [debug] Node port message:     warning: variable "a" is unused (if the variable is not meant to be used, prefix it with an underscore)
    â
 46 â   |> Enum.filter(fn [a, _b] -> a = n end )
    â                      ~
    â
    ââ (petri 0.1.0) lib/petri.ex:46:22: Petri.postset/2


14:26:53.111 [debug] Node port message:     warning: variable "a" is unused (there is a variable with the same name in the context, use the pin operator (^) to match on it or prefix this variable with underscore if it is not meant to be used)
    â
 46 â   |> Enum.filter(fn [a, _b] -> a = n end )
    â                                ~
    â
    ââ (petri 0.1.0) lib/petri.ex:46:32: Petri.postset/2


14:26:53.114 [debug] Node port message: 
14:26:53.114 [info] Compile completed with status noop Produced 4 diagnostics [%Mix.Task.Compiler.Diagnostic{file: "/home/alguien/Projects/elixir/petri/lib/petri.ex", source: "/home/alguien/Projects/elixir/petri/lib/petri.ex", severity: :warning, message: "variable \"b\" is unused (if the variable is not meant to be used, prefix it with an underscore)", position: {39, 26}, compiler_name: "Elixir", span: nil, details: nil, stacktrace: [{Petri, :preset, 2, [file: "lib/petri.ex", column: 26, line: 39]}]}, %Mix.Task.Compiler.Diagnostic{file: "/home/alguien/Projects/elixir/petri/lib/petri.ex", source: "/home/alguien/Projects/elixir/petri/lib/petri.ex", severity: :warning, message: "variable \"b\" is unused (there is a variable with the same name in the context, use the pin operator (^) to match on it or prefix this variable with underscore if it is not meant to be used)", position: {39, 32}, compiler_name: "Elixir", span: nil, details: nil, stacktrace: [{Petri, :preset, 2, [file: "lib/petri.ex", column: 32, line: 39]}]}, %Mix.Task.Compiler.Diagnostic{file: "/home/alguien/Projects/elixir/petri/lib/petri.ex", source: "/home/alguien/Projects/elixir/petri/lib/petri.ex", severity: :warning, message: "variable \"a\" is unused (if the variable is not meant to be used, prefix it with an underscore)", position: {46, 22}, compiler_name: "Elixir", span: nil, details: nil, stacktrace: [{Petri, :postset, 2, [file: "lib/petri.ex", column: 22, line: 46]}]}, %Mix.Task.Compiler.Diagnostic{file: "/home/alguien/Projects/elixir/petri/lib/petri.ex", source: "/home/alguien/Projects/elixir/petri/lib/petri.ex", severity: :warning, message: "variable \"a\" is unused (there is a variable with the same name in the context, use the pin operator (^) to match on it or prefix this variable with underscore if it is not meant to be used)", position: {46, 32}, compiler_name: "Elixir", span: nil, details: nil, stacktrace: [{Petri, :postset, 2, [file: "lib/petri.ex", column: 32, line: 46]}]}]

14:26:53.114 [debug] sent notification server -> client $/progress
14:26:53.115 [info] Compiled petri in 12 ms
14:26:53.115 [debug] Node port message: 
14:26:53.115 [info] Plugins found 0 results in 0.009 ms

14:26:53.115 [debug] Node port message: 
14:26:53.114 [debug] sent notification server -> client $/progress

14:26:53.115 [debug] sent notification server -> client textDocument/publishDiagnostics
14:35:19.126 [debug] handled notification client -> server textDocument/didChange in 995µs
14:35:19.186 [debug] sent notification server -> client textDocument/publishDiagnostics
14:35:19.186 [debug] Node port message: 
14:35:19.186 [info] Plugins found 0 results in 0.008 ms

14:35:19.800 [debug] handled notification client -> server textDocument/didChange in 1ms
14:35:19.865 [debug] sent notification server -> client textDocument/publishDiagnostics
14:35:19.866 [debug] Node port message: 
14:35:19.865 [info] Plugins found 0 results in 0.008 ms

14:35:19.871 [info] Completion for XpPos<<49, 4>>
14:35:20.348 [debug] handled notification client -> server textDocument/didChange in 2ms
14:35:20.402 [debug] Node port message: 
14:35:20.401 [info] Plugins found 0 results in 0.011 ms

14:35:20.406 [debug] sent notification server -> client textDocument/publishDiagnostics
14:35:20.493 [debug] handled notification client -> server textDocument/didChange in 2ms
14:35:20.558 [debug] sent notification server -> client textDocument/publishDiagnostics
14:35:20.558 [debug] Node port message: 
14:35:20.558 [info] Plugins found 0 results in 0.009 ms

14:35:22.105 [debug] handled notification client -> server textDocument/didSave in 778µs
14:35:22.156 [debug] sent request server -> client window/workDoneProgress/create
14:35:22.156 [debug] Node port message: 
14:35:22.156 [info] Building petri

14:35:22.160 [debug] Node port message: 
14:35:22.156 [debug] sent request server -> client window/workDoneProgress/create

14:35:22.160 [debug] sent notification server -> client $/progress
14:35:22.163 [debug] sent notification server -> client $/progress
14:35:22.163 [debug] Node port message: 
14:35:22.160 [debug] sent notification server -> client $/progress

14:35:22.163 [debug] Node port message: 
14:35:22.163 [debug] sent notification server -> client $/progress

14:35:22.194 [debug] Node port message: Compiling 1 file (.ex)

14:35:22.206 [debug] Node port message:     error: undefined function is_enabled/3 (expected Petri to define such a function or for it to be imported, but none are available)
    â
 53 â     if is_enabled(f, n, m)do
    â        ^^^^^^^^^^
    â
    ââ (petri 0.1.0) lib/petri.ex:53:8: Petri.fire/3


14:35:22.206 [debug] Node port message: 
== Compilation error in file lib/petri.ex ==
** (CompileError) lib/petri.ex: cannot compile module Petri (errors have been logged)


14:35:22.207 [debug] sent notification server -> client $/progress
14:35:22.207 [debug] Node port message: 
14:35:22.207 [debug] sent notification server -> client $/progress

14:35:22.208 [debug] Node port message: 
14:35:22.207 [info] Plugins found 0 results in 0.01 ms

14:35:22.208 [info] Compiled petri in 51 ms
14:35:22.208 [debug] sent notification server -> client textDocument/publishDiagnostics
14:35:23.644 [info] Local completions are: []
14:35:23.644 [info] Emitting Completions: []
14:35:23.651 [debug] handled request client -> server textDocument/completion in 3846ms
14:35:29.372 [debug] handled notification client -> server textDocument/didChange in 1ms
14:35:29.434 [debug] sent notification server -> client textDocument/publishDiagnostics
14:35:29.434 [debug] Node port message: 
14:35:29.434 [info] Plugins found 0 results in 0.009 ms

14:35:31.869 [debug] handled notification client -> server textDocument/didChange in 1ms
14:35:31.929 [debug] sent notification server -> client textDocument/publishDiagnostics
14:35:31.929 [debug] Node port message: 
14:35:31.928 [info] Plugins found 0 results in 0.011 ms

14:35:32.913 [debug] handled notification client -> server textDocument/didSave in 923µs
14:35:32.964 [debug] sent request server -> client window/workDoneProgress/create
14:35:32.964 [debug] Node port message: 
14:35:32.964 [info] Building petri

14:35:32.964 [debug] Node port message: 
14:35:32.964 [debug] sent request server -> client window/workDoneProgress/create

14:35:32.965 [debug] sent notification server -> client $/progress
14:35:32.965 [debug] Node port message: 
14:35:32.965 [debug] sent notification server -> client $/progress

14:35:32.965 [debug] sent notification server -> client $/progress
14:35:32.965 [debug] Node port message: 
14:35:32.965 [debug] sent notification server -> client $/progress

14:35:32.974 [debug] Node port message: Compiling 1 file (.ex)

14:35:32.985 [debug] Node port message:     error: undefined function is_enabled/3 (expected Petri to define such a function or for it to be imported, but none are available)
    â
 53 â     if is_enabled(f, n, m)do
    â        ^^^^^^^^^^
    â
    ââ (petri 0.1.0) lib/petri.ex:53:8: Petri.fire/3


14:35:32.985 [debug] Node port message: 
== Compilation error in file lib/petri.ex ==
** (CompileError) lib/petri.ex: cannot compile module Petri (errors have been logged)


14:35:32.986 [debug] sent notification server -> client $/progress
14:35:32.986 [debug] Node port message: 
14:35:32.986 [info] Plugins found 0 results in 0.008 ms

14:35:32.986 [debug] sent notification server -> client $/progress

14:35:32.986 [info] Compiled petri in 22 ms
14:35:32.987 [debug] sent notification server -> client textDocument/publishDiagnostics
14:35:52.754 [debug] handled notification client -> server textDocument/didChange in 1ms
14:35:52.827 [debug] Node port message: 
14:35:52.826 [info] Plugins found 0 results in 0.009 ms

14:35:52.827 [debug] sent notification server -> client textDocument/publishDiagnostics
14:35:53.513 [debug] handled notification client -> server textDocument/didChange in 1ms
14:35:53.539 [info] Completion for XpPos<<60, 4>>
14:35:53.579 [debug] Node port message: 
14:35:53.579 [info] Plugins found 0 results in 0.009 ms

14:35:53.580 [debug] sent notification server -> client textDocument/publishDiagnostics
14:35:53.603 [info] Local completions are: []
14:35:53.603 [info] Emitting Completions: []
14:35:53.603 [debug] handled request client -> server textDocument/completion in 87ms
14:35:54.147 [debug] handled notification client -> server textDocument/didChange in 1ms
14:35:54.199 [debug] Node port message: 
14:35:54.199 [info] Plugins found 0 results in 0.011 ms

14:35:54.202 [debug] sent notification server -> client textDocument/publishDiagnostics
14:35:54.295 [debug] handled notification client -> server textDocument/didChange in 2ms
14:35:54.356 [debug] sent notification server -> client textDocument/publishDiagnostics
14:35:54.357 [debug] Node port message: 
14:35:54.356 [info] Plugins found 0 results in 0.011 ms

14:35:56.495 [debug] handled notification client -> server textDocument/didSave in 864µs
14:35:56.546 [debug] Node port message: 
14:35:56.546 [info] Building petri

14:35:56.546 [debug] sent request server -> client window/workDoneProgress/create
14:35:56.546 [debug] Node port message: 
14:35:56.546 [debug] sent request server -> client window/workDoneProgress/create

14:35:56.547 [debug] sent notification server -> client $/progress
14:35:56.553 [debug] sent notification server -> client $/progress
14:35:56.553 [debug] Node port message: 
14:35:56.547 [debug] sent notification server -> client $/progress

14:35:56.553 [debug] Node port message: 
14:35:56.553 [debug] sent notification server -> client $/progress

14:35:56.560 [debug] Node port message: Compiling 1 file (.ex)

14:35:56.570 [debug] Node port message:     error: undefined function is_enabled/3 (expected Petri to define such a function or for it to be imported, but none are available)
    â
 52 â   if is_enabled(f, n, m) do
    â      ^^^^^^^^^^
    â
    ââ (petri 0.1.0) lib/petri.ex:52:6: Petri.fire/3


14:35:56.570 [debug] Node port message: 
== Compilation error in file lib/petri.ex ==
** (CompileError) lib/petri.ex: cannot compile module Petri (errors have been logged)


14:35:56.571 [debug] sent notification server -> client $/progress
14:35:56.571 [info] Compiled petri in 25 ms
14:35:56.571 [debug] sent notification server -> client textDocument/publishDiagnostics
14:35:56.571 [debug] Node port message: 
14:35:56.571 [debug] sent notification server -> client $/progress

14:35:56.571 [info] Plugins found 0 results in 0.008 ms

14:36:01.770 [debug] handled notification client -> server textDocument/didChange in 1ms
14:36:01.832 [debug] sent notification server -> client textDocument/publishDiagnostics
14:36:01.832 [debug] Node port message: 
14:36:01.832 [info] Plugins found 0 results in 0.008 ms

14:36:08.708 [debug] handled notification client -> server textDocument/didSave in 798µs
14:36:08.759 [debug] sent request server -> client window/workDoneProgress/create
14:36:08.759 [debug] Node port message: 
14:36:08.759 [info] Building petri

14:36:08.759 [debug] Node port message: 
14:36:08.759 [debug] sent request server -> client window/workDoneProgress/create

14:36:08.760 [debug] sent notification server -> client $/progress
14:36:08.760 [debug] sent notification server -> client $/progress
14:36:08.760 [debug] Node port message: 
14:36:08.760 [debug] sent notification server -> client $/progress

14:36:08.760 [debug] Node port message: 
14:36:08.760 [debug] sent notification server -> client $/progress

14:36:08.769 [debug] Node port message: Compiling 1 file (.ex)

14:36:08.779 [debug] Node port message:     error: undefined function is_enabled/3 (expected Petri to define such a function or for it to be imported, but none are available)
    â
 52 â   if is_enabled(f, n, m) do
    â      ^^^^^^^^^^
    â
    ââ (petri 0.1.0) lib/petri.ex:52:6: Petri.fire/3


14:36:08.779 [debug] Node port message: 
== Compilation error in file lib/petri.ex ==
** (CompileError) lib/petri.ex: cannot compile module Petri (errors have been logged)


14:36:08.780 [debug] sent notification server -> client $/progress
14:36:08.781 [info] Compiled petri in 21 ms
14:36:08.781 [debug] sent notification server -> client textDocument/publishDiagnostics
14:36:08.781 [debug] Node port message: 
14:36:08.780 [info] Plugins found 0 results in 0.009 ms

14:36:08.780 [debug] sent notification server -> client $/progress

14:36:10.607 [debug] handled notification client -> server textDocument/didChange in 876µs
14:36:10.669 [debug] sent notification server -> client textDocument/publishDiagnostics
14:36:10.669 [debug] Node port message: 
14:36:10.669 [info] Plugins found 0 results in 0.008 ms

14:36:10.826 [debug] handled notification client -> server textDocument/didChange in 1ms
14:36:10.888 [debug] sent notification server -> client textDocument/publishDiagnostics
14:36:10.888 [debug] Node port message: 
14:36:10.887 [info] Plugins found 0 results in 0.007 ms

14:36:10.974 [debug] handled notification client -> server textDocument/didChange in 1ms
14:36:11.052 [debug] sent notification server -> client textDocument/publishDiagnostics
14:36:11.053 [debug] Node port message: 
14:36:11.052 [info] Plugins found 0 results in 0.008 ms

14:36:11.289 [debug] handled notification client -> server textDocument/didChange in 1ms
14:36:11.358 [debug] sent notification server -> client textDocument/publishDiagnostics
14:36:11.358 [debug] Node port message: 
14:36:11.357 [info] Plugins found 0 results in 0.007 ms

14:36:16.343 [debug] handled notification client -> server textDocument/didChange in 1ms
14:36:16.413 [debug] sent notification server -> client textDocument/publishDiagnostics
14:36:16.414 [debug] Node port message: 
14:36:16.413 [info] Plugins found 0 results in 0.008 ms

14:36:17.316 [debug] handled notification client -> server textDocument/didChange in 1ms
14:36:17.403 [debug] sent notification server -> client textDocument/publishDiagnostics
14:36:17.404 [debug] Node port message: 
14:36:17.401 [info] Plugins found 0 results in 0.009 ms

14:36:17.452 [debug] handled notification client -> server textDocument/didChange in 961µs
14:36:17.525 [debug] sent notification server -> client textDocument/publishDiagnostics
14:36:17.525 [debug] Node port message: 
14:36:17.525 [info] Plugins found 0 results in 0.008 ms

14:36:17.780 [debug] handled notification client -> server textDocument/didChange in 1ms
14:36:17.804 [info] Completion for XpPos<<60, 4>>
14:36:17.847 [debug] sent notification server -> client textDocument/publishDiagnostics
14:36:17.847 [debug] Node port message: 
14:36:17.847 [info] Plugins found 0 results in 0.01 ms

14:36:17.875 [info] Local completions are: []
14:36:17.875 [info] Emitting Completions: []
14:36:17.875 [debug] handled request client -> server textDocument/completion in 94ms
14:36:19.219 [debug] handled notification client -> server textDocument/didSave in 708µs
14:36:19.270 [debug] Node port message: 
14:36:19.270 [info] Building petri

14:36:19.270 [debug] sent request server -> client window/workDoneProgress/create
14:36:19.270 [debug] Node port message: 
14:36:19.270 [debug] sent request server -> client window/workDoneProgress/create

14:36:19.270 [debug] sent notification server -> client $/progress
14:36:19.271 [debug] Node port message: 
14:36:19.270 [debug] sent notification server -> client $/progress

14:36:19.271 [debug] sent notification server -> client $/progress
14:36:19.271 [debug] Node port message: 
14:36:19.271 [debug] sent notification server -> client $/progress

14:36:19.280 [debug] Node port message: Compiling 1 file (.ex)

14:36:19.290 [debug] Node port message:     error: undefined function is_enabled/3 (expected Petri to define such a function or for it to be imported, but none are available)
    â
 52 â   if is_enabled(f, n, m) do
    â      ^^^^^^^^^^
    â
    ââ (petri 0.1.0) lib/petri.ex:52:6: Petri.fire/3


14:36:19.290 [debug] Node port message: 
== Compilation error in file lib/petri.ex ==
** (CompileError) lib/petri.ex: cannot compile module Petri (errors have been logged)


14:36:19.292 [debug] sent notification server -> client $/progress
14:36:19.292 [debug] Node port message: 
14:36:19.292 [info] Plugins found 0 results in 0.008 ms

14:36:19.292 [info] Compiled petri in 22 ms
14:36:19.292 [debug] sent notification server -> client textDocument/publishDiagnostics
14:36:19.292 [debug] Node port message: 
14:36:19.292 [debug] sent notification server -> client $/progress

14:36:21.294 [debug] handled notification client -> server textDocument/didChange in 1ms
14:36:21.355 [debug] sent notification server -> client textDocument/publishDiagnostics
14:36:21.356 [debug] Node port message: 
14:36:21.355 [info] Plugins found 0 results in 0.01 ms

14:36:22.103 [debug] handled notification client -> server textDocument/didSave in 756µs
14:36:22.154 [debug] Node port message: 
14:36:22.154 [info] Building petri

14:36:22.154 [debug] sent request server -> client window/workDoneProgress/create
14:36:22.155 [debug] Node port message: 
14:36:22.154 [debug] sent request server -> client window/workDoneProgress/create

14:36:22.155 [debug] sent notification server -> client $/progress
14:36:22.155 [debug] sent notification server -> client $/progress
14:36:22.155 [debug] Node port message: 
14:36:22.155 [debug] sent notification server -> client $/progress

14:36:22.155 [debug] Node port message: 
14:36:22.155 [debug] sent notification server -> client $/progress

14:36:22.167 [debug] Node port message: Compiling 1 file (.ex)

14:36:22.178 [debug] Node port message:     error: undefined function is_enabled/3 (expected Petri to define such a function or for it to be imported, but none are available)
    â
 52 â   if is_enabled(f, n, m) do
    â      ^^^^^^^^^^
    â
    ââ (petri 0.1.0) lib/petri.ex:52:6: Petri.fire/3


14:36:22.178 [debug] Node port message: 
== Compilation error in file lib/petri.ex ==
** (CompileError) lib/petri.ex: cannot compile module Petri (errors have been logged)


14:36:22.179 [debug] sent notification server -> client $/progress
14:36:22.179 [info] Compiled petri in 25 ms
14:36:22.179 [debug] sent notification server -> client textDocument/publishDiagnostics
14:36:22.179 [debug] Node port message: 
14:36:22.179 [info] Plugins found 0 results in 0.009 ms

14:36:22.179 [debug] sent notification server -> client $/progress

14:36:38.361 [debug] handled notification client -> server textDocument/didChange in 1ms
14:36:38.423 [debug] sent notification server -> client textDocument/publishDiagnostics
14:36:38.424 [debug] Node port message: 
14:36:38.423 [info] Plugins found 0 results in 0.009 ms

14:36:38.681 [debug] handled notification client -> server textDocument/didChange in 1ms
14:36:38.750 [debug] sent notification server -> client textDocument/publishDiagnostics
14:36:38.750 [debug] Node port message: 
14:36:38.750 [info] Plugins found 0 results in 0.009 ms

14:36:38.831 [debug] handled notification client -> server textDocument/didChange in 1ms
14:36:38.900 [debug] sent notification server -> client textDocument/publishDiagnostics
14:36:38.900 [debug] Node port message: 
14:36:38.900 [info] Plugins found 0 results in 0.008 ms

14:36:39.122 [debug] handled notification client -> server textDocument/didChange in 1ms
14:36:39.183 [debug] sent notification server -> client textDocument/publishDiagnostics
14:36:39.184 [debug] Node port message: 
14:36:39.183 [info] Plugins found 0 results in 0.01 ms

14:37:00.163 [debug] handled notification client -> server textDocument/didChange in 1ms
14:37:00.226 [debug] sent notification server -> client textDocument/publishDiagnostics
14:37:00.226 [debug] Node port message: 
14:37:00.225 [info] Plugins found 0 results in 0.011 ms

14:37:00.310 [debug] handled notification client -> server textDocument/didChange in 1ms
14:37:00.371 [debug] sent notification server -> client textDocument/publishDiagnostics
14:37:00.371 [debug] Node port message: 
14:37:00.371 [info] Plugins found 0 results in 0.009 ms

14:37:00.606 [debug] handled notification client -> server textDocument/didChange in 1ms
14:37:00.668 [debug] sent notification server -> client textDocument/publishDiagnostics
14:37:00.669 [debug] Node port message: 
14:37:00.668 [info] Plugins found 0 results in 0.009 ms

14:37:00.901 [debug] handled notification client -> server textDocument/didChange in 836µs
14:37:00.962 [debug] sent notification server -> client textDocument/publishDiagnostics
14:37:00.962 [debug] Node port message: 
14:37:00.962 [info] Plugins found 0 results in 0.01 ms

14:37:01.103 [debug] handled notification client -> server textDocument/didChange in 1ms
14:37:01.164 [debug] sent notification server -> client textDocument/publishDiagnostics
14:37:01.165 [debug] Node port message: 
14:37:01.164 [info] Plugins found 0 results in 0.007 ms

14:37:01.252 [debug] handled notification client -> server textDocument/didChange in 1ms
14:37:01.314 [debug] sent notification server -> client textDocument/publishDiagnostics
14:37:01.315 [debug] Node port message: 
14:37:01.314 [info] Plugins found 0 results in 0.008 ms

14:37:02.251 [debug] handled notification client -> server textDocument/didChange in 1ms
14:37:02.275 [info] Completion for XpPos<<51, 2>>
14:37:02.305 [debug] sent notification server -> client textDocument/publishDiagnostics
14:37:02.305 [debug] Node port message: 
14:37:02.305 [info] Plugins found 0 results in 0.013 ms

14:37:02.330 [info] Local completions are: [function: (div)   macro: (dbg, dbg, dbg, def, def, defdelegate, defexception, defguard, defguardp, defimpl, defimpl, defmacro, defmacro, defmacrop, defmacrop, defmodule, defoverridable, defp, defp, defprotocol, defstruct, destructure)   ]
14:37:02.350 [info] Emitting Completions: [3:div(dividend, divisor) 3:dbg() 3:dbg(code) 3:dbg(code, options) 7:def (define a function) 7:defdelegate (define a delegate function) 7:defexception (define an exception) 7:defguard (define a guard macro) 7:defguardp (define a private guard macro) 7:defimpl (define a protocol implementation) 7:defmacro (define a macro) 7:defmacrop (define a private macro) 7:defmodule (define a module) 7:defoverridable (mark a function as overridable) 7:defp (define a private function) 7:defprotocol (define a protocol) 7:defstruct (define a struct) ]
14:37:02.353 [debug] handled request client -> server textDocument/completion in 101ms
14:37:02.450 [debug] handled notification client -> server textDocument/didChange in 1ms
14:37:02.502 [debug] sent notification server -> client textDocument/publishDiagnostics
14:37:02.503 [debug] Node port message: 
14:37:02.502 [info] Plugins found 0 results in 0.011 ms

14:37:02.696 [debug] handled notification client -> server textDocument/didChange in 1ms
14:37:02.748 [debug] sent notification server -> client textDocument/publishDiagnostics
14:37:02.748 [debug] Node port message: 
14:37:02.748 [info] Plugins found 0 results in 0.012 ms

14:37:03.016 [debug] handled notification client -> server textDocument/didChange in 1ms
14:37:03.068 [debug] sent notification server -> client textDocument/publishDiagnostics
14:37:03.069 [debug] Node port message: 
14:37:03.068 [info] Plugins found 0 results in 0.009 ms

14:37:03.434 [debug] handled notification client -> server textDocument/didChange in 1ms
14:37:03.455 [info] Completion for XpPos<<51, 6>>
14:37:03.513 [debug] sent notification server -> client textDocument/publishDiagnostics
14:37:03.513 [debug] Node port message: 
14:37:03.513 [info] Plugins found 0 results in 0.01 ms

14:37:03.522 [info] Local completions are: [module: (IEx, IO, Integer)   protocol: (Inspect)   ]
14:37:03.528 [info] Emitting Completions: [9:IEx 9:IO 9:Inspect 9:Integer ]
14:37:03.529 [debug] handled request client -> server textDocument/completion in 95ms
14:37:03.836 [debug] handled notification client -> server textDocument/didChange in 1ms
14:37:03.888 [debug] sent notification server -> client textDocument/publishDiagnostics
14:37:03.889 [debug] Node port message: 
14:37:03.888 [info] Plugins found 0 results in 0.018 ms

14:37:04.034 [debug] handled notification client -> server textDocument/didChange in 1ms
14:37:04.062 [info] Completion for XpPos<<51, 6>>
14:37:04.080 [info] Local completions are: []
14:37:04.081 [info] Emitting Completions: []
14:37:04.081 [debug] handled request client -> server textDocument/completion in 46ms
14:37:04.094 [debug] sent notification server -> client textDocument/publishDiagnostics
14:37:04.095 [debug] Node port message: 
14:37:04.094 [info] Plugins found 0 results in 0.009 ms

14:37:04.128 [debug] handled notification client -> server textDocument/didChange in 2ms
14:37:04.148 [info] Completion for XpPos<<51, 7>>
14:37:04.168 [info] Local completions are: []
14:37:04.168 [info] Emitting Completions: []
14:37:04.168 [debug] handled request client -> server textDocument/completion in 39ms
14:37:04.188 [debug] sent notification server -> client textDocument/publishDiagnostics
14:37:04.188 [debug] Node port message: 
14:37:04.188 [info] Plugins found 0 results in 0.008 ms

14:37:04.553 [debug] handled notification client -> server textDocument/didChange in 1ms
14:37:04.610 [debug] Node port message: 
14:37:04.610 [info] Plugins found 0 results in 0.009 ms

14:37:04.610 [debug] sent notification server -> client textDocument/publishDiagnostics
14:37:05.052 [debug] handled notification client -> server textDocument/didChange in 1ms
14:37:05.079 [info] Completion for XpPos<<51, 7>>
14:37:05.100 [info] Local completions are: []
14:37:05.100 [info] Emitting Completions: []
14:37:05.100 [debug] handled request client -> server textDocument/completion in 47ms
14:37:05.112 [debug] sent notification server -> client textDocument/publishDiagnostics
14:37:05.113 [debug] Node port message: 
14:37:05.112 [info] Plugins found 0 results in 0.011 ms

14:37:05.328 [debug] handled notification client -> server textDocument/didChange in 1ms
14:37:05.348 [info] Completion for XpPos<<51, 8>>
14:37:05.366 [info] Local completions are: []
14:37:05.366 [info] Emitting Completions: []
14:37:05.367 [debug] handled request client -> server textDocument/completion in 38ms
14:37:05.390 [debug] sent notification server -> client textDocument/publishDiagnostics
14:37:05.391 [debug] Node port message: 
14:37:05.390 [info] Plugins found 0 results in 0.01 ms

14:37:05.634 [debug] handled notification client -> server textDocument/didChange in 1ms
14:37:05.656 [info] Completion for XpPos<<51, 9>>
14:37:05.686 [info] Local completions are: []
14:37:05.687 [info] Emitting Completions: []
14:37:05.687 [debug] handled request client -> server textDocument/completion in 52ms
14:37:05.698 [debug] sent notification server -> client textDocument/publishDiagnostics
14:37:05.698 [debug] Node port message: 
14:37:05.697 [info] Plugins found 0 results in 0.01 ms

14:37:05.892 [debug] handled notification client -> server textDocument/didChange in 1ms
14:37:05.910 [info] Completion for XpPos<<51, 10>>
14:37:05.929 [info] Local completions are: []
14:37:05.929 [info] Emitting Completions: []
14:37:05.929 [debug] handled request client -> server textDocument/completion in 37ms
14:37:05.952 [debug] sent notification server -> client textDocument/publishDiagnostics
14:37:05.952 [debug] Node port message: 
14:37:05.951 [info] Plugins found 0 results in 0.008 ms

14:37:06.025 [debug] handled notification client -> server textDocument/didChange in 1ms
14:37:06.044 [info] Completion for XpPos<<51, 11>>
14:37:06.062 [info] Local completions are: []
14:37:06.063 [info] Emitting Completions: []
14:37:06.063 [debug] handled request client -> server textDocument/completion in 37ms
14:37:06.088 [debug] sent notification server -> client textDocument/publishDiagnostics
14:37:06.089 [debug] Node port message: 
14:37:06.088 [info] Plugins found 0 results in 0.011 ms

14:37:06.123 [debug] handled notification client -> server textDocument/didChange in 2ms
14:37:06.145 [info] Completion for XpPos<<51, 12>>
14:37:06.166 [info] Local completions are: []
14:37:06.166 [info] Emitting Completions: []
14:37:06.166 [debug] handled request client -> server textDocument/completion in 43ms
14:37:06.183 [debug] sent notification server -> client textDocument/publishDiagnostics
14:37:06.183 [debug] Node port message: 
14:37:06.183 [info] Plugins found 0 results in 0.01 ms

14:37:06.225 [debug] handled notification client -> server textDocument/didChange in 1ms
14:37:06.246 [info] Completion for XpPos<<51, 13>>
14:37:06.265 [info] Local completions are: []
14:37:06.266 [info] Emitting Completions: []
14:37:06.266 [debug] handled request client -> server textDocument/completion in 40ms
14:37:06.286 [debug] sent notification server -> client textDocument/publishDiagnostics
14:37:06.286 [debug] Node port message: 
14:37:06.286 [info] Plugins found 0 results in 0.01 ms

14:37:06.357 [debug] handled notification client -> server textDocument/didChange in 965µs
14:37:06.377 [info] Completion for XpPos<<51, 14>>
14:37:06.395 [info] Local completions are: []
14:37:06.396 [info] Emitting Completions: []
14:37:06.396 [debug] handled request client -> server textDocument/completion in 38ms
14:37:06.416 [debug] sent notification server -> client textDocument/publishDiagnostics
14:37:06.417 [debug] Node port message: 
14:37:06.416 [info] Plugins found 0 results in 0.01 ms

14:37:07.220 [debug] handled notification client -> server textDocument/didChange in 1ms
14:37:07.238 [info] Completion for XpPos<<51, 15>>
14:37:07.257 [info] Local completions are: []
14:37:07.258 [info] Emitting Completions: []
14:37:07.258 [debug] handled request client -> server textDocument/completion in 38ms
14:37:07.280 [debug] sent notification server -> client textDocument/publishDiagnostics
14:37:07.280 [debug] Node port message: 
14:37:07.279 [info] Plugins found 0 results in 0.01 ms

14:37:07.940 [debug] handled notification client -> server textDocument/didChange in 1ms
14:37:07.992 [debug] Node port message: 
14:37:07.991 [info] Plugins found 0 results in 0.009 ms

14:37:07.994 [debug] sent notification server -> client textDocument/publishDiagnostics
14:37:08.089 [debug] handled notification client -> server textDocument/didChange in 1ms
14:37:08.148 [debug] sent notification server -> client textDocument/publishDiagnostics
14:37:08.149 [debug] Node port message: 
14:37:08.148 [info] Plugins found 0 results in 0.01 ms

14:37:08.620 [debug] handled notification client -> server textDocument/didChange in 1ms
14:37:08.644 [info] Completion for XpPos<<51, 17>>
14:37:08.684 [debug] Node port message: 
14:37:08.684 [info] Plugins found 0 results in 0.024 ms

14:37:08.684 [debug] sent notification server -> client textDocument/publishDiagnostics
14:37:08.689 [info] Local completions are: [function: (fire, floor, function_exported?)   macro: (fn, for)   ]
14:37:08.691 [info] Emitting Completions: [3:fire(f, n, m) 3:floor(number) 3:function_exported?(module, function, arity) 3:fn(term) 7:for (comprehension) ]
14:37:08.691 [debug] handled request client -> server textDocument/completion in 71ms
14:37:08.978 [debug] handled notification client -> server textDocument/didChange in 1ms
14:37:09.030 [debug] Node port message: 
14:37:09.030 [info] Plugins found 0 results in 0.006 ms

14:37:09.033 [debug] sent notification server -> client textDocument/publishDiagnostics
14:37:09.646 [debug] handled notification client -> server textDocument/didChange in 1ms
14:37:09.698 [debug] Node port message: 
14:37:09.698 [info] Plugins found 0 results in 0.007 ms

14:37:09.700 [debug] sent notification server -> client textDocument/publishDiagnostics
14:37:09.842 [debug] handled notification client -> server textDocument/didChange in 1ms
14:37:09.864 [info] Completion for XpPos<<51, 20>>
14:37:09.901 [info] Local completions are: [function: (node, node, not)   ]
14:37:09.902 [info] Emitting Completions: [3:node() 3:node(arg) 3:not(value) ]
14:37:09.903 [debug] handled request client -> server textDocument/completion in 60ms
14:37:09.906 [debug] sent notification server -> client textDocument/publishDiagnostics
14:37:09.906 [debug] Node port message: 
14:37:09.906 [info] Plugins found 0 results in 0.008 ms

14:37:10.235 [debug] handled notification client -> server textDocument/didChange in 1ms
14:37:10.294 [debug] Node port message: 
14:37:10.294 [info] Plugins found 0 results in 0.008 ms

14:37:10.294 [debug] sent notification server -> client textDocument/publishDiagnostics
14:37:10.837 [debug] handled notification client -> server textDocument/didChange in 1ms
14:37:10.863 [info] Completion for XpPos<<51, 20>>
14:37:10.898 [debug] sent notification server -> client textDocument/publishDiagnostics
14:37:10.898 [debug] Node port message: 
14:37:10.898 [info] Plugins found 0 results in 0.012 ms

14:37:10.911 [info] Local completions are: [function: (node, node, not)   ]
14:37:10.912 [info] Emitting Completions: [3:node() 3:node(arg) 3:not(value) ]
14:37:10.912 [debug] handled request client -> server textDocument/completion in 74ms
14:37:11.120 [debug] handled notification client -> server textDocument/didChange in 1ms
14:37:11.172 [debug] Node port message: 
14:37:11.172 [info] Plugins found 0 results in 0.009 ms

14:37:11.174 [debug] sent notification server -> client textDocument/publishDiagnostics
14:37:11.326 [debug] handled notification client -> server textDocument/didChange in 1ms
14:37:11.378 [debug] Node port message: 
14:37:11.377 [info] Plugins found 0 results in 0.007 ms

14:37:11.380 [debug] sent notification server -> client textDocument/publishDiagnostics
14:37:11.543 [debug] handled notification client -> server textDocument/didChange in 1ms
14:37:11.564 [info] Completion for XpPos<<51, 23>>
14:37:11.605 [info] Local completions are: [function: (macro_exported?, make_ref, map_size, max, min)   macro: (match?)   ]
14:37:11.607 [info] Emitting Completions: [3:macro_exported?(module, macro, arity) 3:make_ref() 3:map_size(map) 3:max(first, second) 3:min(first, second) 3:match?(pattern, expr) ]
14:37:11.608 [debug] handled request client -> server textDocument/completion in 64ms
14:37:11.612 [debug] sent notification server -> client textDocument/publishDiagnostics
14:37:11.612 [debug] Node port message: 
14:37:11.612 [info] Plugins found 0 results in 0.01 ms

14:37:12.501 [debug] handled notification client -> server textDocument/didChange in 1ms
14:37:12.538 [info] Completion for XpPos<<51, 25>>
14:37:12.555 [debug] sent notification server -> client textDocument/publishDiagnostics
14:37:12.555 [debug] Node port message: 
14:37:12.555 [info] Plugins found 0 results in 0.008 ms

14:37:12.593 [info] Local completions are: [function: (div)   macro: (dbg, dbg, dbg, def, def, defdelegate, defexception, defguard, defguardp, defimpl, defimpl, defmacro, defmacro, defmacrop, defmacrop, defmodule, defoverridable, defp, defp, defprotocol, defstruct, destructure)   ]
14:37:12.601 [info] Emitting Completions: [3:div(dividend, divisor) 3:dbg() 3:dbg(code) 3:dbg(code, options) 7:def (define a function) 7:defdelegate (define a delegate function) 7:defexception (define an exception) 7:defguard (define a guard macro) 7:defguardp (define a private guard macro) 7:defimpl (define a protocol implementation) 7:defmacro (define a macro) 7:defmacrop (define a private macro) 7:defmodule (define a module) 7:defoverridable (mark a function as overridable) 7:defp (define a private function) 7:defprotocol (define a protocol) 7:defstruct (define a struct) ]
14:37:12.602 [debug] handled request client -> server textDocument/completion in 100ms
14:37:12.735 [debug] handled notification client -> server textDocument/didChange in 1ms
14:37:12.787 [debug] Node port message: 
14:37:12.787 [info] Plugins found 0 results in 0.012 ms

14:37:12.790 [debug] sent notification server -> client textDocument/publishDiagnostics
14:37:12.967 [debug] handled notification client -> server textDocument/didChange in 1ms
14:37:13.019 [debug] Node port message: 
14:37:13.019 [info] Plugins found 0 results in 0.007 ms

14:37:13.021 [debug] sent notification server -> client textDocument/publishDiagnostics
14:37:13.114 [debug] handled notification client -> server textDocument/didChange in 1ms
14:37:13.189 [debug] sent notification server -> client textDocument/publishDiagnostics
14:37:13.190 [debug] Node port message: 
14:37:13.189 [info] Plugins found 0 results in 0.009 ms

14:37:16.075 [debug] handled notification client -> server textDocument/didChange in 1ms
14:37:16.098 [info] Completion for XpPos<<52, 4>>
14:37:16.189 [debug] sent notification server -> client textDocument/publishDiagnostics
14:37:16.190 [debug] Node port message: 
14:37:16.188 [info] Plugins found 0 results in 0.01 ms

14:37:16.196 [info] Local completions are: [behaviour: (Module)   exception: (MatchError, MismatchedDelimiterError, MissingApplicationsError)   module: (Macro, Map, Mint, Mix)   struct: (MapSet)   ]
14:37:16.202 [info] Emitting Completions: [9:Macro 9:Map 9:MapSet 9:Mint 9:Mix 9:Module ]
14:37:16.203 [debug] handled request client -> server textDocument/completion in 126ms
14:37:16.698 [debug] handled notification client -> server textDocument/didChange in 1ms
14:37:16.777 [debug] sent notification server -> client textDocument/publishDiagnostics
14:37:16.777 [debug] Node port message: 
14:37:16.777 [info] Plugins found 0 results in 0.008 ms

14:37:16.869 [debug] handled notification client -> server textDocument/didChange in 1ms
14:37:16.946 [debug] sent notification server -> client textDocument/publishDiagnostics
14:37:16.947 [debug] Node port message: 
14:37:16.946 [info] Plugins found 0 results in 0.01 ms

14:37:17.608 [debug] handled notification client -> server textDocument/didChange in 1ms
14:37:17.684 [debug] sent notification server -> client textDocument/publishDiagnostics
14:37:17.685 [debug] Node port message: 
14:37:17.684 [info] Plugins found 0 results in 0.008 ms

14:37:18.216 [debug] handled notification client -> server textDocument/didChange in 1ms
14:37:18.240 [info] Completion for XpPos<<52, 6>>
14:37:18.295 [info] Local completions are: [module: (Map)   struct: (MapSet)   ]
14:37:18.296 [info] Emitting Completions: [9:Map 9:MapSet ]
14:37:18.296 [debug] handled request client -> server textDocument/completion in 80ms
14:37:18.318 [debug] sent notification server -> client textDocument/publishDiagnostics
14:37:18.318 [debug] Node port message: 
14:37:18.318 [info] Plugins found 0 results in 0.012 ms

14:37:18.361 [debug] handled notification client -> server textDocument/didChange in 1ms
14:37:18.433 [debug] sent notification server -> client textDocument/publishDiagnostics
14:37:18.434 [debug] Node port message: 
14:37:18.433 [info] Plugins found 0 results in 0.016 ms

14:37:18.750 [debug] handled notification client -> server textDocument/didChange in 1ms
14:37:18.774 [info] Completion for XpPos<<52, 6>>
14:37:18.827 [info] Local completions are: [module: (Map)   struct: (MapSet)   ]
14:37:18.828 [info] Emitting Completions: [9:Map 9:MapSet ]
14:37:18.829 [debug] handled request client -> server textDocument/completion in 77ms
14:37:18.852 [debug] sent notification server -> client textDocument/publishDiagnostics
14:37:18.852 [debug] Node port message: 
14:37:18.851 [info] Plugins found 0 results in 0.009 ms

14:37:19.256 [debug] handled notification client -> server textDocument/didChange in 1ms
14:37:19.342 [debug] sent notification server -> client textDocument/publishDiagnostics
14:37:19.343 [debug] Node port message: 
14:37:19.342 [info] Plugins found 0 results in 0.009 ms

14:37:19.546 [debug] handled notification client -> server textDocument/didChange in 1ms
14:37:19.637 [debug] sent notification server -> client textDocument/publishDiagnostics
14:37:19.638 [debug] Node port message: 
14:37:19.637 [info] Plugins found 0 results in 0.01 ms

14:37:19.932 [debug] handled notification client -> server textDocument/didChange in 1ms
14:37:20.020 [debug] sent notification server -> client textDocument/publishDiagnostics
14:37:20.021 [debug] Node port message: 
14:37:20.020 [info] Plugins found 0 results in 0.009 ms

14:37:20.167 [debug] handled notification client -> server textDocument/didChange in 977µs
14:37:20.203 [info] Completion for XpPos<<52, 10>>
14:37:20.218 [debug] sent notification server -> client textDocument/publishDiagnostics
14:37:20.219 [debug] Node port message: 
14:37:20.218 [info] Plugins found 0 results in 0.007 ms

14:37:20.257 [info] Local completions are: [function: (__info__, __struct__, __struct__, delete, difference, disjoint?, equal?, filter, intersection, member?, module_info, module_info, new, new, new, put, reject, size, split_with, subset?, symmetric_difference, to_list, union)   ]
14:37:20.261 [info] Emitting Completions: [3:__info__(atom) 3:__struct__() 3:__struct__(kv) 3:delete(map_set, value) 3:difference(map_set1, map_set2) 3:disjoint?(map_set1, map_set2) 3:equal?(map_set1, map_set2) 3:filter(map_set, fun) 3:intersection(map_set1, map_set2) 3:member?(map_set, value) 3:module_info() 3:module_info(key) 3:new() 3:new(enumerable) 3:new(enumerable, transform) 3:put(map_set, value) 3:reject(map_set, fun) 3:size(map_set) 3:split_with(map_set, fun) 3:subset?(map_set1, map_set2) 3:symmetric_difference(map_set1, map_set2) 3:to_list(map_set) 3:union(map_set1, map_set2) ]
14:37:20.262 [debug] handled request client -> server textDocument/completion in 94ms
14:37:20.681 [debug] handled notification client -> server textDocument/didChange in 1ms
14:37:20.713 [info] Completion for XpPos<<52, 9>>
14:37:20.786 [debug] sent notification server -> client textDocument/publishDiagnostics
14:37:20.787 [debug] Node port message: 
14:37:20.786 [info] Plugins found 0 results in 0.023 ms

14:37:20.789 [info] Local completions are: [struct: (MapSet)   ]
14:37:20.790 [info] Emitting Completions: [9:MapSet ]
14:37:20.791 [debug] handled request client -> server textDocument/completion in 109ms
14:37:21.163 [debug] handled notification client -> server textDocument/didChange in 1ms
14:37:21.215 [debug] Node port message: 
14:37:21.214 [info] Plugins found 0 results in 0.013 ms

14:37:21.217 [debug] sent notification server -> client textDocument/publishDiagnostics
14:37:21.686 [debug] handled notification client -> server textDocument/didChange in 1ms
14:37:21.716 [info] Completion for XpPos<<52, 11>>
14:37:21.737 [debug] sent notification server -> client textDocument/publishDiagnostics
14:37:21.738 [debug] Node port message: 
14:37:21.737 [info] Plugins found 0 results in 0.006 ms

14:37:21.749 [info] Local completions are: []
14:37:21.749 [info] Emitting Completions: []
14:37:21.749 [debug] handled request client -> server textDocument/completion in 62ms
14:37:26.278 [debug] handled notification client -> server textDocument/didChange in 1ms
14:37:26.300 [info] Completion for XpPos<<52, 12>>
14:37:26.317 [info] Local completions are: []
14:37:26.318 [info] Emitting Completions: []
14:37:26.318 [debug] handled request client -> server textDocument/completion in 39ms
14:37:26.329 [debug] sent notification server -> client textDocument/publishDiagnostics
14:37:26.330 [debug] Node port message: 
14:37:26.329 [info] Plugins found 0 results in 0.008 ms

14:37:26.441 [debug] handled notification client -> server textDocument/didChange in 1ms
14:37:26.459 [info] Completion for XpPos<<52, 13>>
14:37:26.475 [info] Local completions are: []
14:37:26.475 [info] Emitting Completions: []
14:37:26.475 [debug] handled request client -> server textDocument/completion in 33ms
14:37:26.493 [debug] sent notification server -> client textDocument/publishDiagnostics
14:37:26.493 [debug] Node port message: 
14:37:26.492 [info] Plugins found 0 results in 0.005 ms

14:37:26.717 [debug] handled notification client -> server textDocument/didChange in 1ms
14:37:26.734 [info] Completion for XpPos<<52, 14>>
14:37:26.750 [info] Local completions are: []
14:37:26.751 [info] Emitting Completions: []
14:37:26.751 [debug] handled request client -> server textDocument/completion in 33ms
14:37:26.769 [debug] sent notification server -> client textDocument/publishDiagnostics
14:37:26.769 [debug] Node port message: 
14:37:26.769 [info] Plugins found 0 results in 0.009 ms

14:37:26.918 [debug] handled notification client -> server textDocument/didChange in 1ms
14:37:26.935 [info] Completion for XpPos<<52, 15>>
14:37:26.951 [info] Local completions are: []
14:37:26.951 [info] Emitting Completions: []
14:37:26.951 [debug] handled request client -> server textDocument/completion in 33ms
14:37:26.970 [debug] sent notification server -> client textDocument/publishDiagnostics
14:37:26.970 [debug] Node port message: 
14:37:26.969 [info] Plugins found 0 results in 0.009 ms

14:37:27.066 [debug] handled notification client -> server textDocument/didChange in 1ms
14:37:27.084 [info] Completion for XpPos<<52, 16>>
14:37:27.101 [info] Local completions are: []
14:37:27.101 [info] Emitting Completions: []
14:37:27.102 [debug] handled request client -> server textDocument/completion in 35ms
14:37:27.117 [debug] sent notification server -> client textDocument/publishDiagnostics
14:37:27.118 [debug] Node port message: 
14:37:27.117 [info] Plugins found 0 results in 0.005 ms

14:37:27.256 [debug] handled notification client -> server textDocument/didChange in 1ms
14:37:27.273 [info] Completion for XpPos<<52, 17>>
14:37:27.289 [info] Local completions are: []
14:37:27.289 [info] Emitting Completions: []
14:37:27.289 [debug] handled request client -> server textDocument/completion in 33ms
14:37:27.308 [debug] sent notification server -> client textDocument/publishDiagnostics
14:37:27.308 [debug] Node port message: 
14:37:27.308 [info] Plugins found 0 results in 0.009 ms

14:37:30.083 [debug] handled notification client -> server textDocument/didChange in 1ms
14:37:30.105 [info] Completion for XpPos<<52, 9>>
14:37:30.158 [info] Local completions are: [struct: (MapSet)   ]
14:37:30.159 [info] Emitting Completions: [9:MapSet ]
14:37:30.159 [debug] handled request client -> server textDocument/completion in 76ms
14:37:30.182 [debug] Node port message: 
14:37:30.182 [info] Plugins found 0 results in 0.008 ms

14:37:30.182 [debug] sent notification server -> client textDocument/publishDiagnostics
14:37:31.575 [debug] handled notification client -> server textDocument/didChange in 1ms
14:37:31.649 [debug] sent notification server -> client textDocument/publishDiagnostics
14:37:31.649 [debug] Node port message: 
14:37:31.648 [info] Plugins found 0 results in 0.007 ms

14:37:35.284 [debug] handled notification client -> server textDocument/didChange in 1ms
14:37:35.336 [debug] Node port message: 
14:37:35.335 [info] Plugins found 0 results in 0.008 ms

14:37:35.339 [debug] sent notification server -> client textDocument/publishDiagnostics
14:37:35.432 [debug] handled notification client -> server textDocument/didChange in 1ms
14:37:35.506 [debug] sent notification server -> client textDocument/publishDiagnostics
14:37:35.507 [debug] Node port message: 
14:37:35.506 [info] Plugins found 0 results in 0.008 ms

14:37:35.585 [debug] handled notification client -> server textDocument/didChange in 1ms
14:37:35.614 [info] Completion for XpPos<<52, 19>>
14:37:35.647 [debug] sent notification server -> client textDocument/publishDiagnostics
14:37:35.648 [debug] Node port message: 
14:37:35.646 [info] Plugins found 0 results in 0.009 ms

14:37:35.663 [info] Local completions are: [function: (postset, preset, pop_in, put_elem, put_in)   macro: (pop_in, put_in)   ]
14:37:35.665 [info] Emitting Completions: [3:postset(f, n) 3:preset(f, n) 3:pop_in(data, keys) 3:put_elem(tuple, index, value) 3:put_in(data, keys, value) 3:pop_in(path) 3:put_in(path, value) ]
14:37:35.666 [debug] handled request client -> server textDocument/completion in 80ms
14:37:35.694 [debug] handled notification client -> server textDocument/didChange in 1ms
14:37:35.753 [debug] sent notification server -> client textDocument/publishDiagnostics
14:37:35.753 [debug] Node port message: 
14:37:35.753 [info] Plugins found 0 results in 0.009 ms

14:37:35.811 [debug] handled notification client -> server textDocument/didChange in 1ms
14:37:35.872 [debug] sent notification server -> client textDocument/publishDiagnostics
14:37:35.872 [debug] Node port message: 
14:37:35.871 [info] Plugins found 0 results in 0.011 ms

14:37:36.706 [debug] handled notification client -> server textDocument/didChange in 1ms
14:37:36.767 [debug] sent notification server -> client textDocument/publishDiagnostics
14:37:36.767 [debug] Node port message: 
14:37:36.767 [info] Plugins found 0 results in 0.009 ms

14:37:36.851 [debug] handled notification client -> server textDocument/didChange in 915µs
14:37:36.911 [debug] sent notification server -> client textDocument/publishDiagnostics
14:37:36.912 [debug] Node port message: 
14:37:36.911 [info] Plugins found 0 results in 0.008 ms

14:37:37.166 [debug] handled notification client -> server textDocument/didChange in 1ms
14:37:37.174 [debug] handled notification client -> server textDocument/didChange in 2ms
14:37:37.235 [debug] sent notification server -> client textDocument/publishDiagnostics
14:37:37.236 [debug] Node port message: 
14:37:37.235 [info] Plugins found 0 results in 0.01 ms

14:37:37.319 [debug] handled notification client -> server textDocument/didChange in 2ms
14:37:37.382 [debug] sent notification server -> client textDocument/publishDiagnostics
14:37:37.383 [debug] Node port message: 
14:37:37.382 [info] Plugins found 0 results in 0.007 ms

14:37:39.045 [debug] handled notification client -> server textDocument/didChange in 1ms
14:37:39.105 [debug] sent notification server -> client textDocument/publishDiagnostics
14:37:39.106 [debug] Node port message: 
14:37:39.105 [info] Plugins found 0 results in 0.024 ms

14:37:39.193 [debug] handled notification client -> server textDocument/didChange in 1ms
14:37:39.254 [debug] sent notification server -> client textDocument/publishDiagnostics
14:37:39.255 [debug] Node port message: 
14:37:39.254 [info] Plugins found 0 results in 0.008 ms

14:37:39.343 [debug] handled notification client -> server textDocument/didChange in 1ms
14:37:39.403 [debug] sent notification server -> client textDocument/publishDiagnostics
14:37:39.403 [debug] Node port message: 
14:37:39.402 [info] Plugins found 0 results in 0.007 ms

14:37:39.503 [debug] handled notification client -> server textDocument/didChange in 931µs
14:37:39.563 [debug] sent notification server -> client textDocument/publishDiagnostics
14:37:39.564 [debug] Node port message: 
14:37:39.563 [info] Plugins found 0 results in 0.009 ms

14:37:39.653 [debug] handled notification client -> server textDocument/didChange in 1ms
14:37:39.713 [debug] sent notification server -> client textDocument/publishDiagnostics
14:37:39.714 [debug] Node port message: 
14:37:39.713 [info] Plugins found 0 results in 0.008 ms

14:37:39.833 [debug] handled notification client -> server textDocument/didChange in 1ms
14:37:39.893 [debug] sent notification server -> client textDocument/publishDiagnostics
14:37:39.893 [debug] Node port message: 
14:37:39.892 [info] Plugins found 0 results in 0.007 ms

14:37:39.982 [debug] handled notification client -> server textDocument/didChange in 979µs
14:37:40.042 [debug] sent notification server -> client textDocument/publishDiagnostics
14:37:40.042 [debug] Node port message: 
14:37:40.041 [info] Plugins found 0 results in 0.007 ms

14:37:41.883 [debug] handled notification client -> server textDocument/didChange in 1ms
14:37:41.942 [debug] sent notification server -> client textDocument/publishDiagnostics
14:37:41.943 [debug] Node port message: 
14:37:41.942 [info] Plugins found 0 results in 0.007 ms

14:37:42.031 [debug] handled notification client -> server textDocument/didChange in 889µs
14:37:42.091 [debug] sent notification server -> client textDocument/publishDiagnostics
14:37:42.091 [debug] Node port message: 
14:37:42.091 [info] Plugins found 0 results in 0.007 ms

14:37:42.180 [debug] handled notification client -> server textDocument/didChange in 983µs
14:37:42.239 [debug] sent notification server -> client textDocument/publishDiagnostics
14:37:42.240 [debug] Node port message: 
14:37:42.239 [info] Plugins found 0 results in 0.007 ms

14:37:42.489 [debug] handled notification client -> server textDocument/didChange in 1ms
14:37:42.540 [debug] Node port message: 
14:37:42.540 [info] Plugins found 0 results in 0.006 ms

14:37:42.543 [debug] sent notification server -> client textDocument/publishDiagnostics
14:37:42.638 [debug] handled notification client -> server textDocument/didChange in 1ms
14:37:42.700 [debug] sent notification server -> client textDocument/publishDiagnostics
14:37:42.701 [debug] Node port message: 
14:37:42.700 [info] Plugins found 0 results in 0.008 ms

14:37:43.948 [debug] handled notification client -> server textDocument/didChange in 1ms
14:37:43.970 [info] Completion for XpPos<<52, 28>>
14:37:44.010 [info] Local completions are: [function: (fire, floor, function_exported?)   macro: (fn, for)   variable: (f)   ]
14:37:44.014 [info] Emitting Completions: [6:f 3:fire(f, n, m) 3:floor(number) 3:function_exported?(module, function, arity) 3:fn(term) 7:for (comprehension) ]
14:37:44.015 [debug] handled request client -> server textDocument/completion in 66ms
14:37:44.017 [debug] sent notification server -> client textDocument/publishDiagnostics
14:37:44.018 [debug] Node port message: 
14:37:44.017 [info] Plugins found 0 results in 0.011 ms

14:37:44.242 [debug] handled notification client -> server textDocument/didChange in 1ms
14:37:44.294 [debug] Node port message: 
14:37:44.294 [info] Plugins found 0 results in 0.009 ms

14:37:44.296 [debug] sent notification server -> client textDocument/publishDiagnostics
14:37:46.287 [debug] handled notification client -> server textDocument/didChange in 1ms
14:37:46.310 [info] Completion for XpPos<<52, 30>>
14:37:46.350 [info] Local completions are: [function: (node, node, not)   variable: (n)   ]
14:37:46.352 [info] Emitting Completions: [6:n 3:node() 3:node(arg) 3:not(value) ]
14:37:46.353 [debug] handled request client -> server textDocument/completion in 64ms
14:37:46.384 [debug] sent notification server -> client textDocument/publishDiagnostics
14:37:46.385 [debug] Node port message: 
14:37:46.384 [info] Plugins found 0 results in 0.008 ms

14:37:47.571 [debug] handled notification client -> server textDocument/didChange in 1ms
14:37:47.623 [debug] Node port message: 
14:37:47.622 [info] Plugins found 0 results in 0.006 ms

14:37:47.625 [debug] sent notification server -> client textDocument/publishDiagnostics
14:37:48.080 [debug] handled notification client -> server textDocument/didChange in 1ms
14:37:48.132 [debug] Node port message: 
14:37:48.132 [info] Plugins found 0 results in 0.007 ms

14:37:48.135 [debug] sent notification server -> client textDocument/publishDiagnostics
14:37:48.338 [debug] handled notification client -> server textDocument/didChange in 1ms
14:37:48.361 [info] Completion for XpPos<<52, 34>>
14:37:48.417 [info] Local completions are: [function: (macro_exported?, make_ref, map_size, max, min)   macro: (match?)   variable: (m)   ]
14:37:48.418 [info] Emitting Completions: [6:m 3:macro_exported?(module, macro, arity) 3:make_ref() 3:map_size(map) 3:max(first, second) 3:min(first, second) 3:match?(pattern, expr) ]
14:37:48.419 [debug] handled request client -> server textDocument/completion in 80ms
14:37:48.431 [debug] sent notification server -> client textDocument/publishDiagnostics
14:37:48.431 [debug] Node port message: 
14:37:48.431 [info] Plugins found 0 results in 0.01 ms

14:37:49.046 [debug] handled notification client -> server textDocument/didSave in 667µs
14:37:49.097 [debug] Node port message: 
14:37:49.097 [info] Building petri

14:37:49.097 [debug] sent request server -> client window/workDoneProgress/create
14:37:49.097 [debug] Node port message: 
14:37:49.097 [debug] sent request server -> client window/workDoneProgress/create

14:37:49.098 [debug] sent notification server -> client $/progress
14:37:49.098 [debug] Node port message: 
14:37:49.098 [debug] sent notification server -> client $/progress

14:37:49.098 [debug] sent notification server -> client $/progress
14:37:49.098 [debug] Node port message: 
14:37:49.098 [debug] sent notification server -> client $/progress

14:37:49.110 [debug] Node port message: Compiling 1 file (.ex)

14:37:49.126 [debug] sent notification server -> client $/progress
14:37:49.127 [debug] Node port message: 
14:37:49.126 [debug] sent notification server -> client $/progress

14:37:49.130 [debug] Node port message: Generated petri app

14:37:49.130 [debug] Node port message: 
14:37:49.130 [info] Compile completed with status ok Produced 0 diagnostics []

14:37:49.131 [debug] sent notification server -> client $/progress
14:37:49.132 [info] Compiled petri in 34 ms
14:37:49.132 [debug] sent notification server -> client textDocument/publishDiagnostics
14:37:49.132 [debug] Node port message: 
14:37:49.131 [info] Plugins found 0 results in 0.009 ms

14:37:49.132 [debug] Node port message: 
14:37:49.131 [debug] sent notification server -> client $/progress

14:37:50.420 [debug] handled notification client -> server textDocument/didChange in 1ms
14:37:50.518 [debug] sent notification server -> client textDocument/publishDiagnostics
14:37:50.518 [debug] Node port message: 
14:37:50.518 [info] Plugins found 0 results in 0.009 ms

14:37:51.111 [debug] handled notification client -> server textDocument/didSave in 482µs
14:37:51.162 [debug] Node port message: 
14:37:51.162 [info] Building petri

14:37:51.162 [debug] sent request server -> client window/workDoneProgress/create
14:37:51.162 [debug] Node port message: 
14:37:51.162 [debug] sent request server -> client window/workDoneProgress/create

14:37:51.163 [debug] sent notification server -> client $/progress
14:37:51.163 [debug] sent notification server -> client $/progress
14:37:51.163 [debug] Node port message: 
14:37:51.163 [debug] sent notification server -> client $/progress

14:37:51.164 [debug] Node port message: 
14:37:51.163 [debug] sent notification server -> client $/progress

14:37:51.173 [debug] Node port message: Compiling 1 file (.ex)

14:37:51.193 [debug] sent notification server -> client $/progress
14:37:51.194 [debug] Node port message: 
14:37:51.193 [debug] sent notification server -> client $/progress

14:37:51.197 [debug] Node port message: Generated petri app

14:37:51.197 [debug] Node port message: 
14:37:51.197 [info] Compile completed with status ok Produced 0 diagnostics []

14:37:51.197 [debug] sent notification server -> client $/progress
14:37:51.198 [debug] Node port message: 
14:37:51.197 [info] Plugins found 0 results in 0.01 ms

14:37:51.198 [info] Compiled petri in 35 ms
14:37:51.198 [debug] sent notification server -> client textDocument/publishDiagnostics
14:37:51.198 [debug] Node port message: 
14:37:51.197 [debug] sent notification server -> client $/progress

14:50:32.864 [debug] handled notification client -> server textDocument/didChange in 1ms
14:50:32.939 [debug] sent notification server -> client textDocument/publishDiagnostics
14:50:32.939 [debug] Node port message: 
14:50:32.939 [info] Plugins found 0 results in 0.015 ms

14:50:33.498 [debug] handled notification client -> server textDocument/didChange in 1ms
14:50:33.535 [info] Completion for XpPos<<64, 4>>
14:50:33.598 [debug] sent notification server -> client textDocument/publishDiagnostics
14:50:33.598 [debug] Node port message: 
14:50:33.598 [info] Plugins found 0 results in 0.01 ms

14:50:33.617 [info] Local completions are: []
14:50:33.617 [info] Emitting Completions: []
14:50:33.617 [debug] handled request client -> server textDocument/completion in 116ms
14:50:35.015 [debug] handled notification client -> server textDocument/didChange in 1ms
14:50:35.102 [debug] sent notification server -> client textDocument/publishDiagnostics
14:50:35.103 [debug] Node port message: 
14:50:35.102 [info] Plugins found 0 results in 0.01 ms

14:50:35.163 [debug] handled notification client -> server textDocument/didChange in 987µs
14:50:35.247 [debug] sent notification server -> client textDocument/publishDiagnostics
14:50:35.248 [debug] Node port message: 
14:50:35.247 [info] Plugins found 0 results in 0.012 ms

14:50:35.313 [debug] handled notification client -> server textDocument/didChange in 1ms
14:50:35.397 [debug] sent notification server -> client textDocument/publishDiagnostics
14:50:35.398 [debug] Node port message: 
14:50:35.397 [info] Plugins found 0 results in 0.011 ms

14:50:35.833 [debug] handled notification client -> server textDocument/didSave in 513µs
14:50:35.884 [debug] Node port message: 
14:50:35.884 [info] Building petri

14:50:35.884 [debug] sent request server -> client window/workDoneProgress/create
14:50:35.884 [debug] Node port message: 
14:50:35.884 [debug] sent request server -> client window/workDoneProgress/create

14:50:35.885 [debug] sent notification server -> client $/progress
14:50:35.886 [debug] sent notification server -> client $/progress
14:50:35.886 [debug] Node port message: 
14:50:35.885 [debug] sent notification server -> client $/progress

14:50:35.886 [debug] Node port message: 
14:50:35.886 [debug] sent notification server -> client $/progress

14:50:35.899 [debug] Node port message: Compiling 1 file (.ex)

14:50:35.917 [debug] sent notification server -> client $/progress
14:50:35.918 [debug] Node port message: 
14:50:35.917 [debug] sent notification server -> client $/progress

14:50:35.920 [debug] Node port message: Generated petri app

14:50:35.920 [debug] Node port message: 
14:50:35.920 [info] Compile completed with status ok Produced 0 diagnostics []

14:50:35.923 [debug] sent notification server -> client $/progress
14:50:35.924 [info] Compiled petri in 39 ms
14:50:35.924 [debug] sent notification server -> client textDocument/publishDiagnostics
14:50:35.924 [debug] Node port message: 
14:50:35.923 [info] Plugins found 0 results in 0.01 ms

14:50:35.924 [debug] Node port message: 
14:50:35.923 [debug] sent notification server -> client $/progress

14:50:38.311 [debug] handled notification client -> server textDocument/didChange in 1ms
14:50:38.399 [debug] sent notification server -> client textDocument/publishDiagnostics
14:50:38.399 [debug] Node port message: 
14:50:38.399 [info] Plugins found 0 results in 0.015 ms

14:50:38.934 [debug] handled notification client -> server textDocument/didSave in 1ms
14:50:38.985 [debug] Node port message: 
14:50:38.985 [info] Building petri

14:50:38.985 [debug] sent request server -> client window/workDoneProgress/create
14:50:38.986 [debug] Node port message: 
14:50:38.985 [debug] sent request server -> client window/workDoneProgress/create

14:50:38.986 [debug] sent notification server -> client $/progress
14:50:38.987 [debug] sent notification server -> client $/progress
14:50:38.987 [debug] Node port message: 
14:50:38.986 [debug] sent notification server -> client $/progress

14:50:38.987 [debug] Node port message: 
14:50:38.987 [debug] sent notification server -> client $/progress

14:50:39.002 [debug] Node port message: Compiling 1 file (.ex)

14:50:39.025 [debug] sent notification server -> client $/progress
14:50:39.026 [debug] Node port message: 
14:50:39.025 [debug] sent notification server -> client $/progress

14:50:39.033 [debug] Node port message: Generated petri app

14:50:39.034 [debug] Node port message: 
14:50:39.034 [info] Compile completed with status ok Produced 0 diagnostics []

14:50:39.034 [debug] sent notification server -> client $/progress
14:50:39.035 [debug] Node port message: 
14:50:39.034 [debug] sent notification server -> client $/progress

14:50:39.035 [info] Compiled petri in 50 ms
14:50:39.035 [debug] sent notification server -> client textDocument/publishDiagnostics
14:50:39.036 [debug] Node port message: 
14:50:39.035 [info] Plugins found 0 results in 0.01 ms

14:56:14.840 [debug] handled notification client -> server textDocument/didChange in 3ms
14:56:14.969 [debug] sent notification server -> client textDocument/publishDiagnostics
14:56:14.970 [debug] Node port message: 
14:56:14.969 [info] Plugins found 0 results in 0.03 ms

14:56:16.420 [debug] handled notification client -> server textDocument/didSave in 2ms
14:56:16.473 [debug] sent request server -> client window/workDoneProgress/create
14:56:16.474 [debug] Node port message: 
14:56:16.472 [info] Building petri

14:56:16.474 [debug] Node port message: 
14:56:16.473 [debug] sent request server -> client window/workDoneProgress/create

14:56:16.475 [debug] sent notification server -> client $/progress
14:56:16.477 [debug] Node port message: 
14:56:16.475 [debug] sent notification server -> client $/progress

14:56:16.477 [debug] sent notification server -> client $/progress
14:56:16.479 [debug] Node port message: 
14:56:16.477 [debug] sent notification server -> client $/progress

14:56:16.520 [debug] Node port message: Compiling 1 file (.ex)

14:56:16.596 [debug] sent notification server -> client $/progress
14:56:16.598 [debug] Node port message: 
14:56:16.596 [debug] sent notification server -> client $/progress

14:56:16.606 [debug] Node port message: Generated petri app

14:56:16.608 [debug] Node port message: 
14:56:16.608 [info] Compile completed with status ok Produced 0 diagnostics []

14:56:16.609 [debug] sent notification server -> client $/progress
14:56:16.610 [info] Compiled petri in 138 ms
14:56:16.610 [debug] sent notification server -> client textDocument/publishDiagnostics
14:56:16.611 [debug] Node port message: 
14:56:16.609 [debug] sent notification server -> client $/progress

14:56:16.610 [info] Plugins found 0 results in 0.03 ms

14:57:16.186 [debug] handled notification client -> server textDocument/didChange in 4ms
14:57:16.335 [debug] handled notification client -> server textDocument/didChange in 4ms
14:57:16.394 [debug] sent notification server -> client textDocument/publishDiagnostics
14:57:16.395 [debug] Node port message: 
14:57:16.394 [info] Plugins found 0 results in 0.022 ms

14:57:16.482 [debug] handled notification client -> server textDocument/didChange in 6ms
14:57:16.507 [debug] sent notification server -> client textDocument/publishDiagnostics
14:57:16.508 [debug] Node port message: 
14:57:16.507 [info] Plugins found 0 results in 0.02 ms

14:57:16.626 [debug] handled notification client -> server textDocument/didChange in 5ms
14:57:16.638 [debug] sent notification server -> client textDocument/publishDiagnostics
14:57:16.639 [debug] Node port message: 
14:57:16.638 [info] Plugins found 0 results in 0.019 ms

14:57:16.761 [debug] sent notification server -> client textDocument/publishDiagnostics
14:57:16.762 [debug] Node port message: 
14:57:16.761 [info] Plugins found 0 results in 0.031 ms

14:57:16.773 [debug] handled notification client -> server textDocument/didChange in 4ms
14:57:16.905 [debug] sent notification server -> client textDocument/publishDiagnostics
14:57:16.906 [debug] Node port message: 
14:57:16.905 [info] Plugins found 0 results in 0.032 ms

14:57:16.920 [debug] handled notification client -> server textDocument/didChange in 4ms
14:57:17.062 [debug] sent notification server -> client textDocument/publishDiagnostics
14:57:17.064 [debug] Node port message: 
14:57:17.062 [info] Plugins found 0 results in 0.025 ms

14:57:17.071 [debug] handled notification client -> server textDocument/didChange in 4ms
14:57:17.220 [debug] handled notification client -> server textDocument/didChange in 4ms
14:57:17.240 [debug] sent notification server -> client textDocument/publishDiagnostics
14:57:17.241 [debug] Node port message: 
14:57:17.240 [info] Plugins found 0 results in 0.033 ms

14:57:17.370 [debug] handled notification client -> server textDocument/didChange in 5ms
14:57:17.414 [debug] sent notification server -> client textDocument/publishDiagnostics
14:57:17.415 [debug] Node port message: 
14:57:17.414 [info] Plugins found 0 results in 0.026 ms

14:57:17.514 [debug] handled notification client -> server textDocument/didChange in 5ms
14:57:17.587 [debug] sent notification server -> client textDocument/publishDiagnostics
14:57:17.588 [debug] Node port message: 
14:57:17.587 [info] Plugins found 0 results in 0.031 ms

14:57:17.667 [debug] handled notification client -> server textDocument/didChange in 6ms
14:57:17.719 [debug] sent notification server -> client textDocument/publishDiagnostics
14:57:17.720 [debug] Node port message: 
14:57:17.719 [info] Plugins found 0 results in 0.028 ms

14:57:17.862 [debug] sent notification server -> client textDocument/publishDiagnostics
14:57:17.863 [debug] Node port message: 
14:57:17.862 [info] Plugins found 0 results in 0.035 ms

14:57:19.712 [debug] handled notification client -> server textDocument/didChange in 4ms
14:57:19.834 [debug] sent notification server -> client textDocument/publishDiagnostics
14:57:19.835 [debug] Node port message: 
14:57:19.830 [info] Plugins found 0 results in 0.036 ms

14:57:19.955 [info] Completion for XpPos<<95, 6>>
14:57:20.088 [info] Local completions are: []
14:57:20.089 [info] Emitting Completions: []
14:57:20.089 [debug] handled request client -> server textDocument/completion in 342ms
14:57:24.234 [debug] handled notification client -> server textDocument/didChange in 4ms
14:57:24.331 [debug] sent notification server -> client textDocument/publishDiagnostics
14:57:24.332 [debug] Node port message: 
14:57:24.330 [info] Plugins found 0 results in 0.029 ms

14:57:35.343 [debug] handled notification client -> server textDocument/didChange in 7ms
14:57:35.397 [debug] Node port message: 
14:57:35.396 [info] Plugins found 0 results in 0.015 ms

14:57:35.406 [debug] sent notification server -> client textDocument/publishDiagnostics
14:57:39.332 [debug] handled notification client -> server textDocument/didChange in 5ms
14:57:39.389 [debug] Node port message: 
14:57:39.388 [info] Plugins found 0 results in 0.028 ms

14:57:39.402 [debug] sent notification server -> client textDocument/publishDiagnostics
14:57:40.244 [debug] handled notification client -> server textDocument/didChange in 4ms
14:57:40.301 [debug] Node port message: 
14:57:40.300 [info] Plugins found 0 results in 0.025 ms

14:57:40.319 [debug] sent notification server -> client textDocument/publishDiagnostics
14:57:43.262 [debug] handled notification client -> server textDocument/didChange in 5ms
14:57:43.320 [debug] Node port message: 
14:57:43.319 [info] Plugins found 0 results in 0.035 ms

14:57:43.334 [debug] sent notification server -> client textDocument/publishDiagnostics
14:57:44.876 [debug] handled notification client -> server textDocument/didChange in 3ms
14:57:44.931 [debug] Node port message: 
14:57:44.930 [info] Plugins found 0 results in 0.016 ms

14:57:44.936 [debug] sent notification server -> client textDocument/publishDiagnostics
14:57:50.916 [debug] handled notification client -> server textDocument/didChange in 5ms
14:57:51.007 [debug] sent notification server -> client textDocument/publishDiagnostics
14:57:51.009 [debug] Node port message: 
14:57:51.006 [info] Plugins found 0 results in 0.026 ms

14:57:59.105 [debug] handled notification client -> server textDocument/didChange in 4ms
14:57:59.200 [debug] Node port message: 
14:57:59.199 [info] Plugins found 0 results in 0.031 ms

14:57:59.200 [debug] sent notification server -> client textDocument/publishDiagnostics
14:58:02.119 [debug] handled notification client -> server textDocument/didChange in 1ms
14:58:02.191 [debug] sent notification server -> client textDocument/publishDiagnostics
14:58:02.192 [debug] Node port message: 
14:58:02.191 [info] Plugins found 0 results in 0.013 ms

14:58:03.217 [debug] handled notification client -> server textDocument/didSave in 1ms
14:58:03.270 [debug] Node port message: 
14:58:03.269 [info] Building petri

14:58:03.270 [debug] sent request server -> client window/workDoneProgress/create
14:58:03.272 [debug] Node port message: 
14:58:03.270 [debug] sent request server -> client window/workDoneProgress/create

14:58:03.273 [debug] sent notification server -> client $/progress
14:58:03.275 [debug] Node port message: 
14:58:03.273 [debug] sent notification server -> client $/progress

14:58:03.276 [debug] sent notification server -> client $/progress
14:58:03.278 [debug] Node port message: 
14:58:03.276 [debug] sent notification server -> client $/progress

14:58:03.332 [debug] Node port message: Compiling 1 file (.ex)

14:58:03.386 [debug] Node port message:     error: undefined function is_place?/1 (expected Petri to define such a function or for it to be imported, but none are available)
    â
 69 â                  |> Enum.filter(fn nodo -> !is_place?(nodo) end)
    â                                             ^^^^^^^^^
    â
    ââ (petri 0.1.0) lib/petri.ex:69:45: Petri.enablement_list/2


14:58:03.388 [debug] Node port message:     error: undefined function is_place?/1 (expected Petri to define such a function or for it to be imported, but none are available)
    â
 67 â                  |> Enum.map(fn [a, b] -> if is_place?(a), do: b, else: a end) 
    â                                              ^^^^^^^^^
    â
    ââ (petri 0.1.0) lib/petri.ex:67:46: Petri.enablement_list/2


14:58:03.393 [debug] Node port message:     error: undefined function preset_map/2 (expected Petri to define such a function or for it to be imported, but none are available)
    â
 82 â     pre = preset_map(mapa, t)
    â           ^^^^^^^^^^
    â
    ââ (petri 0.1.0) lib/petri.ex:82:11: Petri.enablement_map/2


14:58:03.395 [debug] Node port message:     error: undefined function is_place?/1 (expected Petri to define such a function or for it to be imported, but none are available)
    â
 79 â   |> Enum.filter(fn nodo -> !is_place?(nodo) end)
    â                              ^^^^^^^^^
    â
    ââ (petri 0.1.0) lib/petri.ex:79:30: Petri.enablement_map/2


14:58:03.395 [debug] Node port message: 
== Compilation error in file lib/petri.ex ==
** (CompileError) lib/petri.ex: cannot compile module Petri (errors have been logged)


14:58:03.402 [debug] sent notification server -> client $/progress
14:58:03.404 [info] Compiled petri in 134 ms
14:58:03.404 [debug] sent notification server -> client textDocument/publishDiagnostics
14:58:03.406 [debug] Node port message: 
14:58:03.403 [info] Plugins found 0 results in 0.033 ms

14:58:03.402 [debug] sent notification server -> client $/progress

14:58:04.556 [debug] handled notification client -> server textDocument/didChange in 3ms
14:58:04.655 [debug] sent notification server -> client textDocument/publishDiagnostics
14:58:04.658 [debug] Node port message: 
14:58:04.654 [info] Plugins found 0 results in 0.034 ms

14:58:05.252 [debug] handled notification client -> server textDocument/didSave in 2ms
14:58:05.305 [debug] Node port message: 
14:58:05.304 [info] Building petri

14:58:05.306 [debug] sent request server -> client window/workDoneProgress/create
14:58:05.307 [debug] Node port message: 
14:58:05.306 [debug] sent request server -> client window/workDoneProgress/create

14:58:05.308 [debug] sent notification server -> client $/progress
14:58:05.311 [debug] sent notification server -> client $/progress
14:58:05.312 [debug] Node port message: 
14:58:05.308 [debug] sent notification server -> client $/progress

14:58:05.313 [debug] Node port message: 
14:58:05.311 [debug] sent notification server -> client $/progress

14:58:05.355 [debug] Node port message: Compiling 1 file (.ex)

14:58:05.403 [debug] Node port message:     error: undefined function is_place?/1 (expected Petri to define such a function or for it to be imported, but none are available)
    â
 69 â                  |> Enum.filter(fn nodo -> !is_place?(nodo) end)
    â                                             ^^^^^^^^^
    â
    ââ (petri 0.1.0) lib/petri.ex:69:45: Petri.enablement_list/2


14:58:05.406 [debug] Node port message:     error: undefined function is_place?/1 (expected Petri to define such a function or for it to be imported, but none are available)
    â
 67 â                  |> Enum.map(fn [a, b] -> if is_place?(a), do: b, else: a end) 
    â                                              ^^^^^^^^^
    â
    ââ (petri 0.1.0) lib/petri.ex:67:46: Petri.enablement_list/2


14:58:05.416 [debug] Node port message:     error: undefined function preset_map/2 (expected Petri to define such a function or for it to be imported, but none are available)
    â
 81 â     pre = preset_map(mapa, t)
    â           ^^^^^^^^^^
    â
    ââ (petri 0.1.0) lib/petri.ex:81:11: Petri.enablement_map/2


14:58:05.418 [debug] Node port message:     error: undefined function is_place?/1 (expected Petri to define such a function or for it to be imported, but none are available)
    â
 79 â   |> Enum.filter(fn nodo -> !is_place?(nodo) end)
    â                              ^^^^^^^^^
    â
    ââ (petri 0.1.0) lib/petri.ex:79:30: Petri.enablement_map/2


14:58:05.419 [debug] Node port message: 
== Compilation error in file lib/petri.ex ==
** (CompileError) lib/petri.ex: cannot compile module Petri (errors have been logged)


14:58:05.432 [debug] sent notification server -> client $/progress
14:58:05.433 [info] Compiled petri in 129 ms
14:58:05.434 [debug] sent notification server -> client textDocument/publishDiagnostics
14:58:05.435 [debug] Node port message: 
14:58:05.433 [info] Plugins found 0 results in 0.034 ms

14:58:05.436 [debug] Node port message: 
14:58:05.432 [debug] sent notification server -> client $/progress

14:58:33.830 [debug] handled notification client -> server textDocument/didChange in 2ms
14:58:33.933 [debug] sent notification server -> client textDocument/publishDiagnostics
14:58:33.935 [debug] Node port message: 
14:58:33.932 [info] Plugins found 0 results in 0.032 ms

14:58:36.860 [debug] handled notification client -> server textDocument/didChange in 5ms
14:58:36.950 [debug] sent notification server -> client textDocument/publishDiagnostics
14:58:36.952 [debug] Node port message: 
14:58:36.950 [info] Plugins found 0 results in 0.026 ms

14:58:37.024 [debug] handled notification client -> server textDocument/didChange in 31ms
14:58:37.106 [debug] sent notification server -> client textDocument/publishDiagnostics
14:58:37.107 [debug] Node port message: 
14:58:37.106 [info] Plugins found 0 results in 0.014 ms

14:58:37.531 [debug] handled notification client -> server textDocument/didChange in 5ms
14:58:37.627 [debug] sent notification server -> client textDocument/publishDiagnostics
14:58:37.629 [debug] Node port message: 
14:58:37.627 [info] Plugins found 0 results in 0.026 ms

14:58:37.694 [debug] handled notification client -> server textDocument/didChange in 19ms
14:58:37.785 [debug] sent notification server -> client textDocument/publishDiagnostics
14:58:37.787 [debug] Node port message: 
14:58:37.784 [info] Plugins found 0 results in 0.034 ms

14:58:37.965 [debug] handled notification client -> server textDocument/didChange in 2ms
14:58:38.049 [debug] sent notification server -> client textDocument/publishDiagnostics
14:58:38.050 [debug] Node port message: 
14:58:38.049 [info] Plugins found 0 results in 0.02 ms

14:58:38.810 [debug] handled notification client -> server textDocument/didSave in 3ms
14:58:38.862 [debug] sent request server -> client window/workDoneProgress/create
14:58:38.862 [debug] Node port message: 
14:58:38.861 [info] Building petri

14:58:38.863 [debug] Node port message: 
14:58:38.862 [debug] sent request server -> client window/workDoneProgress/create

14:58:38.864 [debug] sent notification server -> client $/progress
14:58:38.865 [debug] sent notification server -> client $/progress
14:58:38.866 [debug] Node port message: 
14:58:38.864 [debug] sent notification server -> client $/progress

14:58:38.866 [debug] Node port message: 
14:58:38.865 [debug] sent notification server -> client $/progress

14:58:38.896 [debug] Node port message: Compiling 1 file (.ex)

14:58:38.937 [debug] Node port message:     error: undefined function is_place?/1 (expected Petri to define such a function or for it to be imported, but none are available)
    â
 69 â     |> Enum.filter(fn nodo -> !is_place?(nodo) end)
    â                                ^^^^^^^^^
    â
    ââ (petri 0.1.0) lib/petri.ex:69:32: Petri.enablement_list/2


14:58:38.939 [debug] Node port message:     error: undefined function is_place?/1 (expected Petri to define such a function or for it to be imported, but none are available)
    â
 67 â     |> Enum.map(fn [a, b] -> if is_place?(a), do: b, else: a end) 
    â                                 ^^^^^^^^^
    â
    ââ (petri 0.1.0) lib/petri.ex:67:33: Petri.enablement_list/2


14:58:38.943 [debug] Node port message:     error: undefined function preset_map/2 (expected Petri to define such a function or for it to be imported, but none are available)
    â
 81 â     pre = preset_map(mapa, t)
    â           ^^^^^^^^^^
    â
    ââ (petri 0.1.0) lib/petri.ex:81:11: Petri.enablement_map/2


14:58:38.944 [debug] Node port message:     error: undefined function is_place?/1 (expected Petri to define such a function or for it to be imported, but none are available)
    â
 79 â   |> Enum.filter(fn nodo -> !is_place?(nodo) end)
    â                              ^^^^^^^^^
    â
    ââ (petri 0.1.0) lib/petri.ex:79:30: Petri.enablement_map/2


14:58:38.945 [debug] Node port message: 
== Compilation error in file lib/petri.ex ==
** (CompileError) lib/petri.ex: cannot compile module Petri (errors have been logged)


14:58:38.952 [debug] sent notification server -> client $/progress
14:58:38.953 [info] Compiled petri in 91 ms
14:58:38.954 [debug] sent notification server -> client textDocument/publishDiagnostics
14:58:38.955 [debug] Node port message: 
14:58:38.952 [info] Plugins found 0 results in 0.035 ms

14:58:38.952 [debug] sent notification server -> client $/progress

14:58:42.494 [debug] handled notification client -> server textDocument/didChange in 4ms
14:58:42.587 [debug] sent notification server -> client textDocument/publishDiagnostics
14:58:42.587 [debug] Node port message: 
14:58:42.586 [info] Plugins found 0 results in 0.04 ms

14:58:42.641 [debug] handled notification client -> server textDocument/didChange in 3ms
14:58:42.731 [debug] sent notification server -> client textDocument/publishDiagnostics
14:58:42.732 [debug] Node port message: 
14:58:42.731 [info] Plugins found 0 results in 0.034 ms

14:58:42.821 [debug] handled notification client -> server textDocument/didChange in 5ms
14:58:42.921 [debug] sent notification server -> client textDocument/publishDiagnostics
14:58:42.922 [debug] Node port message: 
14:58:42.921 [info] Plugins found 0 results in 0.016 ms

14:58:43.629 [debug] handled notification client -> server textDocument/didSave in 2ms
14:58:43.681 [debug] Node port message: 
14:58:43.680 [info] Building petri

14:58:43.681 [debug] sent request server -> client window/workDoneProgress/create
14:58:43.682 [debug] Node port message: 
14:58:43.681 [debug] sent request server -> client window/workDoneProgress/create

14:58:43.684 [debug] sent notification server -> client $/progress
14:58:43.686 [debug] sent notification server -> client $/progress
14:58:43.687 [debug] Node port message: 
14:58:43.684 [debug] sent notification server -> client $/progress

14:58:43.687 [debug] Node port message: 
14:58:43.686 [debug] sent notification server -> client $/progress

14:58:43.716 [debug] Node port message: Compiling 1 file (.ex)

14:58:43.756 [debug] Node port message:     error: undefined function is_place?/1 (expected Petri to define such a function or for it to be imported, but none are available)
    â
 69 â     |> Enum.filter(fn nodo -> !is_place?(nodo) end)
    â                                ^^^^^^^^^
    â
    ââ (petri 0.1.0) lib/petri.ex:69:32: Petri.enablement_list/2


14:58:43.757 [debug] Node port message:     error: undefined function is_place?/1 (expected Petri to define such a function or for it to be imported, but none are available)
    â
 67 â     |> Enum.map(fn [a, b] -> if is_place?(a), do: b, else: a end) 
    â                                 ^^^^^^^^^
    â
    ââ (petri 0.1.0) lib/petri.ex:67:33: Petri.enablement_list/2


14:58:43.759 [debug] Node port message:     error: undefined function preset_map/2 (expected Petri to define such a function or for it to be imported, but none are available)
    â
 81 â     pre = preset_map(mapa, t)
    â           ^^^^^^^^^^
    â
    ââ (petri 0.1.0) lib/petri.ex:81:11: Petri.enablement_map/2


14:58:43.762 [debug] Node port message:     error: undefined function is_place?/1 (expected Petri to define such a function or for it to be imported, but none are available)
    â
 79 â   |> Enum.filter(fn nodo -> !is_place?(nodo) end)
    â                              ^^^^^^^^^
    â
    ââ (petri 0.1.0) lib/petri.ex:79:30: Petri.enablement_map/2


14:58:43.763 [debug] Node port message: 
== Compilation error in file lib/petri.ex ==
** (CompileError) lib/petri.ex: cannot compile module Petri (errors have been logged)


14:58:43.767 [debug] sent notification server -> client $/progress
14:58:43.767 [info] Compiled petri in 88 ms
14:58:43.768 [debug] sent notification server -> client textDocument/publishDiagnostics
14:58:43.769 [debug] Node port message: 
14:58:43.767 [info] Plugins found 0 results in 0.016 ms

14:58:43.767 [debug] sent notification server -> client $/progress

14:58:52.008 [debug] handled notification client -> server textDocument/didSave in 2ms
14:58:52.061 [debug] sent request server -> client window/workDoneProgress/create
14:58:52.061 [debug] Node port message: 
14:58:52.060 [info] Building petri

14:58:52.063 [debug] Node port message: 
14:58:52.061 [debug] sent request server -> client window/workDoneProgress/create

14:58:52.064 [debug] sent notification server -> client $/progress
14:58:52.065 [debug] sent notification server -> client $/progress
14:58:52.067 [debug] Node port message: 
14:58:52.064 [debug] sent notification server -> client $/progress

14:58:52.068 [debug] Node port message: 
14:58:52.065 [debug] sent notification server -> client $/progress

14:58:52.097 [debug] Node port message: Compiling 1 file (.ex)

14:58:52.146 [debug] Node port message:     error: undefined function is_place?/1 (expected Petri to define such a function or for it to be imported, but none are available)
    â
 69 â     |> Enum.filter(fn nodo -> !is_place?(nodo) end)
    â                                ^^^^^^^^^
    â
    ââ (petri 0.1.0) lib/petri.ex:69:32: Petri.enablement_list/2


14:58:52.149 [debug] Node port message:     error: undefined function is_place?/1 (expected Petri to define such a function or for it to be imported, but none are available)
    â
 67 â     |> Enum.map(fn [a, b] -> if is_place?(a), do: b, else: a end) 
    â                                 ^^^^^^^^^
    â
    ââ (petri 0.1.0) lib/petri.ex:67:33: Petri.enablement_list/2


14:58:52.151 [debug] Node port message:     error: undefined function preset_map/2 (expected Petri to define such a function or for it to be imported, but none are available)
    â
 81 â     pre = preset_map(mapa, t)
    â           ^^^^^^^^^^
    â
    ââ (petri 0.1.0) lib/petri.ex:81:11: Petri.enablement_map/2


14:58:52.152 [debug] Node port message:     error: undefined function is_place?/1 (expected Petri to define such a function or for it to be imported, but none are available)
    â
 79 â   |> Enum.filter(fn nodo -> !is_place?(nodo) end)
    â                              ^^^^^^^^^
    â
    ââ (petri 0.1.0) lib/petri.ex:79:30: Petri.enablement_map/2


14:58:52.153 [debug] Node port message: 
== Compilation error in file lib/petri.ex ==
** (CompileError) lib/petri.ex: cannot compile module Petri (errors have been logged)


14:58:52.156 [debug] sent notification server -> client $/progress
14:58:52.157 [info] Compiled petri in 97 ms
14:58:52.158 [debug] sent notification server -> client textDocument/publishDiagnostics
14:58:52.159 [debug] Node port message: 
14:58:52.156 [debug] sent notification server -> client $/progress

14:58:52.157 [info] Plugins found 0 results in 0.026 ms

15:00:17.986 [debug] handled notification client -> server textDocument/didChange in 2ms
15:00:18.038 [debug] Node port message: 
15:00:18.038 [info] Plugins found 0 results in 0.011 ms

15:00:18.046 [debug] sent notification server -> client textDocument/publishDiagnostics
15:00:18.860 [debug] handled notification client -> server textDocument/didChange in 1ms
15:00:18.919 [debug] Node port message: 
15:00:18.919 [info] Plugins found 0 results in 0.012 ms

15:00:18.920 [debug] sent notification server -> client textDocument/publishDiagnostics
15:00:20.499 [debug] handled notification client -> server textDocument/didSave in 957µs
15:00:20.550 [debug] Node port message: 
15:00:20.550 [info] Building petri

15:00:20.550 [debug] sent request server -> client window/workDoneProgress/create
15:00:20.551 [debug] sent notification server -> client $/progress
15:00:20.553 [debug] Node port message: 
15:00:20.550 [debug] sent request server -> client window/workDoneProgress/create

15:00:20.553 [debug] Node port message: 
15:00:20.551 [debug] sent notification server -> client $/progress

15:00:20.553 [debug] sent notification server -> client $/progress
15:00:20.554 [debug] Node port message: 
15:00:20.553 [debug] sent notification server -> client $/progress

15:00:20.568 [debug] Node port message: Compiling 1 file (.ex)

15:00:20.579 [debug] Node port message: 
== Compilation error in file lib/petri.ex ==
** (ArgumentError) cannot invoke def/2 inside function/macro
    (elixir 1.18.3) lib/kernel.ex:6833: Kernel.assert_no_function_scope/3
    (elixir 1.18.3) lib/kernel.ex:5309: Kernel.define/4
    (elixir 1.18.3) expanding macro: Kernel.def/2
    (petri 0.1.0) lib/petri.ex:64: Petri.fire/3

15:00:20.580 [debug] sent notification server -> client $/progress
15:00:20.581 [debug] Node port message: 
15:00:20.580 [info] Plugins found 0 results in 0.009 ms

15:00:20.581 [debug] Node port message: 
15:00:20.580 [debug] sent notification server -> client $/progress

15:00:20.581 [info] Compiled petri in 30 ms
15:00:20.581 [debug] sent notification server -> client textDocument/publishDiagnostics
15:00:26.507 [debug] handled notification client -> server textDocument/didChange in 1ms
15:00:26.559 [debug] Node port message: 
15:00:26.559 [info] Plugins found 0 results in 0.01 ms

15:00:26.563 [debug] sent notification server -> client textDocument/publishDiagnostics
15:00:27.118 [debug] handled notification client -> server textDocument/didChange in 1ms
15:00:27.170 [debug] Node port message: 
15:00:27.169 [info] Plugins found 0 results in 0.009 ms

15:00:27.174 [debug] sent notification server -> client textDocument/publishDiagnostics
15:00:27.265 [debug] handled notification client -> server textDocument/didChange in 1ms
15:00:27.317 [debug] Node port message: 
15:00:27.317 [info] Plugins found 0 results in 0.014 ms

15:00:27.321 [debug] sent notification server -> client textDocument/publishDiagnostics
15:00:27.643 [debug] handled notification client -> server textDocument/didChange in 1ms
15:00:27.655 [debug] handled notification client -> server textDocument/didChange in 1ms
15:00:27.708 [debug] Node port message: 
15:00:27.707 [info] Plugins found 0 results in 0.011 ms

15:00:27.708 [debug] sent notification server -> client textDocument/publishDiagnostics
15:00:27.774 [info] Completion for XpPos<<100, 6>>
15:00:27.902 [info] Local completions are: []
15:00:27.902 [info] Emitting Completions: []
15:00:27.903 [debug] handled request client -> server textDocument/completion in 246ms
15:00:28.682 [debug] handled notification client -> server textDocument/didSave in 987µs
15:00:28.734 [debug] sent request server -> client window/workDoneProgress/create
15:00:28.734 [debug] Node port message: 
15:00:28.733 [info] Building petri

15:00:28.734 [debug] Node port message: 
15:00:28.734 [debug] sent request server -> client window/workDoneProgress/create

15:00:28.744 [debug] sent notification server -> client $/progress
15:00:28.744 [debug] Node port message: 
15:00:28.744 [debug] sent notification server -> client $/progress

15:00:28.744 [debug] sent notification server -> client $/progress
15:00:28.745 [debug] Node port message: 
15:00:28.744 [debug] sent notification server -> client $/progress

15:00:28.756 [debug] Node port message: Compiling 1 file (.ex)

15:00:28.758 [debug] Node port message: 
== Compilation error in file lib/petri.ex ==
** (TokenMissingError) token missing on lib/petri.ex:101:4:
     error: missing terminator: end
     hint: it looks like the "do" on line 1 does not have a matching "end"
     â
   1 â defmodule Petri do
     â                 â unclosed delimiter
 ...
 101 â end
     â    â missing closing delimiter (expected "end")
     â
     ââ lib/petri.ex:101:4
    (elixir 1.18.3) lib/kernel/parallel_compiler.ex:428: anonymous fn/5 in Kernel.ParallelCompiler.spawn_workers/8

15:00:28.759 [debug] sent notification server -> client $/progress
15:00:28.759 [info] Compiled petri in 26 ms
15:00:28.759 [debug] Node port message: 
15:00:28.759 [info] Plugins found 0 results in 0.009 ms

15:00:28.759 [debug] Node port message: 
15:00:28.759 [debug] sent notification server -> client $/progress

15:00:28.760 [debug] sent notification server -> client textDocument/publishDiagnostics
15:00:31.961 [debug] handled notification client -> server textDocument/didChange in 1ms
15:00:32.014 [debug] Node port message: 
15:00:32.014 [info] Plugins found 0 results in 0.014 ms

15:00:32.023 [debug] sent notification server -> client textDocument/publishDiagnostics
15:00:32.106 [debug] handled notification client -> server textDocument/didChange in 1ms
15:00:32.159 [debug] Node port message: 
15:00:32.158 [info] Plugins found 0 results in 0.012 ms

15:00:32.166 [debug] sent notification server -> client textDocument/publishDiagnostics
15:00:32.331 [debug] handled notification client -> server textDocument/didChange in 1ms
15:00:32.384 [debug] sent notification server -> client textDocument/publishDiagnostics
15:00:32.385 [debug] Node port message: 
15:00:32.384 [info] Plugins found 0 results in 0.011 ms

15:00:32.404 [info] Completion for XpPos<<102, 4>>
15:00:32.430 [debug] handled notification client -> server textDocument/didChange in 1ms
15:00:32.483 [debug] Node port message: 
15:00:32.482 [info] Plugins found 0 results in 0.012 ms

15:00:32.485 [info] Local completions are: [function: (enablement_list, enablement_map, ex1l, ex1m, elem, exit)   ]
15:00:32.487 [info] Emitting Completions: [3:enablement_list(f, m) 3:enablement_map(mapa, m) 3:ex1l() 3:ex1m() 3:elem(tuple, index) 3:exit(reason) ]
15:00:32.488 [debug] handled request client -> server textDocument/completion in 155ms
15:00:32.492 [debug] sent notification server -> client textDocument/publishDiagnostics
15:00:32.547 [debug] handled notification client -> server textDocument/didChange in 1ms
15:00:32.595 [info] Completion for XpPos<<102, 4>>
15:00:32.612 [debug] Node port message: 
15:00:32.610 [info] Plugins found 0 results in 0.012 ms

15:00:32.613 [debug] sent notification server -> client textDocument/publishDiagnostics
15:00:32.692 [info] Local completions are: []
15:00:32.693 [info] Emitting Completions: []
15:00:32.693 [debug] handled request client -> server textDocument/completion in 145ms
15:00:32.771 [debug] handled notification client -> server textDocument/didChange in 1ms
15:00:32.824 [debug] Node port message: 
15:00:32.823 [info] Plugins found 0 results in 0.012 ms

15:00:32.830 [debug] sent notification server -> client textDocument/publishDiagnostics
15:00:32.935 [debug] handled notification client -> server textDocument/didChange in 14ms
15:00:32.999 [debug] sent notification server -> client textDocument/publishDiagnostics
15:00:32.999 [debug] Node port message: 
15:00:32.999 [info] Plugins found 0 results in 0.018 ms

15:00:33.802 [debug] handled notification client -> server textDocument/didSave in 906µs
15:00:33.853 [debug] Node port message: 
15:00:33.853 [info] Building petri

15:00:33.853 [debug] sent request server -> client window/workDoneProgress/create
15:00:33.854 [debug] Node port message: 
15:00:33.853 [debug] sent request server -> client window/workDoneProgress/create

15:00:33.854 [debug] sent notification server -> client $/progress
15:00:33.854 [debug] Node port message: 
15:00:33.854 [debug] sent notification server -> client $/progress

15:00:33.855 [debug] sent notification server -> client $/progress
15:00:33.855 [debug] Node port message: 
15:00:33.855 [debug] sent notification server -> client $/progress

15:00:33.867 [debug] Node port message: Compiling 1 file (.ex)

15:00:33.876 [debug] Node port message: 
== Compilation error in file lib/petri.ex ==
** (ArgumentError) cannot invoke def/2 inside function/macro
    (elixir 1.18.3) lib/kernel.ex:6833: Kernel.assert_no_function_scope/3
    (elixir 1.18.3) lib/kernel.ex:5309: Kernel.define/4
    (elixir 1.18.3) expanding macro: Kernel.def/2
    (petri 0.1.0) lib/petri.ex:64: Petri.fire/3

15:00:33.877 [debug] sent notification server -> client $/progress
15:00:33.877 [info] Compiled petri in 24 ms
15:00:33.877 [debug] sent notification server -> client textDocument/publishDiagnostics
15:00:33.878 [debug] Node port message: 
15:00:33.877 [info] Plugins found 0 results in 0.011 ms

15:00:33.877 [debug] sent notification server -> client $/progress

15:00:41.497 [debug] handled notification client -> server textDocument/didChange in 1ms
15:00:41.556 [debug] Node port message: 
15:00:41.556 [info] Plugins found 0 results in 0.014 ms

15:00:41.558 [debug] sent notification server -> client textDocument/publishDiagnostics
15:00:43.405 [debug] handled notification client -> server textDocument/didChange in 1ms
15:00:43.464 [debug] Node port message: 
15:00:43.463 [info] Plugins found 0 results in 0.009 ms

15:00:43.477 [debug] sent notification server -> client textDocument/publishDiagnostics
15:00:44.675 [debug] handled notification client -> server textDocument/didChange in 1ms
15:00:44.736 [debug] Node port message: 
15:00:44.736 [info] Plugins found 0 results in 0.012 ms

15:00:44.738 [debug] sent notification server -> client textDocument/publishDiagnostics
15:00:45.500 [debug] handled notification client -> server textDocument/didChange in 1ms
15:00:45.559 [debug] Node port message: 
15:00:45.558 [info] Plugins found 0 results in 0.01 ms

15:00:45.565 [debug] sent notification server -> client textDocument/publishDiagnostics
15:00:46.986 [debug] handled notification client -> server textDocument/didChange in 2ms
15:00:47.045 [debug] Node port message: 
15:00:47.045 [info] Plugins found 0 results in 0.014 ms

15:00:47.046 [debug] sent notification server -> client textDocument/publishDiagnostics
15:00:49.337 [debug] handled notification client -> server textDocument/didChange in 1ms
15:00:49.422 [debug] Node port message: 
15:00:49.420 [info] Plugins found 0 results in 0.011 ms

15:00:49.424 [debug] sent notification server -> client textDocument/publishDiagnostics
15:00:53.986 [debug] handled notification client -> server textDocument/didChange in 1ms
15:00:54.045 [debug] Node port message: 
15:00:54.044 [info] Plugins found 0 results in 0.011 ms

15:00:54.047 [debug] sent notification server -> client textDocument/publishDiagnostics
15:00:55.093 [debug] handled notification client -> server textDocument/didChange in 1ms
15:00:55.142 [info] Emitting Completions: []
15:00:55.142 [debug] handled request client -> server textDocument/completion in 49ms
15:00:55.155 [debug] sent notification server -> client textDocument/publishDiagnostics
15:00:55.155 [debug] Node port message: 
15:00:55.155 [info] Plugins found 0 results in 0.012 ms

15:00:55.309 [debug] handled notification client -> server textDocument/didChange in 2ms
15:00:55.370 [debug] sent notification server -> client textDocument/publishDiagnostics
15:00:55.370 [debug] Node port message: 
15:00:55.370 [info] Plugins found 0 results in 0.014 ms

15:00:55.385 [info] Emitting Completions: []
15:00:55.386 [debug] handled request client -> server textDocument/completion in 75ms
15:00:55.572 [debug] handled notification client -> server textDocument/didChange in 1ms
15:00:55.642 [info] Emitting Completions: []
15:00:55.643 [debug] handled request client -> server textDocument/completion in 70ms
15:00:55.646 [debug] Node port message: 
15:00:55.646 [info] Plugins found 0 results in 0.016 ms

15:00:55.647 [debug] sent notification server -> client textDocument/publishDiagnostics
15:00:56.052 [debug] handled notification client -> server textDocument/didChange in 1ms
15:00:56.120 [debug] sent notification server -> client textDocument/publishDiagnostics
15:00:56.121 [debug] Node port message: 
15:00:56.120 [info] Plugins found 0 results in 0.015 ms

15:00:56.158 [info] Emitting Completions: []
15:00:56.158 [debug] handled request client -> server textDocument/completion in 106ms
15:00:56.164 [debug] handled notification client -> server textDocument/didChange in 2ms
15:00:56.214 [debug] handled notification client -> server textDocument/didChange in 2ms
15:00:56.260 [info] Emitting Completions: []
15:00:56.260 [debug] handled request client -> server textDocument/completion in 95ms
15:00:56.285 [debug] Node port message: 
15:00:56.282 [info] Plugins found 0 results in 0.014 ms

15:00:56.289 [debug] sent notification server -> client textDocument/publishDiagnostics
15:00:56.335 [debug] handled notification client -> server textDocument/didChange in 2ms
15:00:56.360 [info] Emitting Completions: []
15:00:56.360 [debug] handled request client -> server textDocument/completion in 99ms
15:00:56.366 [debug] handled notification client -> server textDocument/didChange in 2ms
15:00:56.432 [debug] sent notification server -> client textDocument/publishDiagnostics
15:00:56.433 [debug] Node port message: 
15:00:56.432 [info] Plugins found 0 results in 0.014 ms

15:00:56.455 [info] Emitting Completions: []
15:00:56.456 [debug] handled request client -> server textDocument/completion in 89ms
15:00:56.532 [debug] handled notification client -> server textDocument/didChange in 1ms
15:00:56.597 [debug] Node port message: 
15:00:56.596 [info] Plugins found 0 results in 0.014 ms

15:00:56.597 [debug] sent notification server -> client textDocument/publishDiagnostics
15:00:56.634 [info] Emitting Completions: []
15:00:56.635 [debug] handled request client -> server textDocument/completion in 103ms
15:00:59.288 [debug] handled notification client -> server textDocument/didChange in 1ms
15:00:59.353 [debug] Node port message: 
15:00:59.353 [info] Plugins found 0 results in 0.012 ms

15:00:59.354 [debug] sent notification server -> client textDocument/publishDiagnostics
15:00:59.365 [info] Emitting Completions: []
15:00:59.365 [debug] handled request client -> server textDocument/completion in 77ms
15:00:59.639 [debug] handled notification client -> server textDocument/didChange in 5ms
15:00:59.717 [debug] sent notification server -> client textDocument/publishDiagnostics
15:00:59.718 [debug] Node port message: 
15:00:59.717 [info] Plugins found 0 results in 0.013 ms

15:00:59.803 [info] Emitting Completions: []
15:00:59.803 [debug] handled request client -> server textDocument/completion in 164ms
15:00:59.816 [debug] handled notification client -> server textDocument/didChange in 2ms
15:00:59.877 [debug] sent notification server -> client textDocument/publishDiagnostics
15:00:59.878 [debug] Node port message: 
15:00:59.877 [info] Plugins found 0 results in 0.011 ms

15:01:00.250 [debug] handled notification client -> server textDocument/didChange in 1ms
15:01:00.309 [debug] Node port message: 
15:01:00.309 [info] Plugins found 0 results in 0.012 ms

15:01:00.310 [debug] sent notification server -> client textDocument/publishDiagnostics
15:01:01.234 [debug] handled notification client -> server textDocument/didSave in 1ms
15:01:01.285 [debug] sent request server -> client window/workDoneProgress/create
15:01:01.286 [debug] Node port message: 
15:01:01.285 [info] Building petri

15:01:01.286 [debug] Node port message: 
15:01:01.285 [debug] sent request server -> client window/workDoneProgress/create

15:01:01.286 [debug] sent notification server -> client $/progress
15:01:01.287 [debug] sent notification server -> client $/progress
15:01:01.289 [debug] Node port message: 
15:01:01.286 [debug] sent notification server -> client $/progress

15:01:01.287 [debug] sent notification server -> client $/progress

15:01:01.300 [debug] Node port message: Compiling 1 file (.ex)

15:01:01.308 [debug] Node port message: 
== Compilation error in file lib/petri.ex ==
** (ArgumentError) cannot invoke def/2 inside function/macro
    (elixir 1.18.3) lib/kernel.ex:6833: Kernel.assert_no_function_scope/3
    (elixir 1.18.3) lib/kernel.ex:5309: Kernel.define/4
    (elixir 1.18.3) expanding macro: Kernel.def/2
    (petri 0.1.0) lib/petri.ex:64: Petri.fire/3

15:01:01.310 [debug] sent notification server -> client $/progress
15:01:01.310 [info] Compiled petri in 24 ms
15:01:01.310 [debug] sent notification server -> client textDocument/publishDiagnostics
15:01:01.310 [debug] Node port message: 
15:01:01.310 [info] Plugins found 0 results in 0.011 ms

15:01:01.310 [debug] sent notification server -> client $/progress

15:01:03.520 [debug] handled notification client -> server textDocument/didChange in 1ms
15:01:03.578 [debug] Node port message: 
15:01:03.578 [info] Plugins found 0 results in 0.011 ms

15:01:03.580 [debug] sent notification server -> client textDocument/publishDiagnostics
15:01:14.583 [debug] handled notification client -> server textDocument/didChange in 2ms
15:01:14.647 [debug] Node port message: 
15:01:14.646 [info] Plugins found 0 results in 0.011 ms

15:01:14.661 [debug] sent notification server -> client textDocument/publishDiagnostics
15:01:16.379 [debug] handled notification client -> server textDocument/didChange in 1ms
15:01:16.438 [debug] Node port message: 
15:01:16.437 [info] Plugins found 0 results in 0.011 ms

15:01:16.439 [debug] sent notification server -> client textDocument/publishDiagnostics
15:01:16.529 [debug] handled notification client -> server textDocument/didChange in 2ms
15:01:16.597 [debug] Node port message: 
15:01:16.596 [info] Plugins found 0 results in 0.015 ms

15:01:16.598 [debug] sent notification server -> client textDocument/publishDiagnostics
15:01:19.778 [debug] handled notification client -> server textDocument/didSave in 1ms
15:01:19.829 [debug] sent request server -> client window/workDoneProgress/create
15:01:19.830 [debug] Node port message: 
15:01:19.829 [info] Building petri

15:01:19.830 [debug] Node port message: 
15:01:19.829 [debug] sent request server -> client window/workDoneProgress/create

15:01:19.831 [debug] sent notification server -> client $/progress
15:01:19.831 [debug] Node port message: 
15:01:19.831 [debug] sent notification server -> client $/progress

15:01:19.831 [debug] sent notification server -> client $/progress
15:01:19.832 [debug] Node port message: 
15:01:19.831 [debug] sent notification server -> client $/progress

15:01:19.844 [debug] Node port message: Compiling 1 file (.ex)

15:01:19.856 [debug] Node port message: 
== Compilation error in file lib/petri.ex ==
** (ArgumentError) cannot invoke def/2 inside function/macro
    (elixir 1.18.3) lib/kernel.ex:6833: Kernel.assert_no_function_scope/3
    (elixir 1.18.3) lib/kernel.ex:5309: Kernel.define/4
    (elixir 1.18.3) expanding macro: Kernel.def/2
    (petri 0.1.0) lib/petri.ex:64: Petri.fire/3

15:01:19.858 [debug] sent notification server -> client $/progress
15:01:19.858 [info] Compiled petri in 29 ms
15:01:19.858 [debug] sent notification server -> client textDocument/publishDiagnostics
15:01:19.858 [debug] Node port message: 
15:01:19.858 [debug] sent notification server -> client $/progress

15:01:19.858 [debug] Node port message: 
15:01:19.858 [info] Plugins found 0 results in 0.014 ms

15:02:26.557 [debug] handled notification client -> server textDocument/didChange in 4ms
15:02:26.612 [debug] Node port message: 
15:02:26.612 [info] Plugins found 0 results in 0.03 ms

15:02:26.634 [debug] sent notification server -> client textDocument/publishDiagnostics
15:02:27.834 [debug] handled notification client -> server textDocument/didChange in 5ms
15:02:27.906 [debug] Node port message: 
15:02:27.905 [info] Plugins found 0 results in 0.036 ms

15:02:27.913 [debug] sent notification server -> client textDocument/publishDiagnostics
15:02:45.025 [debug] handled notification client -> server textDocument/didChange in 5ms
15:02:45.098 [debug] Node port message: 
15:02:45.096 [info] Plugins found 0 results in 0.031 ms

15:02:45.105 [debug] sent notification server -> client textDocument/publishDiagnostics
15:02:45.173 [debug] handled notification client -> server textDocument/didChange in 5ms
15:02:45.245 [debug] sent notification server -> client textDocument/publishDiagnostics
15:02:45.246 [debug] Node port message: 
15:02:45.244 [info] Plugins found 0 results in 0.056 ms

15:02:46.650 [debug] handled notification client -> server textDocument/didChange in 5ms
15:02:46.729 [debug] Node port message: 
15:02:46.726 [info] Plugins found 0 results in 0.025 ms

15:02:46.730 [debug] sent notification server -> client textDocument/publishDiagnostics
15:02:46.798 [debug] handled notification client -> server textDocument/didChange in 4ms
15:02:46.800 [info] Completion for XpPos<<63, 2>>
15:02:46.876 [debug] sent notification server -> client textDocument/publishDiagnostics
15:02:46.877 [debug] Node port message: 
15:02:46.876 [info] Plugins found 0 results in 0.028 ms

15:02:46.959 [debug] handled notification client -> server textDocument/didChange in 6ms
15:02:46.969 [debug] handled notification client -> server $/cancelRequest in 9ms
15:02:47.012 [debug] sent notification server -> client textDocument/publishDiagnostics
15:02:47.013 [debug] Node port message: 
15:02:47.012 [info] Plugins found 0 results in 0.016 ms

15:02:47.045 [info] Completion for XpPos<<63, 6>>
15:02:47.143 [info] Local completions are: []
15:02:47.144 [info] Emitting Completions: []
15:02:47.145 [debug] handled request client -> server textDocument/completion in 175ms
15:02:48.974 [debug] handled notification client -> server textDocument/didChange in 4ms
15:02:49.029 [debug] Node port message: 
15:02:49.029 [info] Plugins found 0 results in 0.026 ms

15:02:49.049 [debug] sent notification server -> client textDocument/publishDiagnostics
15:02:49.122 [debug] handled notification client -> server textDocument/didChange in 4ms
15:02:49.178 [debug] Node port message: 
15:02:49.177 [info] Plugins found 0 results in 0.04 ms

15:02:49.197 [debug] sent notification server -> client textDocument/publishDiagnostics
15:02:50.270 [debug] handled notification client -> server textDocument/didChange in 4ms
15:02:50.324 [debug] Node port message: 
15:02:50.324 [info] Plugins found 0 results in 0.028 ms

15:02:50.345 [debug] sent notification server -> client textDocument/publishDiagnostics
15:02:50.411 [debug] handled notification client -> server textDocument/didChange in 4ms
15:02:50.468 [debug] Node port message: 
15:02:50.466 [info] Plugins found 0 results in 0.035 ms

15:02:50.487 [debug] sent notification server -> client textDocument/publishDiagnostics
15:02:51.628 [debug] handled notification client -> server textDocument/didChange in 5ms
15:02:51.682 [debug] Node port message: 
15:02:51.681 [info] Plugins found 0 results in 0.026 ms

15:02:51.702 [debug] sent notification server -> client textDocument/publishDiagnostics
15:02:52.692 [debug] handled notification client -> server textDocument/didChange in 4ms
15:02:52.748 [debug] Node port message: 
15:02:52.747 [info] Plugins found 0 results in 0.035 ms

15:02:52.770 [debug] sent notification server -> client textDocument/publishDiagnostics
15:02:54.543 [debug] handled notification client -> server textDocument/didChange in 1ms
15:02:54.597 [debug] Node port message: 
15:02:54.596 [info] Plugins found 0 results in 0.016 ms

15:02:54.605 [debug] sent notification server -> client textDocument/publishDiagnostics
15:02:54.940 [debug] handled notification client -> server textDocument/didChange in 4ms
15:02:55.130 [debug] sent notification server -> client textDocument/publishDiagnostics
15:02:55.131 [debug] Node port message: 
15:02:55.130 [info] Plugins found 0 results in 0.032 ms

15:02:55.817 [debug] handled notification client -> server textDocument/didSave in 3ms
15:02:55.870 [debug] sent request server -> client window/workDoneProgress/create
15:02:55.871 [debug] Node port message: 
15:02:55.869 [info] Building petri

15:02:55.871 [debug] Node port message: 
15:02:55.870 [debug] sent request server -> client window/workDoneProgress/create

15:02:55.872 [debug] sent notification server -> client $/progress
15:02:55.873 [debug] sent notification server -> client $/progress
15:02:55.874 [debug] Node port message: 
15:02:55.872 [debug] sent notification server -> client $/progress

15:02:55.874 [debug] Node port message: 
15:02:55.873 [debug] sent notification server -> client $/progress

15:02:55.901 [debug] Node port message: Compiling 1 file (.ex)

15:02:55.997 [debug] sent notification server -> client $/progress
15:02:55.998 [debug] Node port message: 
15:02:55.997 [debug] sent notification server -> client $/progress

15:02:56.005 [debug] Node port message: Generated petri app

15:02:56.006 [debug] Node port message: 
15:02:56.006 [info] Compile completed with status ok Produced 0 diagnostics []

15:02:56.006 [debug] sent notification server -> client $/progress
15:02:56.007 [debug] Node port message: 
15:02:56.006 [debug] sent notification server -> client $/progress

15:02:56.007 [info] Compiled petri in 138 ms
15:02:56.007 [debug] sent notification server -> client textDocument/publishDiagnostics
15:02:56.007 [debug] Node port message: 
15:02:56.007 [info] Plugins found 0 results in 0.011 ms

15:02:57.984 [debug] handled notification client -> server textDocument/didChange in 2ms
15:02:58.037 [debug] Node port message: 
15:02:58.036 [info] Plugins found 0 results in 0.011 ms

15:02:58.043 [debug] sent notification server -> client textDocument/publishDiagnostics
15:02:59.036 [debug] handled notification client -> server textDocument/didChange in 1ms
15:02:59.157 [debug] sent notification server -> client textDocument/publishDiagnostics
15:02:59.157 [debug] Node port message: 
15:02:59.157 [info] Plugins found 0 results in 0.016 ms

15:03:00.383 [debug] handled notification client -> server textDocument/didSave in 1ms
15:03:00.434 [debug] Node port message: 
15:03:00.434 [info] Building petri

15:03:00.434 [debug] sent request server -> client window/workDoneProgress/create
15:03:00.435 [debug] Node port message: 
15:03:00.434 [debug] sent request server -> client window/workDoneProgress/create

15:03:00.435 [debug] sent notification server -> client $/progress
15:03:00.436 [debug] Node port message: 
15:03:00.435 [debug] sent notification server -> client $/progress

15:03:00.436 [debug] sent notification server -> client $/progress
15:03:00.437 [debug] Node port message: 
15:03:00.436 [debug] sent notification server -> client $/progress

15:03:00.447 [debug] Node port message: 
15:03:00.447 [info] Compile completed with status noop Produced 0 diagnostics []

15:03:00.447 [debug] sent notification server -> client $/progress
15:03:00.448 [info] Compiled petri in 13 ms
15:03:00.448 [debug] sent notification server -> client textDocument/publishDiagnostics
15:03:00.448 [debug] Node port message: 
15:03:00.447 [info] Plugins found 0 results in 0.013 ms

15:03:00.450 [debug] Node port message: 
15:03:00.447 [debug] sent notification server -> client $/progress

15:05:46.627 [debug] handled notification client -> server textDocument/didSave in 2ms
15:05:46.680 [debug] Node port message: 
15:05:46.679 [info] Building petri

15:05:46.680 [debug] sent request server -> client window/workDoneProgress/create
15:05:46.682 [debug] Node port message: 
15:05:46.680 [debug] sent request server -> client window/workDoneProgress/create

15:05:46.683 [debug] sent notification server -> client $/progress
15:05:46.685 [debug] sent notification server -> client $/progress
15:05:46.685 [debug] Node port message: 
15:05:46.683 [debug] sent notification server -> client $/progress

15:05:46.686 [debug] Node port message: 
15:05:46.685 [debug] sent notification server -> client $/progress

15:05:46.707 [debug] sent notification server -> client $/progress
15:05:46.708 [debug] Node port message: 
15:05:46.706 [info] Compile completed with status noop Produced 0 diagnostics []

15:05:46.709 [info] Compiled petri in 29 ms
15:05:46.710 [debug] sent notification server -> client textDocument/publishDiagnostics
15:05:46.710 [debug] Node port message: 
15:05:46.708 [info] Plugins found 0 results in 0.034 ms

15:05:46.707 [debug] sent notification server -> client $/progress

15:06:04.239 [debug] handled notification client -> server textDocument/didSave in 2ms
15:06:04.292 [debug] Node port message: 
15:06:04.291 [info] Building petri

15:06:04.292 [debug] sent request server -> client window/workDoneProgress/create
15:06:04.294 [debug] Node port message: 
15:06:04.292 [debug] sent request server -> client window/workDoneProgress/create

15:06:04.295 [debug] sent notification server -> client $/progress
15:06:04.296 [debug] sent notification server -> client $/progress
15:06:04.297 [debug] Node port message: 
15:06:04.295 [debug] sent notification server -> client $/progress

15:06:04.296 [debug] sent notification server -> client $/progress

15:06:04.321 [debug] Node port message: 
15:06:04.320 [info] Compile completed with status noop Produced 0 diagnostics []

15:06:04.322 [debug] sent notification server -> client $/progress
15:06:04.323 [debug] Node port message: 
15:06:04.322 [info] Plugins found 0 results in 0.029 ms

15:06:04.322 [debug] sent notification server -> client $/progress

15:06:04.323 [info] Compiled petri in 31 ms
15:06:04.323 [debug] sent notification server -> client textDocument/publishDiagnostics
15:11:36.021 [debug] handled notification client -> server textDocument/didSave in 1ms
15:11:36.072 [debug] Node port message: 
15:11:36.072 [info] Building petri

15:11:36.073 [debug] sent request server -> client window/workDoneProgress/create
15:11:36.073 [debug] Node port message: 
15:11:36.073 [debug] sent request server -> client window/workDoneProgress/create

15:11:36.073 [debug] sent notification server -> client $/progress
15:11:36.074 [debug] sent notification server -> client $/progress
15:11:36.074 [debug] Node port message: 
15:11:36.073 [debug] sent notification server -> client $/progress

15:11:36.074 [debug] Node port message: 
15:11:36.074 [debug] sent notification server -> client $/progress

15:11:36.084 [debug] Node port message: 
15:11:36.084 [info] Compile completed with status noop Produced 0 diagnostics []

15:11:36.084 [debug] sent notification server -> client $/progress
15:11:36.085 [debug] Node port message: 
15:11:36.084 [info] Plugins found 0 results in 0.014 ms

15:11:36.084 [debug] sent notification server -> client $/progress

15:11:36.085 [info] Compiled petri in 12 ms
15:11:36.085 [debug] sent notification server -> client textDocument/publishDiagnostics
15:22:05.375 [debug] handled notification client -> server textDocument/didSave in 2ms
15:22:05.427 [debug] sent request server -> client window/workDoneProgress/create
15:22:05.428 [debug] Node port message: 
15:22:05.426 [info] Building petri

15:22:05.428 [debug] Node port message: 
15:22:05.427 [debug] sent request server -> client window/workDoneProgress/create

15:22:05.429 [debug] sent notification server -> client $/progress
15:22:05.431 [debug] sent notification server -> client $/progress
15:22:05.431 [debug] Node port message: 
15:22:05.429 [debug] sent notification server -> client $/progress

15:22:05.432 [debug] Node port message: 
15:22:05.431 [debug] sent notification server -> client $/progress

15:22:05.458 [debug] sent notification server -> client $/progress
15:22:05.459 [debug] Node port message: 
15:22:05.457 [info] Compile completed with status noop Produced 0 diagnostics []

15:22:05.459 [info] Compiled petri in 32 ms
15:22:05.459 [debug] sent notification server -> client textDocument/publishDiagnostics
15:22:05.460 [debug] Node port message: 
15:22:05.458 [info] Plugins found 0 results in 0.032 ms

15:22:05.460 [debug] Node port message: 
15:22:05.458 [debug] sent notification server -> client $/progress

15:22:05.678 [debug] sent notification server -> client window/logMessage
15:22:05.678 [info] Shutting down
15:22:05.678 [debug] handled request client -> server shutdown in 6ms
